CREATE DATABASE  IF NOT EXISTS `security` /*!40100 DEFAULT CHARACTER SET latin1 */ /*!80016 DEFAULT ENCRYPTION='N' */;
USE `security`;
-- MySQL dump 10.13  Distrib 8.0.34, for Win64 (x86_64)
--
-- Host: localhost    Database: security
-- ------------------------------------------------------
-- Server version	8.1.0

/*!40101 SET @OLD_CHARACTER_SET_CLIENT=@@CHARACTER_SET_CLIENT */;
/*!40101 SET @OLD_CHARACTER_SET_RESULTS=@@CHARACTER_SET_RESULTS */;
/*!40101 SET @OLD_COLLATION_CONNECTION=@@COLLATION_CONNECTION */;
/*!50503 SET NAMES utf8 */;
/*!40103 SET @OLD_TIME_ZONE=@@TIME_ZONE */;
/*!40103 SET TIME_ZONE='+00:00' */;
/*!40014 SET @OLD_UNIQUE_CHECKS=@@UNIQUE_CHECKS, UNIQUE_CHECKS=0 */;
/*!40014 SET @OLD_FOREIGN_KEY_CHECKS=@@FOREIGN_KEY_CHECKS, FOREIGN_KEY_CHECKS=0 */;
/*!40101 SET @OLD_SQL_MODE=@@SQL_MODE, SQL_MODE='NO_AUTO_VALUE_ON_ZERO' */;
/*!40111 SET @OLD_SQL_NOTES=@@SQL_NOTES, SQL_NOTES=0 */;

--
-- Table structure for table `module`
--

DROP TABLE IF EXISTS `module`;
/*!40101 SET @saved_cs_client     = @@character_set_client */;
/*!50503 SET character_set_client = utf8mb4 */;
CREATE TABLE `module` (
  `id` int NOT NULL AUTO_INCREMENT,
  `name` varchar(45) DEFAULT NULL,
  `description` varchar(100) DEFAULT NULL,
  `enabled` varchar(3) DEFAULT NULL,
  `dateCreated` datetime DEFAULT NULL,
  `dateUpdated` datetime DEFAULT NULL,
  `createdBy` varchar(45) DEFAULT NULL,
  `updatedBy` varchar(45) DEFAULT NULL,
  `version` int DEFAULT NULL,
  `author` varchar(255) DEFAULT NULL,
  `moduleVersion` varchar(20) DEFAULT NULL,
  PRIMARY KEY (`id`)
) ENGINE=InnoDB AUTO_INCREMENT=35 DEFAULT CHARSET=utf8mb3;
/*!40101 SET character_set_client = @saved_cs_client */;

--
-- Dumping data for table `module`
--

LOCK TABLES `module` WRITE;
/*!40000 ALTER TABLE `module` DISABLE KEYS */;
INSERT INTO `module` VALUES (1,'SECURITY','Security Application','Y',NULL,'2017-09-29 11:55:26',NULL,NULL,82,'Ecallac','1.0.0.0'),(34,'INTERNAL','Sistema interno','Y','2017-09-29 12:43:52','2021-10-19 21:05:56',NULL,'ecalla',20,'Efrain','1.0.0.0');
/*!40000 ALTER TABLE `module` ENABLE KEYS */;
UNLOCK TABLES;

--
-- Table structure for table `permission`
--

DROP TABLE IF EXISTS `permission`;
/*!40101 SET @saved_cs_client     = @@character_set_client */;
/*!50503 SET character_set_client = utf8mb4 */;
CREATE TABLE `permission` (
  `id` int NOT NULL AUTO_INCREMENT,
  `module_id` int NOT NULL,
  `name` varchar(100) DEFAULT NULL,
  `description` varchar(255) DEFAULT NULL,
  `path` varchar(100) DEFAULT NULL,
  `enabled` varchar(3) DEFAULT NULL,
  `dateCreated` datetime DEFAULT NULL,
  `dateUpdated` datetime DEFAULT NULL,
  `createdBy` varchar(45) DEFAULT NULL,
  `updatedBy` varchar(45) DEFAULT NULL,
  `version` int DEFAULT NULL,
  `parent_permission_id` int DEFAULT NULL,
  `type` varchar(45) DEFAULT NULL,
  PRIMARY KEY (`id`),
  KEY `fk_permission_module_idx` (`module_id`),
  KEY `fk_permission_permission1_idx` (`parent_permission_id`),
  CONSTRAINT `fk_permission_module` FOREIGN KEY (`module_id`) REFERENCES `module` (`id`),
  CONSTRAINT `fk_permission_permission1` FOREIGN KEY (`parent_permission_id`) REFERENCES `permission` (`id`)
) ENGINE=InnoDB AUTO_INCREMENT=27 DEFAULT CHARSET=utf8mb3;
/*!40101 SET character_set_client = @saved_cs_client */;

--
-- Dumping data for table `permission`
--

LOCK TABLES `permission` WRITE;
/*!40000 ALTER TABLE `permission` DISABLE KEYS */;
INSERT INTO `permission` VALUES (1,1,'root','Root','/','Y','2017-05-14 22:51:47','2018-05-17 11:08:39',NULL,NULL,4,NULL,'P_COMPONENT'),(2,1,'home','Home','/home','Y','2017-05-14 22:51:52','2021-10-25 10:19:34',NULL,'ecalla',8,1,'P_COMPONENT'),(3,1,'module','Module Management','/module','Y','2017-05-14 22:51:52','2021-10-25 10:19:45',NULL,'ecalla',7,1,'P_COMPONENT'),(4,1,'permission','Permission Management','/permission','Y','2017-05-14 22:51:52','2021-10-25 10:19:51',NULL,'ecalla',7,1,'P_COMPONENT'),(5,34,'ajustes','Ajustes','/ajustes','Y','2017-05-14 22:51:52','2021-10-26 02:41:01',NULL,'ecalla',17,9,'P_COMPONENT'),(6,1,'role','Role Management','/role','Y','2017-05-14 22:51:53','2021-10-25 10:20:20',NULL,'ecalla',7,1,'P_COMPONENT'),(7,1,'user','User Management','/user','Y','2017-05-14 22:51:53','2021-10-25 10:20:09',NULL,'ecalla',7,1,'P_COMPONENT'),(8,34,'compras','Compras','/compras','Y','2017-05-14 22:51:53','2021-10-26 02:41:12',NULL,'ecalla',20,9,'P_COMPONENT'),(9,34,'root','Root','/','Y','2018-07-10 10:53:28','2018-07-10 10:53:28','ecalla',NULL,0,NULL,'P_COMPONENT'),(10,34,'tablero','Tablero','/home','Y','2018-07-10 10:54:02','2021-11-09 09:36:21','ecalla','ecalla',3,9,'P_COMPONENT'),(11,34,'recursoshumanos','Recursos Humanos','/recursosHuamnos','Y','2018-07-10 10:55:22','2023-07-26 23:50:35','ecalla','ecalla',4,9,'P_COMPONENT'),(12,34,'ventas','Ventas','/ventas','Y','2021-10-26 02:37:46','2021-10-26 02:43:48','ecalla','ecalla',2,9,'P_COMPONENT'),(13,34,'puntodeventa','Punto de venta','/puntoDeVenta','Y','2021-10-26 02:42:24','2023-07-26 23:51:24','ecalla','ecalla',2,9,'P_COMPONENT'),(14,34,'contable','Contable','/contable','Y','2021-10-26 02:42:55','2021-10-26 02:43:49','ecalla','ecalla',1,9,'P_COMPONENT'),(15,34,'Mi Perfil','Perfil de Usuario','/profile','Y','2021-11-09 11:31:22',NULL,'ecalla',NULL,0,NULL,'P_COMPONENT'),(16,34,'tipobase','Tipo Base','/tipoBase','Y','2023-07-26 23:23:33','2023-07-26 23:41:09','ecalla','ecalla',1,5,'P_COMPONENT'),(17,34,'area','Area','/area','Y','2023-07-26 23:34:31','2023-07-26 23:37:50','ecalla','ecalla',1,11,'P_COMPONENT'),(18,34,'componente','Componente','/componente','Y','2023-07-26 23:35:39',NULL,'ecalla',NULL,0,12,'P_COMPONENT'),(19,34,'cargo','Cargo','/cargo','Y','2023-07-26 23:38:29',NULL,'ecalla',NULL,0,11,'P_COMPONENT'),(20,34,'marca','Marca','/marca','Y','2023-07-26 23:40:42',NULL,'ecalla',NULL,0,12,'P_COMPONENT'),(21,34,'regla','Regla','/regla','Y','2023-07-26 23:43:27',NULL,'ecalla',NULL,0,5,'P_COMPONENT'),(22,34,'sucursal','Sucursal','/sucursal','Y','2023-07-26 23:45:27',NULL,'ecalla',NULL,0,11,'P_COMPONENT'),(23,34,'persona','Persona','/persona','Y','2023-10-03 22:13:48',NULL,'ecalla',NULL,0,11,'P_COMPONENT'),(24,34,'organizacion','Organizacion','/organizacion','Y','2023-10-03 22:14:48',NULL,'ecalla',NULL,0,11,'P_COMPONENT'),(25,34,'categoria','Categoria','/categoria','Y','2023-11-09 04:25:25',NULL,'ecalla',NULL,0,12,'P_COMPONENT'),(26,34,'empleado','Empleado','/empleado','Y','2023-11-09 04:45:33',NULL,'ecalla',NULL,0,11,'P_COMPONENT');
/*!40000 ALTER TABLE `permission` ENABLE KEYS */;
UNLOCK TABLES;

--
-- Table structure for table `role`
--

DROP TABLE IF EXISTS `role`;
/*!40101 SET @saved_cs_client     = @@character_set_client */;
/*!50503 SET character_set_client = utf8mb4 */;
CREATE TABLE `role` (
  `id` int NOT NULL AUTO_INCREMENT,
  `name` varchar(100) DEFAULT NULL,
  `description` varchar(255) DEFAULT NULL,
  `enabled` varchar(3) DEFAULT NULL,
  `dateCreated` datetime DEFAULT NULL,
  `dateUpdated` datetime DEFAULT NULL,
  `createdBy` varchar(45) DEFAULT NULL,
  `updatedBy` varchar(45) DEFAULT NULL,
  `version` int DEFAULT NULL,
  PRIMARY KEY (`id`)
) ENGINE=InnoDB AUTO_INCREMENT=2 DEFAULT CHARSET=utf8mb3;
/*!40101 SET character_set_client = @saved_cs_client */;

--
-- Dumping data for table `role`
--

LOCK TABLES `role` WRITE;
/*!40000 ALTER TABLE `role` DISABLE KEYS */;
INSERT INTO `role` VALUES (1,'ADMIN','Administrador','Y','2017-05-14 22:38:07','2021-10-19 21:13:59',NULL,'ecalla',16);
/*!40000 ALTER TABLE `role` ENABLE KEYS */;
UNLOCK TABLES;

--
-- Table structure for table `rolepermission`
--

DROP TABLE IF EXISTS `rolepermission`;
/*!40101 SET @saved_cs_client     = @@character_set_client */;
/*!50503 SET character_set_client = utf8mb4 */;
CREATE TABLE `rolepermission` (
  `role_id` int NOT NULL,
  `permission_id` int NOT NULL,
  PRIMARY KEY (`role_id`,`permission_id`),
  KEY `fk_role_has_permission_permission1_idx` (`permission_id`),
  KEY `fk_role_has_permission_role1_idx` (`role_id`),
  CONSTRAINT `fk_role_has_permission_permission1` FOREIGN KEY (`permission_id`) REFERENCES `permission` (`id`),
  CONSTRAINT `fk_role_has_permission_role1` FOREIGN KEY (`role_id`) REFERENCES `role` (`id`)
) ENGINE=InnoDB DEFAULT CHARSET=utf8mb3;
/*!40101 SET character_set_client = @saved_cs_client */;

--
-- Dumping data for table `rolepermission`
--

LOCK TABLES `rolepermission` WRITE;
/*!40000 ALTER TABLE `rolepermission` DISABLE KEYS */;
INSERT INTO `rolepermission` VALUES (1,1),(1,2),(1,3),(1,4),(1,5),(1,6),(1,7),(1,8),(1,9),(1,10),(1,11),(1,12),(1,13),(1,14),(1,15),(1,16),(1,17),(1,18),(1,19),(1,20),(1,21),(1,22),(1,23),(1,24),(1,25);
/*!40000 ALTER TABLE `rolepermission` ENABLE KEYS */;
UNLOCK TABLES;

--
-- Temporary view structure for view `rolepermissionview`
--

DROP TABLE IF EXISTS `rolepermissionview`;
/*!50001 DROP VIEW IF EXISTS `rolepermissionview`*/;
SET @saved_cs_client     = @@character_set_client;
/*!50503 SET character_set_client = utf8mb4 */;
/*!50001 CREATE VIEW `rolepermissionview` AS SELECT 
 1 AS `module_id`,
 1 AS `permission_name`,
 1 AS `permission_description`,
 1 AS `path`,
 1 AS `permission_enabled`,
 1 AS `parent_permission_id`,
 1 AS `permission_id`,
 1 AS `role_id`,
 1 AS `role_name`,
 1 AS `role_description`,
 1 AS `role_enabled`*/;
SET character_set_client = @saved_cs_client;

--
-- Table structure for table `roleuser`
--

DROP TABLE IF EXISTS `roleuser`;
/*!40101 SET @saved_cs_client     = @@character_set_client */;
/*!50503 SET character_set_client = utf8mb4 */;
CREATE TABLE `roleuser` (
  `role_id` int NOT NULL,
  `user_id` int NOT NULL,
  PRIMARY KEY (`role_id`,`user_id`),
  KEY `fk_role_has_user_user1_idx` (`user_id`),
  KEY `fk_role_has_user_role1_idx` (`role_id`),
  CONSTRAINT `fk_role_has_user_role1` FOREIGN KEY (`role_id`) REFERENCES `role` (`id`),
  CONSTRAINT `fk_role_has_user_user1` FOREIGN KEY (`user_id`) REFERENCES `user` (`id`)
) ENGINE=InnoDB DEFAULT CHARSET=utf8mb3;
/*!40101 SET character_set_client = @saved_cs_client */;

--
-- Dumping data for table `roleuser`
--

LOCK TABLES `roleuser` WRITE;
/*!40000 ALTER TABLE `roleuser` DISABLE KEYS */;
INSERT INTO `roleuser` VALUES (1,1);
/*!40000 ALTER TABLE `roleuser` ENABLE KEYS */;
UNLOCK TABLES;

--
-- Temporary view structure for view `roleuserview`
--

DROP TABLE IF EXISTS `roleuserview`;
/*!50001 DROP VIEW IF EXISTS `roleuserview`*/;
SET @saved_cs_client     = @@character_set_client;
/*!50503 SET character_set_client = utf8mb4 */;
/*!50001 CREATE VIEW `roleuserview` AS SELECT 
 1 AS `name`,
 1 AS `description`,
 1 AS `role_enabled`,
 1 AS `role_id`,
 1 AS `user_id`,
 1 AS `username`,
 1 AS `password`,
 1 AS `user_status`,
 1 AS `entidadrole_id`,
 1 AS `question`,
 1 AS `answer`,
 1 AS `activationdate`,
 1 AS `inactivationdate`*/;
SET character_set_client = @saved_cs_client;

--
-- Table structure for table `session`
--

DROP TABLE IF EXISTS `session`;
/*!40101 SET @saved_cs_client     = @@character_set_client */;
/*!50503 SET character_set_client = utf8mb4 */;
CREATE TABLE `session` (
  `id` int NOT NULL AUTO_INCREMENT,
  `user_id` int NOT NULL,
  `loginDate` datetime DEFAULT NULL,
  `logoutDate` datetime DEFAULT NULL,
  `sessionKey` varchar(255) DEFAULT NULL,
  `hostAddress` varchar(45) DEFAULT NULL,
  `module_id` int DEFAULT NULL,
  PRIMARY KEY (`id`),
  KEY `fk_session_user1_idx` (`user_id`),
  CONSTRAINT `fk_session_user1` FOREIGN KEY (`user_id`) REFERENCES `user` (`id`)
) ENGINE=InnoDB AUTO_INCREMENT=350 DEFAULT CHARSET=utf8mb3;
/*!40101 SET character_set_client = @saved_cs_client */;

--
-- Dumping data for table `session`
--

LOCK TABLES `session` WRITE;
/*!40000 ALTER TABLE `session` DISABLE KEYS */;
INSERT INTO `session` VALUES (1,1,'2021-10-25 16:04:59',NULL,'C4EB890F90C57D22B1C437F22333B06F','181.65.35.194',1),(2,1,'2021-10-26 01:59:03',NULL,'D7ED0E7659CBD68D5EC704FF520AF543','181.65.35.194',34),(3,1,'2021-10-26 02:02:16',NULL,'C94F07B6A87AB3DE714C19933D30E820','181.65.35.194',1),(4,1,'2021-10-26 02:02:26',NULL,'A9AE6A7230C83B29228471A2E85BEA62','181.65.35.194',34),(5,1,'2021-10-26 02:59:26',NULL,'7D0D0169A36F73C182E79980024B1939','181.65.35.194',1),(6,1,'2021-10-26 02:59:44',NULL,'C7668365171983D78DB209193D71032A','181.65.35.194',34),(7,1,'2021-10-26 03:01:10',NULL,'51C9A3C841C561DCB0924C68B5C9129A','181.65.35.194',34),(8,1,'2021-10-27 23:48:37',NULL,'B1A7084D033D2AD2F90BD4538EE806A3','181.65.35.194',1),(9,1,'2021-10-28 00:52:03',NULL,'53185CCAA1C78C564CF223C4A50B228A','181.65.35.194',1),(10,1,'2021-10-28 13:20:28',NULL,'F5CB1718A7A3ACDF03DEE0FC69A6DEA5','181.65.35.194',1),(11,1,'2021-10-28 13:22:59',NULL,'F0312871FB9D0934D8B2BCBF66D501D4','181.65.35.194',1),(12,1,'2021-11-03 02:55:45',NULL,'0814CF883772722BFF3F7E5C1C5D6F68','181.65.35.194',1),(13,1,'2021-11-03 03:31:37',NULL,'3CC142275BCE3DE51E5A19C23EF749A7','181.65.35.194',1),(14,1,'2021-11-03 03:41:15',NULL,'280621CF9221C957B057ED7473EC654C','181.65.35.194',1),(15,1,'2021-11-03 05:40:00',NULL,'4BEB7EF4B9323880EBC8AC9553FC9396','181.65.35.194',1),(16,1,'2021-11-04 20:25:07',NULL,'9BA8EB0BC2133F9EEEECAC291AFDCB6D','181.65.35.194',34),(17,1,'2021-11-04 20:59:29',NULL,'03156D601A3D7C89DED12BF2B0945492','181.65.35.194',34),(18,1,'2021-11-04 21:06:42',NULL,'05CDB3FFC18BEAB8A017EE3A990E7EBF','181.65.35.194',34),(19,1,'2021-11-04 21:29:02',NULL,'2A9C5AD49C3CE0FB5B19D16B929E0AEE','181.65.35.194',34),(20,1,'2021-11-04 21:34:39',NULL,'9EFC6144C5DA4D64F0496B2B282CA9FE','181.65.35.194',34),(21,1,'2021-11-04 21:35:08',NULL,'8D446749F767AA3A75CC82837884F685','181.65.35.194',34),(22,1,'2021-11-08 09:57:44',NULL,'B0111F3B6D7167A03E8857C183F467CD','181.65.35.194',34),(23,1,'2021-11-08 10:01:00',NULL,'29C50040CC7DAF12E54A78C0545F30A2','181.65.35.194',34),(24,1,'2021-11-08 10:27:49',NULL,'A0D52A87A98C64D4788FCE79FA4FA9CA','181.65.35.194',34),(25,1,'2021-11-08 11:05:19',NULL,'502D8E7DECC3618F42F9C17257FD80A8','181.65.35.194',34),(26,1,'2021-11-08 11:51:34',NULL,'7A068D02011B91BACC42CE171364F1C7','181.65.35.194',34),(27,1,'2021-11-08 11:52:47',NULL,'2799A4B53A294E305BE34834255C4262','181.65.35.194',34),(28,1,'2021-11-08 12:13:35',NULL,'20710CB75CB41054FFE54DAE143415CB','181.65.35.194',34),(29,1,'2021-11-08 12:22:16',NULL,'0ED7F4648DC16FE0EA3AF262F7A415A1','181.65.35.194',34),(30,1,'2021-11-08 12:22:27',NULL,'B719DA7FA9EEFD691CD96641FDB24991','181.65.35.194',34),(31,1,'2021-11-08 12:26:26',NULL,'AEB7672D3032DC0B2CF8F2282F17A96A','181.65.35.194',34),(32,1,'2021-11-08 12:37:51',NULL,'30E135008CBA5ACA099C90F6EEC2C46F','181.65.35.194',34),(33,1,'2021-11-08 12:39:52',NULL,'5810126CABFF8B8940AAA7E2D3D3E406','181.65.35.194',34),(34,1,'2021-11-08 12:49:34',NULL,'7F9402F9004EA413BCF6EE08E16C4CC0','181.65.35.194',34),(35,1,'2021-11-08 13:13:10',NULL,'BACFEBF73579B22BBAF52DA4EA5F3E1E','181.65.35.194',34),(36,1,'2021-11-08 13:15:41',NULL,'5581DBE609396FB03796C17A8DE37CDF','181.65.35.194',34),(37,1,'2021-11-08 13:26:57',NULL,'85BA66F8E9C4B91D3F91E0E029A805F1','181.65.35.194',34),(38,1,'2021-11-08 13:39:42',NULL,'049C2179DB8A259A4311E0F5EA024AA5','181.65.35.194',34),(39,1,'2021-11-08 13:41:52',NULL,'D23C91D3AFC24CC4BF556D751EFF0921','181.65.35.194',34),(40,1,'2021-11-08 13:52:24',NULL,'B3D194D7E48A1050BA6E3C3EC6C4702F','181.65.35.194',34),(41,1,'2021-11-08 13:54:59',NULL,'9C94AFAAFEE1DD089646C812ADFCFF7C','181.65.35.194',34),(42,1,'2021-11-08 14:44:03',NULL,'576C31A6D592B9B672D3ED1DB8D821EF','181.65.35.194',34),(43,1,'2021-11-08 14:52:05',NULL,'F1C25D5A1129E74158932213FCFBA1B2','181.65.35.194',34),(44,1,'2021-11-08 15:01:38',NULL,'BDD31064C2A8D1D2C33C5313033213FA','181.65.35.194',34),(45,1,'2021-11-08 16:11:06',NULL,'9081CF6D93C0C4AA5DAA37E103507C50','181.65.35.194',34),(46,1,'2021-11-08 17:37:39',NULL,'B41A46C99DFFE0362C8F4DE93D95BC23','181.65.35.194',34),(47,1,'2021-11-08 18:48:16',NULL,'BB84FC3948B8CE02212112F41BDA2D9B','181.65.35.194',34),(48,1,'2021-11-08 19:08:12',NULL,'82D95DD665FE1996BC91CDEDAA11F55C','181.65.35.194',34),(49,1,'2021-11-08 19:15:03',NULL,'63E5D4C3B44EBA765D065D44DD1DFB23','181.65.35.194',34),(50,1,'2021-11-08 19:32:29',NULL,'C0BAD8FF2115696799ECDAEF5330B42C','181.65.35.194',34),(51,1,'2021-11-08 20:00:30',NULL,'998CB827E530E9F24813E2E6F7CC7011','181.65.35.194',34),(52,1,'2021-11-08 20:16:09',NULL,'18CCB544B6239392AFB61FEEA0B5F62E','181.65.35.194',34),(53,1,'2021-11-08 20:40:03',NULL,'97EF5AC2C7E4395B0E056ED7FE4B9984','181.65.35.194',34),(54,1,'2021-11-08 20:48:29',NULL,'86C07972CAC988C0292974EB0A9476CB','181.65.35.194',34),(55,1,'2021-11-09 09:27:01',NULL,'89BED63C6F4F616DC6665E7B26D3932C','181.65.35.194',34),(56,1,'2021-11-09 09:29:28',NULL,'6B78CBD5597E018BEE7537614E475354','181.65.35.194',1),(57,1,'2021-11-09 09:36:42',NULL,'DE4467735109FD01F5CEE9ACC3638842','181.65.35.194',34),(58,1,'2021-11-09 11:05:47',NULL,'349C3A929DBE186EEED9A8C5872C2AF0','181.65.35.194',34),(59,1,'2021-11-09 11:28:33',NULL,'DE07FE79B597DF347AD8962F2DA9FABD','181.65.35.194',1),(60,1,'2021-11-09 11:33:24',NULL,'6C8957D06DE3572146D77F8FAC0A5968','181.65.35.194',34),(61,1,'2021-11-09 11:39:47',NULL,'A461F4E0EB0CBC248E207C33C5858AB6','181.65.35.194',1),(62,1,'2021-11-09 12:02:38',NULL,'9D85F69D6FD3A7B688CE8FCB97519C0A','181.65.35.194',34),(63,1,'2021-11-09 12:05:37',NULL,'60847C1201790688F6E3841C60EB7396','181.65.35.194',34),(64,1,'2021-11-09 12:09:53',NULL,'168002AC3D6B1650C64851E2FC5CCF89','181.65.35.194',34),(65,1,'2021-11-09 12:40:09',NULL,'370DC0E37F4BE69B51F19E7489F8676B','181.65.35.194',34),(66,1,'2021-11-09 14:09:38',NULL,'DDE1F6766F2D3F1B829436043B3D05C0','181.65.35.194',34),(67,1,'2021-11-09 15:06:30',NULL,'66661DEDF60B5E140550BAFDDDEFF49E','181.65.35.194',34),(68,1,'2021-11-09 16:39:02',NULL,'B3BAA31B0BCDC386B49E3BF157DF4732','181.65.35.194',34),(69,1,'2021-11-09 16:49:38',NULL,'6464AEE1BC56E29643F49F431E38190C','181.65.35.194',34),(70,1,'2021-11-09 18:55:17',NULL,'CEADFB572C3F12866C5E7E63B8D4D672','181.65.35.194',34),(71,1,'2021-11-09 19:50:58',NULL,'655A43AC9BB5D2D85322DDA886343738','181.65.35.194',1),(72,1,'2021-11-09 20:28:22',NULL,'BC28B72B9F81FB11E53C3F5ECD89FDF2','181.65.35.194',34),(73,1,'2021-11-09 20:50:47',NULL,'2D81FF8C1657E327430F1DBA438472DF','181.65.35.194',34),(74,1,'2021-11-09 21:11:03',NULL,'7562A55E3B34D0373B8A731699236A1C','181.65.35.194',34),(75,1,'2021-11-09 21:13:57',NULL,'AC17F451E978486AC5E2F58E0D0B7A27','181.65.35.194',34),(76,1,'2021-11-09 22:06:09',NULL,'AF5D5EA1ECC056D978118C0D3631D2DE','181.65.35.194',34),(77,1,'2021-11-09 23:20:58',NULL,'2F22B58DC335FD59B0FF9E4FA5E11638','181.65.35.194',34),(78,1,'2021-11-09 23:46:41',NULL,'13297D8AC9DF467428F274EAA68CFDA5','181.65.35.194',34),(79,1,'2021-11-10 00:41:49',NULL,'B484949BC5D3BE521392634D4F92EFC2','181.65.35.194',34),(80,1,'2021-11-10 01:05:15',NULL,'EE2F65CDECA31372E4A65408498C5CB2','181.65.35.194',34),(81,1,'2021-11-10 01:29:31',NULL,'C67F3E3CF433DA5CD079E4CD645EF7A6','181.65.35.194',34),(82,1,'2021-11-10 01:31:09',NULL,'59E98E43FE792B6FFAF5FB45F2096BF9','181.65.35.194',34),(83,1,'2021-11-10 19:18:33',NULL,'EDF80281074854D534AE1573A01E7634','181.65.35.194',34),(84,1,'2021-11-10 19:22:13',NULL,'A8107DA6977BEC727BBBB7E777DA5E75','181.65.35.194',1),(85,1,'2021-11-10 19:56:39',NULL,'950DB63776C6F2237E3B5F945DD3B3A0','181.65.35.194',34),(86,1,'2021-11-11 10:02:58',NULL,'CD0CB73113B616FE0BC77B81583407F9','181.65.35.194',34),(87,1,'2021-11-11 11:01:05',NULL,'5BE1799AD28CA380555F0F46D3882527','181.65.35.194',34),(88,1,'2021-11-11 11:08:30',NULL,'9BFF7AFBCD9D83011929D64941CEB6AC','181.65.35.194',34),(89,1,'2021-11-11 11:24:57',NULL,'E9E8AD16295AEE259E5511818FE28D6A','181.65.35.194',34),(90,1,'2021-11-11 12:48:09',NULL,'64AE1C578A3D9FB10CE65EE6635EAC90','181.65.35.194',34),(91,1,'2021-11-11 13:29:57',NULL,'72B4FB907C7D04C2F1CBE15E7F728BF4','181.65.35.194',34),(92,1,'2021-11-11 15:18:26',NULL,'F2F4E0C026F6E6E1E602EFE22B45A8AB','181.65.35.194',34),(93,1,'2021-11-11 15:24:28',NULL,'51DFAFE026C95BAAC1A569407C2BB48C','181.65.35.194',34),(94,1,'2021-11-11 23:05:00',NULL,'B20626506D9E041EFE76F0EF010F7BAE','181.65.35.194',34),(95,1,'2021-11-11 23:10:50',NULL,'15E7600C347073A7E7BB9A01B6642FF6','181.65.35.194',34),(96,1,'2021-11-11 23:21:54',NULL,'5A61AF4669FA7C908D739DEB3BC6297C','181.65.35.194',34),(97,1,'2021-11-11 23:48:32',NULL,'E51DC6AD3C759E8069C388D549CAE32E','181.65.35.194',34),(98,1,'2021-11-12 00:50:29',NULL,'DFD219A37B860710F294B99F4A244638','181.65.35.194',34),(99,1,'2021-11-12 00:59:12',NULL,'EAB757227FBF522B105821731B3AAF6D','181.65.35.194',34),(100,1,'2021-11-12 01:03:47',NULL,'BCD1C2B3486CFA8C3751608AAF830566','181.65.35.194',34),(101,1,'2021-11-12 01:13:30',NULL,'07AD7BF450C00B1AEB57C6465007A3A3','181.65.35.194',34),(102,1,'2021-12-16 20:28:57',NULL,'79041E201713E486FEFFF78609A51C88','181.66.176.196',34),(103,1,'2022-05-26 09:32:33',NULL,'8816BE955CD9DC2737F31FF1CF89260E','181.66.150.132',1),(104,1,'2022-05-26 09:45:44',NULL,'467145999BB36983BE9B699E4FEC1C91','181.66.150.132',34),(105,1,'2022-05-26 09:46:14',NULL,'81BE744273EBC58822C9C3C920CB5DA3','181.66.150.132',1),(106,1,'2022-05-26 09:52:59',NULL,'5B92641619ADBC4CD51FB5659E5E0910','181.66.150.132',34),(107,1,'2022-05-26 20:09:04',NULL,'A0A24268853629C60FD524CE04B2B518','181.66.150.132',1),(108,1,'2022-05-26 20:24:13',NULL,'F9DC25F598A1302151DC1DABF168D966','181.66.150.132',34),(109,1,'2022-05-26 20:31:05',NULL,'9CA0D1EF70D90BB9664554CBF219F9A6','181.66.150.132',1),(110,1,'2022-05-26 21:18:12',NULL,'5E587211E20BC63597EA4F81C782C380','181.66.150.132',1),(111,1,'2022-05-26 21:36:02',NULL,'50B2EB7526581DA9A6A359676B0AF420','181.66.150.132',1),(112,1,'2022-05-26 21:58:22',NULL,'0A82D35132DCA79F0B4A56F08FE2C3C9','181.66.150.132',34),(113,1,'2022-05-26 23:05:19',NULL,'DCE3F1633A9933CB0152D0C4DECBB299','181.66.150.132',1),(114,1,'2022-05-27 00:52:15',NULL,'CA7F2FA33359398F9980D75EDE186F24','181.66.150.132',1),(115,1,'2022-05-27 01:04:31',NULL,'D943CF632227618B0B9EE5D9702D62EA','181.66.150.132',1),(116,1,'2022-05-27 03:02:10',NULL,'1BD18200617017795ADA2CE006A6AE63','181.66.150.132',1),(117,1,'2022-06-08 21:01:00',NULL,'513F296F4ECBA95C632632D8ACA491A5','181.66.150.132',1),(118,1,'2022-06-08 21:18:17',NULL,'EF47AEB80DC823F4B4F22816FF43306E','181.66.150.132',1),(119,1,'2022-06-08 21:21:40',NULL,'88369D03CB704E1BDCE20DBF012DA115','181.66.150.132',1),(120,1,'2022-06-08 21:24:54',NULL,'7D39E4DA1CEF667C7EABD2D163BD1E2C','181.66.150.132',1),(121,1,'2022-06-13 19:36:24',NULL,'E349C5047D5D8F4B5FDB21ABAF5FF1C3','181.66.150.132',1),(122,1,'2022-06-13 20:08:04',NULL,'FBA6398AA4B084E6F86694278536FF8C','181.66.150.132',1),(123,1,'2022-06-14 15:27:37',NULL,'26EC2A71A75FD3BDC111B797BC7D11C3','181.66.150.132',1),(124,1,'2022-06-14 15:33:51',NULL,'E86FF3191F51F13B4DEA9BC37B22425B','181.66.150.132',1),(125,1,'2022-06-14 16:41:48',NULL,'456422C914FECB701A83E89603391C4B','181.66.150.132',1),(126,1,'2022-08-31 08:25:15',NULL,'BA8EAD797A85246B2840EF4DC1B74735','181.66.150.132',1),(127,1,'2022-08-31 08:29:20',NULL,'4DDF94FBA80BB6F44A64E5DF916DA30D','181.66.150.132',34),(128,1,'2022-08-31 19:07:43',NULL,'5F125F39CF44BDE173E8989AA45F7031','181.66.150.132',34),(129,1,'2022-08-31 20:05:22',NULL,'B95E831F188E0893E64250841CA3C19B','181.66.150.132',34),(130,1,'2022-09-01 09:19:04',NULL,'3E9B941C4D1FB758813FF1E2F197AD1D','181.66.150.132',34),(131,1,'2023-01-22 22:04:49',NULL,'27F5809EC47A96EC31CC00FA6F999C6B','181.66.151.51',1),(132,1,'2023-01-22 22:12:45',NULL,'04B912C4C4C290C6D1ED976876B2000F','181.66.151.51',34),(133,1,'2023-07-26 23:15:14',NULL,'9091EBC371B544BEB03BEDA87BE123F0','181.66.150.51',34),(134,1,'2023-07-26 23:19:13',NULL,'7DD3A66FF3882D33F1FB1D83EBC57055','181.66.150.51',1),(135,1,'2023-07-26 23:22:32',NULL,'9639F3B2731FD2377850458CB5DD2135','181.66.150.51',34),(136,1,'2023-07-26 23:45:38',NULL,'53EB85E80192342ED5F5AF3C17B1888D','181.66.150.51',34),(137,1,'2023-07-26 23:47:56',NULL,'C9270DCADA973356E0C4FE7AE6A5FE31','181.66.150.51',34),(138,1,'2023-07-26 23:51:37',NULL,'51B0301C147829C7C6526ADB12B2FB92','181.66.150.51',34),(139,1,'2023-07-27 01:08:36',NULL,'2CB4618D046D88943961B1FBA417114A','181.66.150.51',34),(140,1,'2023-07-27 01:30:50',NULL,'512DC371D1ADF2789BA4B74CA70E4115','181.66.150.51',34),(141,1,'2023-07-27 02:02:51',NULL,'1A6B79FF08CFA67499193B7988C8360D','181.66.150.51',34),(142,1,'2023-07-27 02:04:28',NULL,'CC4670B724814F00BD19D61DD21666B1','181.66.150.51',1),(143,1,'2023-07-27 02:06:38',NULL,'8F3C76ED7F3D45A7485A04465DC09317','181.66.150.51',34),(144,1,'2023-07-27 02:07:49',NULL,'3A8E2A164C5CE13A9B476B3289E90B6D','181.66.150.51',1),(145,1,'2023-07-27 02:12:00',NULL,'066F394DF0D6CC4E49C30E635401C1BC','181.66.150.51',34),(146,1,'2023-07-27 03:08:44',NULL,'92E8D4AB57013F2A7F3486BF411A7D93','181.66.150.51',34),(147,1,'2023-07-27 03:28:08',NULL,'29A15FF434338EF4C7ED716DA3A0BA96','181.66.150.51',34),(148,1,'2023-07-27 03:39:58',NULL,'BB14E14D8635E67E921340F5FA71C015','181.66.150.51',34),(149,1,'2023-07-27 03:46:45',NULL,'0A751258E53C75604CC34A7E563C56B3','181.66.150.51',34),(150,1,'2023-07-28 11:03:59',NULL,'E9DE0C6CA87E03D982CB220C71BE2D07','181.66.150.51',34),(151,1,'2023-07-28 11:10:09',NULL,'EFDC508F191A92F0BC4C90E60B4D4D61','181.66.150.51',34),(152,1,'2023-07-28 11:16:56',NULL,'D9FEDCEB786E5EFBA09D2BFE8CA5E58F','181.66.150.51',34),(153,1,'2023-07-28 11:19:09',NULL,'1E18F414F320C26628DCC4782E4A07D0','181.66.150.51',34),(154,1,'2023-07-28 11:22:37',NULL,'BA9F84228905E8477FB768EF7D4D7ABE','181.66.150.51',34),(155,1,'2023-07-28 11:25:24',NULL,'7A3346C73861B909B9794361111CD5B7','181.66.150.51',34),(156,1,'2023-07-28 11:28:30',NULL,'DC0315260322C0C33FC2B84A43C7BB65','181.66.150.51',34),(157,1,'2023-07-28 11:35:49',NULL,'63CB72AC39B0882D717119EA7AC8F0FD','181.66.150.51',34),(158,1,'2023-07-28 11:51:33',NULL,'299C001C2E242F5C1D0FD3E9957EF4C5','181.66.150.51',34),(159,1,'2023-07-28 11:54:22',NULL,'DE6B2FC8701A7ADF87EFC54C7BB74496','181.66.150.51',34),(160,1,'2023-07-28 11:55:36',NULL,'B44BAA046E2B737410DAEF24DA531EEA','181.66.150.51',34),(161,1,'2023-07-28 11:59:29',NULL,'0036B30BE7F8F2F373CFC43CEF657A51','181.66.150.51',34),(162,1,'2023-07-28 11:59:58',NULL,'58A88C60BC064B00BC595EBE206D1842','181.66.150.51',34),(163,1,'2023-07-28 12:08:14',NULL,'9E08C67782DA7C8C422138BFC41FE451','181.66.150.51',34),(164,1,'2023-07-28 15:36:40',NULL,'5FD07A07080CA4B05C9F22B811ECB67E','181.66.150.51',34),(165,1,'2023-07-28 15:46:46',NULL,'AFFC711C69343AB70039F5B0BB4F84DE','181.66.150.51',34),(166,1,'2023-07-28 16:03:00',NULL,'B74657DA8486080A0ED06181D1676286','181.66.150.51',34),(167,1,'2023-07-28 16:16:30',NULL,'416BBF5118B3BA25E92E9A11CC6C9D4B','181.66.150.51',34),(168,1,'2023-07-29 21:22:43',NULL,'7B2686EA957C4724B3C7B8677C9933AD','181.66.150.51',34),(169,1,'2023-08-01 11:53:22',NULL,'0FD9B2942D39E84ECF1AA3CFA3ED5DE9','181.66.150.51',34),(170,1,'2023-08-01 22:10:05',NULL,'4C4CD51ED3D49445B3CCC09CE8534C7F','181.66.150.51',34),(171,1,'2023-08-01 22:14:36',NULL,'E5ACEA82ED9B6D647073BF0A0652B929','181.66.150.51',34),(172,1,'2023-08-01 22:39:22',NULL,'2508DFEF27DB2AEC55B86291CD43CED2','181.66.150.51',34),(173,1,'2023-08-01 23:48:01',NULL,'87ACE2190BBB4C6B926111F89D8C65BD','181.66.150.51',34),(174,1,'2023-08-11 15:57:53',NULL,'3C888F7D0C37FC26D1A824D5DF6DA90B','181.66.150.51',34),(175,1,'2023-08-16 02:44:22',NULL,'69C40DBD843E824E9BCF509F19C4FBBA','181.66.150.51',34),(176,1,'2023-08-16 02:59:42',NULL,'09995130E38F485C10FEE49EB945FA02','181.66.150.51',34),(177,1,'2023-08-16 03:03:38',NULL,'A9804A3E1C0B909A661EBEA4D4E5ED8D','181.66.150.51',34),(178,1,'2023-08-16 03:10:50',NULL,'1775DC0E6EF933ABD1BC389B57151814','181.66.150.51',34),(179,1,'2023-08-16 03:16:31',NULL,'E325E373C2786868B2C965725D917C7E','181.66.150.51',34),(180,1,'2023-08-16 03:46:03',NULL,'92FF1FFA2ED6BDACD1A381E5EB0B0618','181.66.150.51',34),(181,1,'2023-08-16 03:58:12',NULL,'EF4F8EC8878DB7D575AF1090882A1C68','181.66.150.51',34),(182,1,'2023-08-16 04:05:23',NULL,'88A07AAA9B9F2EF16BD573462C7FC690','181.66.150.51',34),(183,1,'2023-08-16 04:31:54',NULL,'810BE8DB730509E595219E0C9816B33C','181.66.150.51',34),(184,1,'2023-08-16 04:45:00',NULL,'CD8F3800854416481089F8F8398E9ED6','181.66.150.51',34),(185,1,'2023-08-16 04:58:52',NULL,'86F4DC48AF14AF6F06CC863CE0F5D372','181.66.150.51',34),(186,1,'2023-08-18 11:09:26',NULL,'495F9BD772A6D481DF7155B0F34FB34F','181.66.150.51',34),(187,1,'2023-08-18 11:12:32',NULL,'7B8C649EA9D62879D999C19DD1D7EF25','181.66.150.51',34),(188,1,'2023-08-18 11:14:58',NULL,'46F4CD3A16AA8D001D52F71D195B5B1E','181.66.150.51',34),(189,1,'2023-08-18 11:30:32',NULL,'A292FE5159BAFFD628B00E806919B389','181.66.150.51',34),(190,1,'2023-08-18 12:22:01',NULL,'D4716BA19767356C82BC6C9BDE7F39E1','181.66.150.51',34),(191,1,'2023-08-18 12:25:23',NULL,'CDB12A0DFCF26663DA991C6F84545403','181.66.150.51',34),(192,1,'2023-08-18 12:34:36',NULL,'5C48E67C4AC926BD1B6D56FDE4C2BFA7','181.66.150.51',34),(193,1,'2023-08-18 12:48:21',NULL,'F31CEA85CCE97A188558085407B3B8A3','181.66.150.51',34),(194,1,'2023-08-18 12:52:39',NULL,'6F39E95DED3962A6979D8704A3CE8FD3','181.66.150.51',34),(195,1,'2023-08-29 10:48:03',NULL,'F79FE6D655B8BE1C414D558506974CD6','181.66.150.51',34),(196,1,'2023-08-29 14:40:53',NULL,'0F627576E52CED1130AB4BADC6F5C3F4','181.66.150.51',34),(197,1,'2023-08-29 15:04:20',NULL,'8FA6DA475540C74031E916229D194B9B','181.66.150.51',34),(198,1,'2023-08-29 15:39:45',NULL,'A7D51F0604581BF01FD67A976623DD9E','181.66.150.51',34),(199,1,'2023-08-29 15:42:13',NULL,'8E08776743D9BE35E42289B974931DE3','181.66.150.51',34),(200,1,'2023-08-29 15:51:14',NULL,'D8C473EA3505B2D90DABE63AFA5F2EBF','181.66.150.51',34),(201,1,'2023-08-29 16:24:20',NULL,'C34B3E0B609E16703B7DAC2CC0222FCE','181.66.150.51',34),(202,1,'2023-08-29 16:29:47',NULL,'4027E50E1E85C8EC058507D92E504D8D','181.66.150.51',34),(203,1,'2023-08-29 16:36:01',NULL,'B517BDF575A338824A2C9B38528E3BA1','181.66.150.51',34),(204,1,'2023-08-29 16:54:13',NULL,'82AE03FCA2F2A491A41CFCAE2E1EEFB2','181.66.150.51',34),(205,1,'2023-08-29 17:35:29',NULL,'37823095F8B11DF102CB7D351AD59FFA','181.66.150.51',34),(206,1,'2023-08-29 17:37:30',NULL,'2B29D109E9BE7A55924A080ED194AEBE','181.66.150.51',34),(207,1,'2023-08-29 17:40:45',NULL,'DEF3DFBDAB139C095D7DA0173792AC14','181.66.150.51',34),(208,1,'2023-08-29 17:49:10',NULL,'9B4B1C93D6081F775D58ECE605670D32','181.66.150.51',34),(209,1,'2023-08-29 18:56:12',NULL,'71DFE35B73C3232008F9798A95ABFC61','181.66.150.51',34),(210,1,'2023-08-29 21:43:30',NULL,'20ED2847851A4302EA3969DA83DDEF4E','181.66.150.51',34),(211,1,'2023-08-29 22:49:56',NULL,'15CDA527A91AAD8D66DF6133AFB70435','181.66.150.51',34),(212,1,'2023-08-29 23:01:49',NULL,'77A22C7D89752616C0A1025923AF0524','181.66.150.51',34),(213,1,'2023-08-29 23:23:57',NULL,'E8E0054A0CAC4120D908AD2D95248CFC','181.66.150.51',34),(214,1,'2023-08-30 01:37:02',NULL,'9573C0A0D4495EA3A8EECB494DF948FC','181.66.150.51',34),(215,1,'2023-08-30 01:41:47',NULL,'0B73263B5F71EB16372477DBD28EF0BE','181.66.150.51',34),(216,1,'2023-08-30 01:58:59',NULL,'7E469A91559261B0DEF90D1348A2C9CC','181.66.150.51',34),(217,1,'2023-08-30 02:36:23',NULL,'5D25C753646FD4FBAFA2AD063D0DBD63','181.66.150.51',34),(218,1,'2023-08-30 22:16:12',NULL,'752342542E936A1203016C073E461F0E','181.66.150.51',34),(219,1,'2023-08-30 22:22:00',NULL,'3A65E3500CDC1EA4A710297153CDAED3','181.66.150.51',34),(220,1,'2023-08-30 22:28:45',NULL,'B890A17168F0BEA4901FC93EE5E4BEBC','181.66.150.51',34),(221,1,'2023-08-30 22:46:38',NULL,'2C3A296011BF4E0409590C759EC4FFF3','181.66.150.51',34),(222,1,'2023-08-31 09:42:06',NULL,'11739F76507F73B4356310D1CC0EB099','181.66.150.51',34),(223,1,'2023-08-31 10:01:04',NULL,'B5AA8D1426BD531CB28B95408428B48E','181.66.150.51',34),(224,1,'2023-08-31 10:14:12',NULL,'397A64F3D88D3CC43C7E3A6458FD07C5','181.66.150.51',34),(225,1,'2023-08-31 11:31:54',NULL,'04B2A005F321B9B0B612D5A19EAFD1A5','181.66.150.51',34),(226,1,'2023-08-31 11:37:40',NULL,'05A0D68A7349EAC5E375FE00739B6838','181.66.150.51',34),(227,1,'2023-08-31 11:50:38',NULL,'A3118E79F130952731042FAD2E229CEB','181.66.150.51',34),(228,1,'2023-08-31 11:56:35',NULL,'7D2E1F48D45B15DD53EFDB9D17A479E1','181.66.150.51',34),(229,1,'2023-08-31 14:11:27',NULL,'F8901E4A254BD6A971E1C9AC92FED03C','181.66.139.68',34),(230,1,'2023-09-01 11:08:59',NULL,'3ADCFA1DB89C2A62FDAEBB7CC4542DAF','181.66.150.51',34),(231,1,'2023-09-01 11:12:06',NULL,'1F7598D55A0F29DEB11E1CB3EB3ADEB9','181.66.150.51',34),(232,1,'2023-09-01 11:28:54',NULL,'A34BFAC735D2BF13170BB204DB45E0B4','181.66.150.51',34),(233,1,'2023-09-01 11:39:34',NULL,'D4EF58538803D2C1CBC269DA360D5610','181.66.150.51',34),(234,1,'2023-09-01 11:42:58',NULL,'98FBA0E0DC7CAB2CC3C37ECAF721D9EB','181.66.150.51',34),(235,1,'2023-09-01 11:44:55',NULL,'DA97E46FB8A51B8217B3B067A419C104','181.66.150.51',34),(236,1,'2023-09-01 11:53:30',NULL,'A5FF8F25C96A1B7A65459FD9EE8B33EC','181.66.150.51',34),(237,1,'2023-09-01 11:59:51',NULL,'B078A6F3232249568B2967B9415E29E4','181.66.150.51',34),(238,1,'2023-09-01 12:13:55',NULL,'731F3A7E2C41A5D89432B06595A1F7B0','181.66.150.51',34),(239,1,'2023-09-01 12:18:54',NULL,'E57ABF0E24BFED0ABE2F636D850EF082','181.66.150.51',34),(240,1,'2023-09-01 14:41:16',NULL,'DE072C9B4C497CE1B681F36EDC0FFDA7','181.66.150.51',34),(241,1,'2023-09-08 01:03:45',NULL,'F77155CFAD12F18E3EFF4299609D787C','181.66.150.51',34),(242,1,'2023-09-08 01:06:00',NULL,'7175B7D53C04B89442DDEB4F6224FBF5','181.66.150.51',34),(243,1,'2023-09-08 01:08:28',NULL,'08D93E1F5E8F403F6485B2C97E82CF5C','181.66.150.51',34),(244,1,'2023-09-08 01:15:38',NULL,'068DDB320410CFEF473CF2F0E0FE22D1','181.66.150.51',34),(245,1,'2023-09-08 01:25:05',NULL,'9B8A44D237EA519C6A9A053C20B79812','181.66.150.51',34),(246,1,'2023-09-08 01:28:25',NULL,'82BB54726A413F330E41366C79459B68','181.66.150.51',34),(247,1,'2023-09-08 01:33:54',NULL,'E588D1A446BC580E580CDB7B5E125457','181.66.150.51',34),(248,1,'2023-09-08 01:36:30',NULL,'A0BA370E7665B46821FD9A2BF8B4D6D3','181.66.150.51',34),(249,1,'2023-09-08 01:49:06',NULL,'81591AEEAD2BD1CC1AE65B257C8F6797','181.66.150.51',34),(250,1,'2023-09-08 01:51:05',NULL,'2AD24CFC6E760B41288D18EB95DFE047','181.66.150.51',34),(251,1,'2023-09-08 02:20:19',NULL,'5FF424B3DB44DBF29F77DFB4BFCE59A6','181.66.150.51',34),(252,1,'2023-09-08 09:11:32',NULL,'66C29CF79AEDE16B6A2D34D4016675C9','181.66.150.51',34),(253,1,'2023-09-08 09:13:07',NULL,'322FA67EB36F9D0FF673341EA5B73CA2','181.66.150.51',34),(254,1,'2023-09-28 22:20:01',NULL,'07821B1D83DCA5F60EAED6963E94A3E2','181.66.150.51',34),(255,1,'2023-10-03 20:09:04',NULL,'A2B6D2A17716C92B648610A7F1538DAA','181.66.150.51',1),(256,1,'2023-10-03 20:11:36',NULL,'186F716EE34CF75CF44A7D8C7383715C','181.66.150.51',34),(257,1,'2023-10-03 21:31:47',NULL,'6DED5D7C70FC7C512B01A6206DFB4304','181.66.150.51',1),(258,1,'2023-10-03 21:48:16',NULL,'7A706994747AEA6415B76C79E3A312CD','181.66.150.51',1),(259,1,'2023-10-03 22:15:36',NULL,'F6FA8EFEBC06911F7C4D4FD5E1A88B7B','181.66.150.51',34),(260,1,'2023-10-03 22:53:36',NULL,'83A621D6D0F749AD1CF8AED1E02C250A','181.66.150.51',34),(261,1,'2023-10-04 18:03:04',NULL,'E7DEB8AB2EBEB8056045FFF4DB4C8A26','181.66.138.238',34),(262,1,'2023-10-04 18:42:25',NULL,'845FA000E02EDD1C5A8FC445FFD08AEB','181.66.138.238',34),(263,1,'2023-10-04 18:49:27',NULL,'FF23B55627305498EC655DF522A79FEA','181.66.138.238',34),(264,1,'2023-10-11 22:10:01',NULL,'605642BDF603534897713253F9BC4D05','181.66.150.51',34),(265,1,'2023-10-11 23:11:47',NULL,'1F37FBB373E84F613F51D0E1548BCCE9','181.66.150.51',34),(266,1,'2023-10-11 23:44:02',NULL,'91FDF06DD46CD021071F6344C9B18196','181.66.150.51',34),(267,1,'2023-10-12 00:08:18',NULL,'D93C1CCE396BCB340C00957F314B80C4','181.66.150.51',34),(268,1,'2023-10-12 00:21:54',NULL,'04258C5259E96BCAF42882D047D0EF7D','181.66.150.51',34),(269,1,'2023-10-15 18:09:30',NULL,'03239C061F592C2112B3B079326B04C4','181.66.150.51',34),(270,1,'2023-10-19 22:15:25',NULL,'931B5760A84745975F3530E9D05C2F23','181.66.150.51',34),(271,1,'2023-10-19 22:23:26',NULL,'2628EF1C9C9CAA03A3EF8E672AD33F34','181.66.150.51',34),(272,1,'2023-10-19 23:01:40',NULL,'2E9B3189325412875C34F443689FEEBD','181.66.150.51',34),(273,1,'2023-10-19 23:03:09',NULL,'2E6126BB29FBE212AA34F656A71063BE','181.66.150.51',34),(274,1,'2023-10-19 23:06:20',NULL,'333EDA40BB5A8D6DF056DF5C9A5D2B1E','181.66.150.51',34),(275,1,'2023-10-20 00:34:24',NULL,'1389FF68507A5E9952CC647EE42FD63A','181.66.150.51',34),(276,1,'2023-10-20 00:42:22',NULL,'FDA9E3697DD5F524B47AD5BAEA3741DA','181.66.150.51',34),(277,1,'2023-10-20 01:15:31',NULL,'67D63E38E04C8364019C59FE8C5C2F98','181.66.150.51',34),(278,1,'2023-10-20 01:18:30',NULL,'6475BD27E32761189701F021110AF44D','181.66.150.51',34),(279,1,'2023-10-20 01:24:01',NULL,'50229B97E57C288504B86B1142E6D4EB','181.66.150.51',34),(280,1,'2023-10-20 01:29:31',NULL,'8E86CA6BA90AC60B2645BF1A41B60809','181.66.150.51',34),(281,1,'2023-10-20 01:37:07',NULL,'60F6E242CD367F3DEED35CF313844D6E','181.66.150.51',34),(282,1,'2023-11-07 22:02:02',NULL,'54413BDCE5754A5B705A31FA5E8F60CC','181.66.150.51',34),(283,1,'2023-11-09 04:19:47',NULL,'5E0D737CC137B2BBCB1FEFAC010DAE25','181.66.150.51',34),(284,1,'2023-11-09 04:20:22',NULL,'9F47426CE58F2896188F3A7E5EAF962F','181.66.150.51',1),(285,1,'2023-11-09 04:23:26',NULL,'F8BAFB8161DC970CA0FDE5360F9E3864','181.66.150.51',1),(286,1,'2023-11-09 04:26:12',NULL,'76DD82D58D7FBAE55732436643AA1E52','181.66.150.51',34),(287,1,'2023-11-09 04:29:02',NULL,'E08C60314B0DB4F940297949A9D14881','181.66.150.51',34),(288,1,'2023-11-09 04:43:45',NULL,'5FE3F21BB650D6C5C240A50B0335F769','181.66.150.51',34),(289,1,'2023-11-09 04:44:51',NULL,'A56D987DB78E999EF12489BED650DEBB','181.66.150.51',1),(290,1,'2023-11-09 04:45:44',NULL,'3E2D71CF730E91515B5D71FFE870BBA9','181.66.150.51',34),(291,1,'2023-11-15 00:46:51',NULL,'FDD28FD29071810EBD4EC1F7D7C163AF','181.66.150.51',34),(292,1,'2023-11-15 00:55:48',NULL,'6A7B9A05CA51444BD8ABF9DE3F505AB7','181.66.150.51',34),(293,1,'2023-11-15 01:09:35',NULL,'39407706B6C6E91097FA574C83A0F92B','181.66.150.51',34),(294,1,'2023-11-15 01:15:10',NULL,'A4B2D493772A98C93E3B3BA79CEF8963','181.66.150.51',34),(295,1,'2023-11-15 02:24:48',NULL,'44B9CEA5DA6808F0174B5C39D0DD2AB1','181.66.150.51',34),(296,1,'2023-11-15 03:33:05',NULL,'45B6185E17BB2D9F7BDE45F113286C16','181.66.150.51',34),(297,1,'2023-11-15 03:34:58',NULL,'D224AD11440EDF5151921357DF32E243','181.66.150.51',34),(298,1,'2023-11-15 03:39:42',NULL,'D4866CB09FF7A91BFDD07A833CFF678F','181.66.150.51',34),(299,1,'2023-11-15 03:48:12',NULL,'80F3D448951546E7FF0228D7ED59D408','181.66.150.51',34),(300,1,'2023-11-15 03:51:45',NULL,'26EF9DA19212998716B5A202673C1B76','181.66.150.51',34),(301,1,'2023-11-15 03:53:13',NULL,'9FCE96C5B51F824CB72D3A8E9CFC31A6','181.66.150.51',34),(302,1,'2023-11-15 04:05:59',NULL,'4A29A1CBEAE17A7FFD3C4425582474E4','181.66.150.51',34),(303,1,'2023-11-17 01:45:28',NULL,'082CC823D4E24E4629FBABA286A03768','181.66.150.51',34),(304,1,'2023-11-17 02:59:29',NULL,'84FCEA90D1AF4E5529278FE22D37D673','181.66.150.51',34),(305,1,'2023-11-23 17:31:08',NULL,'49B2A95B0ED2F1303BEA4E494B159109','181.66.150.51',34),(306,1,'2023-11-23 17:48:22',NULL,'BABFB0838FA9E9376C9C4F8872836C8F','181.66.150.51',34),(307,1,'2023-11-23 17:57:10',NULL,'C945766B26BFD04E739A00253B1F2503','181.66.150.51',34),(308,1,'2023-11-23 18:08:50',NULL,'88FAE6DF050966DD9DB532ACBC668C7E','181.66.150.51',34),(309,1,'2023-11-23 18:16:05',NULL,'8FC1A55C27CEE3275EB15F6F0D72B79C','181.66.150.51',34),(310,1,'2023-11-23 18:20:15',NULL,'392A57BB7ACDA4A3FFE511DF73208910','181.66.150.51',34),(311,1,'2023-11-23 18:30:24',NULL,'737396C2133996E678939D5455914DC4','181.66.150.51',34),(312,1,'2023-11-23 18:34:01',NULL,'1BF2BEAB91679B886E39CFEAE6ED8637','181.66.150.51',34),(313,1,'2023-11-24 01:43:39',NULL,'49A56DD30C6AA044D6B3E49D8A3C129A','181.66.150.51',34),(314,1,'2023-11-24 01:45:03',NULL,'227307E9140AB79CDEECB7341A3EDCC9','181.66.150.51',34),(315,1,'2023-11-24 02:02:38',NULL,'01B8B0C04687B3CB8C18F8180A53BDF8','181.66.150.51',34),(316,1,'2023-11-24 05:38:30',NULL,'4C2C7CEFFB69AA42A16F791DF99A359F','181.66.150.51',34),(317,1,'2023-11-24 05:43:21',NULL,'D35FD8C125D05359E5B85D4C40EBEBCA','181.66.150.51',34),(318,1,'2023-11-24 05:55:14',NULL,'B1B371C9217890C7D2AACC86AF843054','181.66.150.51',34),(319,1,'2023-11-24 06:33:50',NULL,'C949FF9903C2C915E54B0ED415EC8BDB','181.66.150.51',34),(320,1,'2023-11-24 06:54:14',NULL,'663871A323052D13F828B16824AA5235','181.66.150.51',34),(321,1,'2023-11-24 13:10:58',NULL,'46D3FBD967C9AED9B6DCB3B8E5920E26','181.66.150.51',34),(322,1,'2023-11-24 13:57:23',NULL,'BEA1B8EDF93919C773C0B1243B1CD5E7','181.66.150.51',34),(323,1,'2023-11-24 15:54:04',NULL,'81274B1FB91ABA0FF08B72F0BF441012','181.66.150.51',34),(324,1,'2023-11-24 15:59:17',NULL,'2967AC34FEB7CA9508C097798D69FE9E','181.66.150.51',34),(325,1,'2023-11-24 16:33:55',NULL,'CE70A003DDA2DF651399BF932E209EC5','181.66.150.51',34),(326,1,'2023-12-13 23:53:44',NULL,'028A2FC054212217D405009013E2DD91','181.66.176.179',34),(327,1,'2023-12-21 21:34:07',NULL,'0DCD5FCBA11FCC6433ADFCAECDF3AAA5','181.66.150.51',34),(328,1,'2023-12-21 21:59:28',NULL,'4E03A25C5EA5AB80D5A61DFDABC6D709','181.66.150.51',34),(329,1,'2023-12-22 00:58:47',NULL,'705166C1BB371CB55AD080734FC7AA87','181.66.150.51',34),(330,1,'2023-12-22 12:02:16',NULL,'E2BB7E945225FC5061BD6F76D492BEA3','181.66.150.51',34),(331,1,'2023-12-22 12:03:41',NULL,'7698243ACB596703057E438BDA5F2131','181.66.150.51',34),(332,1,'2023-12-22 15:26:19',NULL,'1ADA0F76CF00A684A92666B6DD96F41B','181.66.150.51',34),(333,1,'2023-12-22 16:14:01',NULL,'2803AA856C19CE29FE13AD2AA5585585','181.66.150.51',34),(334,1,'2023-12-22 16:15:09',NULL,'2A4D6084CEB174B9C59E52713D215E68','181.66.150.51',34),(335,1,'2023-12-22 16:20:47',NULL,'2F05E9C8C66CD784906D58E5B305D727','181.66.150.51',34),(336,1,'2023-12-22 16:22:24',NULL,'4C9CEAFA877C9FF2C32F11565993A805','181.66.150.51',34),(337,1,'2023-12-22 16:27:05',NULL,'186E526286FDCAA1E8421CE7005725FE','181.66.150.51',34),(338,1,'2023-12-22 16:49:37',NULL,'9E0E5DDAF664DDD4773BB108A4B34585','181.66.150.51',34),(339,1,'2023-12-22 16:51:59',NULL,'1BA8565D27E50A1DBC413DD8803E3416','181.66.150.51',34),(340,1,'2023-12-22 16:55:01',NULL,'CC6AC146B2EA3BFC6572AB1039F3763C','181.66.150.51',34),(341,1,'2023-12-22 16:57:11',NULL,'2E5719A770E76CE66AFFE657DDC9D91C','181.66.150.51',34),(342,1,'2023-12-22 17:01:06',NULL,'5D5F204F4C002EF1E6FC8BEB049BDB7C','181.66.150.51',34),(343,1,'2023-12-22 18:13:53',NULL,'F2DC9550ABBFA37CE13A7BAB453EF4EE','181.66.150.51',34),(344,1,'2024-01-24 16:18:46',NULL,'3E30A7FFB2F8267747499FD4C7739416','190.42.16.225',34),(345,1,'2024-01-24 17:12:34',NULL,'76519B0CD17ABA31461E9ACB2BE527AB','190.42.16.225',34),(346,1,'2024-01-24 23:00:51',NULL,'1A26181A6980AE44E95BE2E7827037EC','181.66.150.51',34),(347,1,'2024-01-24 23:14:40',NULL,'A32045AEEB54F39C8CD33B4A94EE13F4','181.66.150.51',34),(348,1,'2024-01-24 23:17:47',NULL,'D0E29D3881AAB07F8E3434D1A214B090','181.66.150.51',34),(349,1,'2024-03-05 18:12:07',NULL,'BB37A756016A0855759E461E3EEEBB58','181.66.177.115',34);
/*!40000 ALTER TABLE `session` ENABLE KEYS */;
UNLOCK TABLES;

--
-- Table structure for table `user`
--

DROP TABLE IF EXISTS `user`;
/*!40101 SET @saved_cs_client     = @@character_set_client */;
/*!50503 SET character_set_client = utf8mb4 */;
CREATE TABLE `user` (
  `id` int NOT NULL AUTO_INCREMENT,
  `username` varchar(50) DEFAULT NULL,
  `password` varchar(255) DEFAULT NULL,
  `status` varchar(20) DEFAULT NULL,
  `entidadrole_id` int DEFAULT NULL,
  `question` varchar(255) DEFAULT NULL,
  `answer` varchar(255) DEFAULT NULL,
  `dateCreated` datetime DEFAULT NULL,
  `dateUpdated` datetime DEFAULT NULL,
  `createdBy` varchar(45) DEFAULT NULL,
  `updatedBy` varchar(45) DEFAULT NULL,
  `version` int DEFAULT NULL,
  `activationDate` datetime DEFAULT NULL,
  `inactivationDate` datetime DEFAULT NULL,
  PRIMARY KEY (`id`)
) ENGINE=InnoDB AUTO_INCREMENT=8 DEFAULT CHARSET=utf8mb3;
/*!40101 SET character_set_client = @saved_cs_client */;

--
-- Dumping data for table `user`
--

LOCK TABLES `user` WRITE;
/*!40000 ALTER TABLE `user` DISABLE KEYS */;
INSERT INTO `user` VALUES (1,'ecalla','$2a$10$kHYeZT1mALmgExCEwhK63OdoePUSKSKQDLkin8CmegrLwCe4gPiSu','S_ACTIVE',1,'animal favorito','perro','2017-05-14 22:34:13','2021-11-12 01:15:20',NULL,'ecalla',9,'2017-05-14 22:34:13',NULL),(6,'asdasd','$2a$10$7DbUuKmnH7FfOX/TZFKnTu6hQ5WKVP4Cd4e.uIlHo687pIOrlKAFK','S_NEW',1,'asdasd','asdasd','2018-05-28 10:29:27','2021-10-21 10:06:36','ecalla','ecalla',6,NULL,NULL),(7,'dummy','$2a$10$U1gCYcLmhjtCTsThp35IAei9mp8KuCfWxv3JW35Byv3VMqGTGuG5C','S_NEW',6,'dummy','dummy','2021-10-22 01:23:05',NULL,'ecalla',NULL,0,NULL,NULL);
/*!40000 ALTER TABLE `user` ENABLE KEYS */;
UNLOCK TABLES;

--
-- Final view structure for view `rolepermissionview`
--

/*!50001 DROP VIEW IF EXISTS `rolepermissionview`*/;
/*!50001 SET @saved_cs_client          = @@character_set_client */;
/*!50001 SET @saved_cs_results         = @@character_set_results */;
/*!50001 SET @saved_col_connection     = @@collation_connection */;
/*!50001 SET character_set_client      = utf8mb3 */;
/*!50001 SET character_set_results     = utf8mb3 */;
/*!50001 SET collation_connection      = utf8mb3_general_ci */;
/*!50001 CREATE ALGORITHM=UNDEFINED */
/*!50013 DEFINER=`root`@`localhost` SQL SECURITY DEFINER */
/*!50001 VIEW `rolepermissionview` AS select `p`.`module_id` AS `module_id`,`p`.`name` AS `permission_name`,`p`.`description` AS `permission_description`,`p`.`path` AS `path`,`p`.`enabled` AS `permission_enabled`,`p`.`parent_permission_id` AS `parent_permission_id`,`rp`.`permission_id` AS `permission_id`,`rp`.`role_id` AS `role_id`,`r`.`name` AS `role_name`,`r`.`description` AS `role_description`,`r`.`enabled` AS `role_enabled` from ((`role` `r` join `rolepermission` `rp` on((`r`.`id` = `rp`.`role_id`))) join `permission` `p` on((`rp`.`permission_id` = `p`.`id`))) */;
/*!50001 SET character_set_client      = @saved_cs_client */;
/*!50001 SET character_set_results     = @saved_cs_results */;
/*!50001 SET collation_connection      = @saved_col_connection */;

--
-- Final view structure for view `roleuserview`
--

/*!50001 DROP VIEW IF EXISTS `roleuserview`*/;
/*!50001 SET @saved_cs_client          = @@character_set_client */;
/*!50001 SET @saved_cs_results         = @@character_set_results */;
/*!50001 SET @saved_col_connection     = @@collation_connection */;
/*!50001 SET character_set_client      = utf8mb3 */;
/*!50001 SET character_set_results     = utf8mb3 */;
/*!50001 SET collation_connection      = utf8mb3_general_ci */;
/*!50001 CREATE ALGORITHM=UNDEFINED */
/*!50013 DEFINER=`root`@`localhost` SQL SECURITY DEFINER */
/*!50001 VIEW `roleuserview` AS select `r`.`name` AS `name`,`r`.`description` AS `description`,`r`.`enabled` AS `role_enabled`,`ru`.`role_id` AS `role_id`,`ru`.`user_id` AS `user_id`,`u`.`username` AS `username`,`u`.`password` AS `password`,`u`.`status` AS `user_status`,`u`.`entidadrole_id` AS `entidadrole_id`,`u`.`question` AS `question`,`u`.`answer` AS `answer`,`u`.`activationDate` AS `activationdate`,`u`.`inactivationDate` AS `inactivationdate` from ((`role` `r` join `roleuser` `ru` on((`r`.`id` = `ru`.`role_id`))) join `user` `u` on((`ru`.`user_id` = `u`.`id`))) */;
/*!50001 SET character_set_client      = @saved_cs_client */;
/*!50001 SET character_set_results     = @saved_cs_results */;
/*!50001 SET collation_connection      = @saved_col_connection */;
/*!40103 SET TIME_ZONE=@OLD_TIME_ZONE */;

/*!40101 SET SQL_MODE=@OLD_SQL_MODE */;
/*!40014 SET FOREIGN_KEY_CHECKS=@OLD_FOREIGN_KEY_CHECKS */;
/*!40014 SET UNIQUE_CHECKS=@OLD_UNIQUE_CHECKS */;
/*!40101 SET CHARACTER_SET_CLIENT=@OLD_CHARACTER_SET_CLIENT */;
/*!40101 SET CHARACTER_SET_RESULTS=@OLD_CHARACTER_SET_RESULTS */;
/*!40101 SET COLLATION_CONNECTION=@OLD_COLLATION_CONNECTION */;
/*!40111 SET SQL_NOTES=@OLD_SQL_NOTES */;

-- Dump completed on 2024-05-09 22:06:01
CREATE DATABASE  IF NOT EXISTS `common` /*!40100 DEFAULT CHARACTER SET latin1 */ /*!80016 DEFAULT ENCRYPTION='N' */;
USE `common`;
-- MySQL dump 10.13  Distrib 8.0.34, for Win64 (x86_64)
--
-- Host: localhost    Database: common
-- ------------------------------------------------------
-- Server version	8.1.0

/*!40101 SET @OLD_CHARACTER_SET_CLIENT=@@CHARACTER_SET_CLIENT */;
/*!40101 SET @OLD_CHARACTER_SET_RESULTS=@@CHARACTER_SET_RESULTS */;
/*!40101 SET @OLD_COLLATION_CONNECTION=@@COLLATION_CONNECTION */;
/*!50503 SET NAMES utf8 */;
/*!40103 SET @OLD_TIME_ZONE=@@TIME_ZONE */;
/*!40103 SET TIME_ZONE='+00:00' */;
/*!40014 SET @OLD_UNIQUE_CHECKS=@@UNIQUE_CHECKS, UNIQUE_CHECKS=0 */;
/*!40014 SET @OLD_FOREIGN_KEY_CHECKS=@@FOREIGN_KEY_CHECKS, FOREIGN_KEY_CHECKS=0 */;
/*!40101 SET @OLD_SQL_MODE=@@SQL_MODE, SQL_MODE='NO_AUTO_VALUE_ON_ZERO' */;
/*!40111 SET @OLD_SQL_NOTES=@@SQL_NOTES, SQL_NOTES=0 */;

--
-- Table structure for table `area`
--

DROP TABLE IF EXISTS `area`;
/*!40101 SET @saved_cs_client     = @@character_set_client */;
/*!50503 SET character_set_client = utf8mb4 */;
CREATE TABLE `area` (
  `id` int NOT NULL AUTO_INCREMENT,
  `nombre` varchar(100) DEFAULT NULL,
  `activo` varchar(45) DEFAULT NULL,
  `area_padre_id` int DEFAULT NULL,
  `datecreated` datetime DEFAULT NULL,
  `dateupdated` datetime DEFAULT NULL,
  `createdby` varchar(45) DEFAULT NULL,
  `updatedby` varchar(45) DEFAULT NULL,
  `version` int DEFAULT NULL,
  PRIMARY KEY (`id`),
  KEY `fk_area_area1_idx` (`area_padre_id`),
  CONSTRAINT `fk_area_area1` FOREIGN KEY (`area_padre_id`) REFERENCES `area` (`id`)
) ENGINE=InnoDB AUTO_INCREMENT=10 DEFAULT CHARSET=latin1;
/*!40101 SET character_set_client = @saved_cs_client */;

--
-- Dumping data for table `area`
--

LOCK TABLES `area` WRITE;
/*!40000 ALTER TABLE `area` DISABLE KEYS */;
INSERT INTO `area` VALUES (1,'Administracion','ENABLED',2,'2023-08-29 15:42:38','2023-08-30 22:29:38','ecalla','ecalla',12),(2,'Gerencia','ENABLED',NULL,'2023-08-29 23:07:39',NULL,'ecalla',NULL,0),(3,'Ventas','ENABLED',1,'2023-08-30 22:30:29','2023-12-21 22:31:20','ecalla','ecalla',1),(4,'Recursos Humanos','ENABLED',1,'2023-12-21 22:22:33','2023-12-21 22:31:26','ecalla','ecalla',1),(5,'Finanzas','ENABLED',1,'2023-12-21 22:22:49','2023-12-21 22:31:31','ecalla','ecalla',1),(6,'Marketing','ENABLED',1,'2023-12-21 22:27:55','2023-12-21 22:31:35','ecalla','ecalla',1),(7,'Logistica','ENABLED',1,'2023-12-21 22:28:09','2023-12-21 22:31:41','ecalla','ecalla',1),(8,'Legal','ENABLED',1,'2023-12-21 22:28:19','2023-12-21 22:31:46','ecalla','ecalla',1),(9,'Compras','ENABLED',1,'2023-12-21 22:31:00','2023-12-21 22:31:50','ecalla','ecalla',1);
/*!40000 ALTER TABLE `area` ENABLE KEYS */;
UNLOCK TABLES;

--
-- Table structure for table `areasucursal`
--

DROP TABLE IF EXISTS `areasucursal`;
/*!40101 SET @saved_cs_client     = @@character_set_client */;
/*!50503 SET character_set_client = utf8mb4 */;
CREATE TABLE `areasucursal` (
  `sucursal_id` int NOT NULL,
  `area_id` int NOT NULL,
  `responsable_id` int NOT NULL,
  `estado` varchar(45) DEFAULT NULL,
  `datecreated` datetime DEFAULT NULL,
  `dateupdated` datetime DEFAULT NULL,
  `createdby` varchar(45) DEFAULT NULL,
  `updatedby` varchar(45) DEFAULT NULL,
  `version` int DEFAULT NULL,
  PRIMARY KEY (`sucursal_id`,`area_id`),
  KEY `fk_sucursal_has_area_area1_idx` (`area_id`),
  KEY `fk_sucursal_has_area_sucursal1_idx` (`sucursal_id`),
  KEY `fk_areasucursal_empleado1_idx` (`responsable_id`),
  CONSTRAINT `fk_areasucursal_empleado1` FOREIGN KEY (`responsable_id`) REFERENCES `empleado` (`id`),
  CONSTRAINT `fk_sucursal_has_area_area1` FOREIGN KEY (`area_id`) REFERENCES `area` (`id`),
  CONSTRAINT `fk_sucursal_has_area_sucursal1` FOREIGN KEY (`sucursal_id`) REFERENCES `sucursal` (`id`)
) ENGINE=InnoDB DEFAULT CHARSET=latin1;
/*!40101 SET character_set_client = @saved_cs_client */;

--
-- Dumping data for table `areasucursal`
--

LOCK TABLES `areasucursal` WRITE;
/*!40000 ALTER TABLE `areasucursal` DISABLE KEYS */;
/*!40000 ALTER TABLE `areasucursal` ENABLE KEYS */;
UNLOCK TABLES;

--
-- Table structure for table `cargo`
--

DROP TABLE IF EXISTS `cargo`;
/*!40101 SET @saved_cs_client     = @@character_set_client */;
/*!50503 SET character_set_client = utf8mb4 */;
CREATE TABLE `cargo` (
  `id` int NOT NULL AUTO_INCREMENT,
  `nombre` varchar(50) DEFAULT NULL,
  `activo` varchar(45) DEFAULT NULL,
  `salariomin` decimal(10,3) DEFAULT NULL,
  `salariomax` decimal(10,3) DEFAULT NULL,
  `datecreated` datetime DEFAULT NULL,
  `dateupdated` datetime DEFAULT NULL,
  `createdby` varchar(45) DEFAULT NULL,
  `updatedby` varchar(45) DEFAULT NULL,
  `version` int DEFAULT NULL,
  `cargo_parent_id` int DEFAULT NULL,
  PRIMARY KEY (`id`),
  KEY `fk_cargo_cargo1_idx` (`cargo_parent_id`),
  CONSTRAINT `fk_cargo_cargo1` FOREIGN KEY (`cargo_parent_id`) REFERENCES `cargo` (`id`)
) ENGINE=InnoDB AUTO_INCREMENT=2 DEFAULT CHARSET=latin1;
/*!40101 SET character_set_client = @saved_cs_client */;

--
-- Dumping data for table `cargo`
--

LOCK TABLES `cargo` WRITE;
/*!40000 ALTER TABLE `cargo` DISABLE KEYS */;
INSERT INTO `cargo` VALUES (1,'Gerente General','ENABLED',600.250,1000.500,'2023-08-31 14:22:58','2023-08-31 14:23:33','ecalla','ecalla',3,NULL);
/*!40000 ALTER TABLE `cargo` ENABLE KEYS */;
UNLOCK TABLES;

--
-- Table structure for table `categoria`
--

DROP TABLE IF EXISTS `categoria`;
/*!40101 SET @saved_cs_client     = @@character_set_client */;
/*!50503 SET character_set_client = utf8mb4 */;
CREATE TABLE `categoria` (
  `id` int NOT NULL AUTO_INCREMENT,
  `nombre` varchar(100) DEFAULT NULL,
  `tipo_categoria` varchar(45) DEFAULT NULL,
  `tipo_estrategia_retiro` varchar(45) DEFAULT NULL COMMENT 'fifo,lifo',
  `categoria_padre_id` int DEFAULT NULL,
  `datecreated` datetime DEFAULT NULL,
  `dateupdated` datetime DEFAULT NULL,
  `createdby` varchar(45) DEFAULT NULL,
  `updatedby` varchar(45) DEFAULT NULL,
  `version` int DEFAULT NULL,
  `status` varchar(45) DEFAULT NULL,
  PRIMARY KEY (`id`),
  KEY `fk_categoria_categoria1_idx` (`categoria_padre_id`),
  CONSTRAINT `fk_categoria_categoria1` FOREIGN KEY (`categoria_padre_id`) REFERENCES `categoria` (`id`)
) ENGINE=InnoDB AUTO_INCREMENT=2 DEFAULT CHARSET=latin1;
/*!40101 SET character_set_client = @saved_cs_client */;

--
-- Dumping data for table `categoria`
--

LOCK TABLES `categoria` WRITE;
/*!40000 ALTER TABLE `categoria` DISABLE KEYS */;
INSERT INTO `categoria` VALUES (1,'Dermocosmtica','CAT_FARMACIA','T_C_R_FIFO',NULL,'2023-11-09 04:40:47','2023-11-09 04:41:20','ecalla','ecalla',2,'ENABLED');
/*!40000 ALTER TABLE `categoria` ENABLE KEYS */;
UNLOCK TABLES;

--
-- Table structure for table `componente`
--

DROP TABLE IF EXISTS `componente`;
/*!40101 SET @saved_cs_client     = @@character_set_client */;
/*!50503 SET character_set_client = utf8mb4 */;
CREATE TABLE `componente` (
  `id` int NOT NULL AUTO_INCREMENT,
  `descripcion` varchar(100) DEFAULT NULL,
  `datecreated` timestamp NOT NULL DEFAULT CURRENT_TIMESTAMP,
  `dateupdated` datetime DEFAULT NULL,
  `createdby` varchar(45) DEFAULT NULL,
  `updatedby` varchar(45) DEFAULT NULL,
  `version` int NOT NULL DEFAULT '0',
  `status` varchar(45) NOT NULL,
  `tipo_componente` varchar(45) DEFAULT NULL COMMENT 'analgecico, anticoagulante, Tratamiento VIH',
  `nombre` varchar(100) DEFAULT NULL,
  PRIMARY KEY (`id`)
) ENGINE=InnoDB AUTO_INCREMENT=2 DEFAULT CHARSET=latin1;
/*!40101 SET character_set_client = @saved_cs_client */;

--
-- Dumping data for table `componente`
--

LOCK TABLES `componente` WRITE;
/*!40000 ALTER TABLE `componente` DISABLE KEYS */;
INSERT INTO `componente` VALUES (1,'paracetamol para fiebre','2023-08-18 17:26:00',NULL,'ecalla',NULL,0,'ENABLED','ANALGECICO','paracetamol');
/*!40000 ALTER TABLE `componente` ENABLE KEYS */;
UNLOCK TABLES;

--
-- Table structure for table `direccion`
--

DROP TABLE IF EXISTS `direccion`;
/*!40101 SET @saved_cs_client     = @@character_set_client */;
/*!50503 SET character_set_client = utf8mb4 */;
CREATE TABLE `direccion` (
  `id` int NOT NULL AUTO_INCREMENT,
  `direccionexacta` varchar(225) DEFAULT NULL,
  `codigopostal` varchar(45) DEFAULT NULL,
  `entidad_id` int NOT NULL,
  `ubigeo_id` int NOT NULL,
  `esprincipal` varchar(45) DEFAULT NULL,
  `estado` varchar(45) DEFAULT NULL,
  `datecreated` datetime DEFAULT NULL,
  `dateupdated` datetime DEFAULT NULL,
  `createdby` varchar(45) DEFAULT NULL,
  `updatedby` varchar(45) DEFAULT NULL,
  `version` int DEFAULT NULL,
  `referencia` varchar(200) DEFAULT NULL,
  PRIMARY KEY (`id`),
  KEY `fk_direccion_entidad_idx` (`entidad_id`),
  KEY `fk_direccion_ubigeo_idx` (`ubigeo_id`),
  CONSTRAINT `fk_direccion_entidad` FOREIGN KEY (`entidad_id`) REFERENCES `entidad` (`id`),
  CONSTRAINT `fk_direccion_ubigeo` FOREIGN KEY (`ubigeo_id`) REFERENCES `ubigeo` (`id`)
) ENGINE=InnoDB AUTO_INCREMENT=5 DEFAULT CHARSET=latin1;
/*!40101 SET character_set_client = @saved_cs_client */;

--
-- Dumping data for table `direccion`
--

LOCK TABLES `direccion` WRITE;
/*!40000 ALTER TABLE `direccion` DISABLE KEYS */;
INSERT INTO `direccion` VALUES (1,'jr jorge chavez','',7,1773,'NO','ENABLED','2023-11-24 06:56:36',NULL,'ecalla',NULL,0,'cerca'),(2,'Av proceres','lima ',7,1773,'NO','ENABLED','2023-12-21 21:45:24',NULL,'ecalla',NULL,0,''),(3,'Av Javier Prado oeste 881','lima 17',7,1761,'SI','ENABLED','2023-12-21 22:01:09',NULL,'ecalla',NULL,0,'cerca a la avenida brasil'),(4,'Av. Defensores del Morro Nro. 1277','',8,1749,'SI','ENABLED','2024-01-24 23:38:45',NULL,'ecalla',NULL,0,'cerca');
/*!40000 ALTER TABLE `direccion` ENABLE KEYS */;
UNLOCK TABLES;

--
-- Table structure for table `empleado`
--

DROP TABLE IF EXISTS `empleado`;
/*!40101 SET @saved_cs_client     = @@character_set_client */;
/*!50503 SET character_set_client = utf8mb4 */;
CREATE TABLE `empleado` (
  `id` int NOT NULL AUTO_INCREMENT,
  `persona_id` int NOT NULL,
  `codigo` varchar(45) DEFAULT NULL,
  `fechaingreso` datetime DEFAULT NULL,
  `tipo_titulo` varchar(45) DEFAULT NULL,
  `apreciacion` int DEFAULT NULL,
  `cargofamiliar` varchar(45) DEFAULT NULL COMMENT 'si tiene a su cargo una familia',
  `datecreated` datetime DEFAULT NULL,
  `dateupdated` datetime DEFAULT NULL,
  `createdby` varchar(45) DEFAULT NULL,
  `updatedby` varchar(45) DEFAULT NULL,
  `version` int DEFAULT NULL,
  `estado` varchar(45) DEFAULT NULL,
  `reporta_id` int DEFAULT NULL,
  `supervisorausencias_id` int DEFAULT NULL,
  PRIMARY KEY (`id`),
  KEY `fk_empleado_persona1_idx` (`persona_id`),
  KEY `fk_empleado_empleado1_idx` (`reporta_id`),
  KEY `fk_empleado_empleado2_idx` (`supervisorausencias_id`),
  CONSTRAINT `fk_empleado_empleado1` FOREIGN KEY (`reporta_id`) REFERENCES `empleado` (`id`),
  CONSTRAINT `fk_empleado_empleado2` FOREIGN KEY (`supervisorausencias_id`) REFERENCES `empleado` (`id`),
  CONSTRAINT `fk_empleado_persona1` FOREIGN KEY (`persona_id`) REFERENCES `persona` (`id`)
) ENGINE=InnoDB DEFAULT CHARSET=latin1;
/*!40101 SET character_set_client = @saved_cs_client */;

--
-- Dumping data for table `empleado`
--

LOCK TABLES `empleado` WRITE;
/*!40000 ALTER TABLE `empleado` DISABLE KEYS */;
/*!40000 ALTER TABLE `empleado` ENABLE KEYS */;
UNLOCK TABLES;

--
-- Table structure for table `entidad`
--

DROP TABLE IF EXISTS `entidad`;
/*!40101 SET @saved_cs_client     = @@character_set_client */;
/*!50503 SET character_set_client = utf8mb4 */;
CREATE TABLE `entidad` (
  `id` int NOT NULL AUTO_INCREMENT,
  `tipo_entidad` varchar(45) DEFAULT NULL,
  `datecreated` datetime DEFAULT NULL,
  `dateupdated` datetime DEFAULT NULL,
  `createdby` varchar(45) DEFAULT NULL,
  `updatedby` varchar(45) DEFAULT NULL,
  `version` int DEFAULT NULL,
  PRIMARY KEY (`id`)
) ENGINE=InnoDB AUTO_INCREMENT=9 DEFAULT CHARSET=latin1;
/*!40101 SET character_set_client = @saved_cs_client */;

--
-- Dumping data for table `entidad`
--

LOCK TABLES `entidad` WRITE;
/*!40000 ALTER TABLE `entidad` DISABLE KEYS */;
INSERT INTO `entidad` VALUES (1,'E_PERSONA',NULL,NULL,NULL,NULL,0),(5,'E_PERSONA','2018-06-22 15:29:09',NULL,'ecalla',NULL,0),(6,'E_PERSONA','2021-10-21 23:50:19',NULL,'ecalla',NULL,0),(7,'E_ORGANIZACION','2023-10-19 22:25:58',NULL,'ecalla',NULL,0),(8,'E_ORGANIZACION','2024-01-24 23:32:15',NULL,'ecalla',NULL,0);
/*!40000 ALTER TABLE `entidad` ENABLE KEYS */;
UNLOCK TABLES;

--
-- Table structure for table `entidadrol`
--

DROP TABLE IF EXISTS `entidadrol`;
/*!40101 SET @saved_cs_client     = @@character_set_client */;
/*!50503 SET character_set_client = utf8mb4 */;
CREATE TABLE `entidadrol` (
  `id` int NOT NULL AUTO_INCREMENT,
  `estado` varchar(45) DEFAULT NULL,
  `tipo_entidadrol` varchar(45) DEFAULT NULL,
  `entidad_id` int NOT NULL,
  `datecreated` datetime DEFAULT NULL,
  `dateupdated` datetime DEFAULT NULL,
  `createdby` varchar(45) DEFAULT NULL,
  `updatedby` varchar(45) DEFAULT NULL,
  `version` int DEFAULT NULL,
  PRIMARY KEY (`id`),
  KEY `fk_entidadrol_entidad1_idx` (`entidad_id`),
  CONSTRAINT `fk_entidadrol_entidad1` FOREIGN KEY (`entidad_id`) REFERENCES `entidad` (`id`)
) ENGINE=InnoDB AUTO_INCREMENT=7 DEFAULT CHARSET=latin1;
/*!40101 SET character_set_client = @saved_cs_client */;

--
-- Dumping data for table `entidadrol`
--

LOCK TABLES `entidadrol` WRITE;
/*!40000 ALTER TABLE `entidadrol` DISABLE KEYS */;
INSERT INTO `entidadrol` VALUES (1,NULL,'ER_USUARIO',1,NULL,NULL,NULL,NULL,0),(6,NULL,'ER_USUARIO',6,'2021-10-22 01:21:07',NULL,'ecalla',NULL,0);
/*!40000 ALTER TABLE `entidadrol` ENABLE KEYS */;
UNLOCK TABLES;

--
-- Table structure for table `entidadrolatributo`
--

DROP TABLE IF EXISTS `entidadrolatributo`;
/*!40101 SET @saved_cs_client     = @@character_set_client */;
/*!50503 SET character_set_client = utf8mb4 */;
CREATE TABLE `entidadrolatributo` (
  `id` int NOT NULL AUTO_INCREMENT,
  `datecreated` timestamp NOT NULL DEFAULT CURRENT_TIMESTAMP,
  `dateupdated` datetime DEFAULT NULL,
  `createdby` varchar(45) DEFAULT NULL,
  `updatedby` varchar(45) DEFAULT NULL,
  `version` int NOT NULL DEFAULT '0',
  `status` varchar(45) DEFAULT NULL,
  `tipo_atributo` varchar(45) DEFAULT NULL COMMENT 'estado_proveedor,esproveedorcritico,listaemail,tipo_pago,',
  `valor` varchar(225) DEFAULT NULL,
  `entidadrol_id` int NOT NULL,
  PRIMARY KEY (`id`),
  KEY `fk_entidadrolatributo_entidadrol1_idx` (`entidadrol_id`),
  CONSTRAINT `fk_entidadrolatributo_entidadrol1` FOREIGN KEY (`entidadrol_id`) REFERENCES `entidadrol` (`id`)
) ENGINE=InnoDB AUTO_INCREMENT=2 DEFAULT CHARSET=latin1;
/*!40101 SET character_set_client = @saved_cs_client */;

--
-- Dumping data for table `entidadrolatributo`
--

LOCK TABLES `entidadrolatributo` WRITE;
/*!40000 ALTER TABLE `entidadrolatributo` DISABLE KEYS */;
INSERT INTO `entidadrolatributo` VALUES (1,'2023-07-27 06:48:09','2023-12-21 22:08:52',NULL,NULL,9,NULL,'ERA_THEME','light',1);
/*!40000 ALTER TABLE `entidadrolatributo` ENABLE KEYS */;
UNLOCK TABLES;

--
-- Table structure for table `marca`
--

DROP TABLE IF EXISTS `marca`;
/*!40101 SET @saved_cs_client     = @@character_set_client */;
/*!50503 SET character_set_client = utf8mb4 */;
CREATE TABLE `marca` (
  `id` int NOT NULL AUTO_INCREMENT,
  `descripcion` varchar(100) DEFAULT NULL,
  `datecreated` timestamp NOT NULL DEFAULT CURRENT_TIMESTAMP,
  `dateupdated` datetime DEFAULT NULL,
  `createdby` varchar(45) DEFAULT NULL,
  `updatedby` varchar(45) DEFAULT NULL,
  `version` int NOT NULL DEFAULT '0',
  `status` varchar(45) NOT NULL,
  `nombre` varchar(100) NOT NULL,
  PRIMARY KEY (`id`)
) ENGINE=InnoDB AUTO_INCREMENT=2 DEFAULT CHARSET=latin1;
/*!40101 SET character_set_client = @saved_cs_client */;

--
-- Dumping data for table `marca`
--

LOCK TABLES `marca` WRITE;
/*!40000 ALTER TABLE `marca` DISABLE KEYS */;
INSERT INTO `marca` VALUES (1,'marca de medicamento','2023-08-16 08:17:05','2023-08-16 05:03:10','ecalla','ecalla',8,'ENABLED','panadol');
/*!40000 ALTER TABLE `marca` ENABLE KEYS */;
UNLOCK TABLES;

--
-- Table structure for table `organizacion`
--

DROP TABLE IF EXISTS `organizacion`;
/*!40101 SET @saved_cs_client     = @@character_set_client */;
/*!50503 SET character_set_client = utf8mb4 */;
CREATE TABLE `organizacion` (
  `id` int NOT NULL AUTO_INCREMENT,
  `tipo_organizacion` varchar(45) DEFAULT NULL,
  `numeroidentificacion` varchar(45) DEFAULT NULL,
  `razonsocial` varchar(225) DEFAULT NULL,
  `entidad_id` int NOT NULL,
  `datecreated` datetime DEFAULT NULL,
  `dateupdated` datetime DEFAULT NULL,
  `createdby` varchar(45) DEFAULT NULL,
  `updatedby` varchar(45) DEFAULT NULL,
  `version` int DEFAULT NULL,
  `status` varchar(45) DEFAULT NULL,
  `logo` varchar(255) DEFAULT NULL,
  `url` varchar(255) DEFAULT NULL,
  `logofile` varchar(255) DEFAULT NULL,
  PRIMARY KEY (`id`),
  KEY `fk_organizacion_entidad1_idx` (`entidad_id`),
  CONSTRAINT `fk_organizacion_entidad1` FOREIGN KEY (`entidad_id`) REFERENCES `entidad` (`id`)
) ENGINE=InnoDB AUTO_INCREMENT=3 DEFAULT CHARSET=latin1;
/*!40101 SET character_set_client = @saved_cs_client */;

--
-- Dumping data for table `organizacion`
--

LOCK TABLES `organizacion` WRITE;
/*!40000 ALTER TABLE `organizacion` DISABLE KEYS */;
INSERT INTO `organizacion` VALUES (1,'O_PRIVADO','20512002090','MIFARMA SAC',7,'2023-10-19 22:25:58','2023-10-20 00:45:03','ecalla','ecalla',6,'ENABLED','https://images.rappi.pe/marketplace/store_type_1624886162728.png','http://www.mifarma.com.pe',NULL),(2,'O_PRIVADO','20331066703','INRETAIL PHARMA SA',8,'2024-01-24 23:32:15',NULL,'ecalla',NULL,0,'ENABLED','https://mir-s3-cdn-cf.behance.net/project_modules/1400_opt_1/7f51bc62599133.5a95954235dde.jpg','http://www.inkafarma.com.pe',NULL);
/*!40000 ALTER TABLE `organizacion` ENABLE KEYS */;
UNLOCK TABLES;

--
-- Table structure for table `persona`
--

DROP TABLE IF EXISTS `persona`;
/*!40101 SET @saved_cs_client     = @@character_set_client */;
/*!50503 SET character_set_client = utf8mb4 */;
CREATE TABLE `persona` (
  `id` int NOT NULL AUTO_INCREMENT,
  `tipo_documento_identificaion` varchar(45) DEFAULT NULL,
  `numeroidentificacion` varchar(45) DEFAULT NULL,
  `nombres` varchar(45) DEFAULT NULL,
  `apellidos` varchar(45) DEFAULT NULL,
  `tipo_estado_civil` varchar(45) DEFAULT NULL,
  `sexo` varchar(45) DEFAULT NULL,
  `fechanacimiento` datetime DEFAULT NULL,
  `email` varchar(45) DEFAULT NULL,
  `entidad_id` int NOT NULL,
  `datecreated` datetime DEFAULT NULL,
  `dateupdated` datetime DEFAULT NULL,
  `createdby` varchar(45) DEFAULT NULL,
  `updatedby` varchar(45) DEFAULT NULL,
  `version` int DEFAULT NULL,
  `status` varchar(45) DEFAULT NULL,
  PRIMARY KEY (`id`),
  KEY `fk_persona_entidad1_idx` (`entidad_id`),
  CONSTRAINT `fk_persona_entidad1` FOREIGN KEY (`entidad_id`) REFERENCES `entidad` (`id`)
) ENGINE=InnoDB AUTO_INCREMENT=5 DEFAULT CHARSET=latin1;
/*!40101 SET character_set_client = @saved_cs_client */;

--
-- Dumping data for table `persona`
--

LOCK TABLES `persona` WRITE;
/*!40000 ALTER TABLE `persona` DISABLE KEYS */;
INSERT INTO `persona` VALUES (1,'P_DNI','43929489','Efrain','Calla','P_CASADO','M','2018-05-24 15:17:22','ecallac@gmail.com',1,NULL,NULL,NULL,NULL,0,'ENABLED'),(3,'P_DNI','43929489','asd','asd','P_CASADO','M','1986-06-14 00:00:00','ecallac@gmail.com',5,'2018-06-22 15:29:09','2023-10-04 18:42:36','ecalla','ecalla',6,'ENABLED'),(4,'P_DNI','00000000','dummy','dummy','','','2021-10-21 00:00:00','',6,'2021-10-21 23:50:18',NULL,'ecalla',NULL,0,'ENABLED');
/*!40000 ALTER TABLE `persona` ENABLE KEYS */;
UNLOCK TABLES;

--
-- Table structure for table `personaorganizacion`
--

DROP TABLE IF EXISTS `personaorganizacion`;
/*!40101 SET @saved_cs_client     = @@character_set_client */;
/*!50503 SET character_set_client = utf8mb4 */;
CREATE TABLE `personaorganizacion` (
  `persona_id` int NOT NULL,
  `organizacion_id` int NOT NULL,
  PRIMARY KEY (`persona_id`,`organizacion_id`),
  KEY `fk_personaorganizacion_organizacion1_idx` (`organizacion_id`),
  KEY `fk_personaorganizacion_persona1_idx` (`persona_id`),
  CONSTRAINT `fk_personaorganizacion_organizacion1` FOREIGN KEY (`organizacion_id`) REFERENCES `organizacion` (`id`),
  CONSTRAINT `fk_personaorganizacion_persona1` FOREIGN KEY (`persona_id`) REFERENCES `persona` (`id`)
) ENGINE=InnoDB DEFAULT CHARSET=latin1;
/*!40101 SET character_set_client = @saved_cs_client */;

--
-- Dumping data for table `personaorganizacion`
--

LOCK TABLES `personaorganizacion` WRITE;
/*!40000 ALTER TABLE `personaorganizacion` DISABLE KEYS */;
/*!40000 ALTER TABLE `personaorganizacion` ENABLE KEYS */;
UNLOCK TABLES;

--
-- Table structure for table `producto`
--

DROP TABLE IF EXISTS `producto`;
/*!40101 SET @saved_cs_client     = @@character_set_client */;
/*!50503 SET character_set_client = utf8mb4 */;
CREATE TABLE `producto` (
  `id` int NOT NULL AUTO_INCREMENT,
  `categoria_id` int NOT NULL,
  `marca_id` int NOT NULL,
  `laboratorio_id` int NOT NULL,
  `tipo_producto` varchar(45) DEFAULT NULL,
  `tipo_presentacion` varchar(45) DEFAULT NULL,
  `tipo_unidadmedida` varchar(45) DEFAULT NULL,
  `nombre` varchar(100) DEFAULT NULL,
  `descripcion` varchar(225) DEFAULT NULL,
  `uso` varchar(225) DEFAULT NULL,
  `generico` varchar(45) DEFAULT NULL,
  `puedevenderse` varchar(45) DEFAULT NULL,
  `puedecomprarse` varchar(45) DEFAULT NULL,
  `puedetransferirse` varchar(45) DEFAULT NULL,
  `referenciainterna` varchar(45) DEFAULT NULL,
  `codigobarras` varchar(45) DEFAULT NULL,
  `peso` decimal(3,2) DEFAULT NULL,
  `volumen` varchar(45) DEFAULT NULL,
  `stockinicial` int DEFAULT NULL,
  `fraccioninicial` int DEFAULT NULL,
  `datecreated` datetime DEFAULT NULL,
  `dateupdated` datetime DEFAULT NULL,
  `createdby` varchar(45) DEFAULT NULL,
  `updatedby` varchar(45) DEFAULT NULL,
  `version` int DEFAULT NULL,
  PRIMARY KEY (`id`),
  KEY `fk_producto_categoria1_idx` (`categoria_id`),
  KEY `fk_producto_marca1_idx` (`marca_id`),
  KEY `fk_producto_organizacion1_idx` (`laboratorio_id`),
  CONSTRAINT `fk_producto_categoria1` FOREIGN KEY (`categoria_id`) REFERENCES `categoria` (`id`),
  CONSTRAINT `fk_producto_marca1` FOREIGN KEY (`marca_id`) REFERENCES `marca` (`id`),
  CONSTRAINT `fk_producto_organizacion1` FOREIGN KEY (`laboratorio_id`) REFERENCES `organizacion` (`id`)
) ENGINE=InnoDB DEFAULT CHARSET=latin1;
/*!40101 SET character_set_client = @saved_cs_client */;

--
-- Dumping data for table `producto`
--

LOCK TABLES `producto` WRITE;
/*!40000 ALTER TABLE `producto` DISABLE KEYS */;
/*!40000 ALTER TABLE `producto` ENABLE KEYS */;
UNLOCK TABLES;

--
-- Table structure for table `regla`
--

DROP TABLE IF EXISTS `regla`;
/*!40101 SET @saved_cs_client     = @@character_set_client */;
/*!50503 SET character_set_client = utf8mb4 */;
CREATE TABLE `regla` (
  `id` int NOT NULL AUTO_INCREMENT,
  `categoria` varchar(45) DEFAULT NULL,
  `nombre` varchar(45) DEFAULT NULL,
  `codigo` varchar(45) DEFAULT NULL,
  `descripcion` varchar(255) DEFAULT NULL,
  `tipo_valor` varchar(45) DEFAULT NULL,
  `activo` varchar(45) DEFAULT NULL,
  `datecreated` datetime DEFAULT NULL,
  `dateupdated` datetime DEFAULT NULL,
  `createdby` varchar(45) DEFAULT NULL,
  `updatedby` varchar(45) DEFAULT NULL,
  `version` int DEFAULT NULL,
  PRIMARY KEY (`id`)
) ENGINE=InnoDB AUTO_INCREMENT=3 DEFAULT CHARSET=latin1;
/*!40101 SET character_set_client = @saved_cs_client */;

--
-- Dumping data for table `regla`
--

LOCK TABLES `regla` WRITE;
/*!40000 ALTER TABLE `regla` DISABLE KEYS */;
INSERT INTO `regla` VALUES (1,'STATUS','Status','SWITH_LABEL_TYPE',NULL,'String','ENABLED','2023-07-27 01:22:02',NULL,NULL,NULL,0),(2,'USER_STATUS','Status','USER_STATUS_LABEL_TYPE',NULL,'String','ENABLED',NULL,NULL,NULL,NULL,0);
/*!40000 ALTER TABLE `regla` ENABLE KEYS */;
UNLOCK TABLES;

--
-- Table structure for table `regladetalle`
--

DROP TABLE IF EXISTS `regladetalle`;
/*!40101 SET @saved_cs_client     = @@character_set_client */;
/*!50503 SET character_set_client = utf8mb4 */;
CREATE TABLE `regladetalle` (
  `id` int NOT NULL AUTO_INCREMENT,
  `condicion` varchar(45) DEFAULT NULL,
  `valornumero` decimal(3,2) DEFAULT NULL,
  `valorcadena` varchar(45) DEFAULT NULL,
  `valorfecha` datetime DEFAULT NULL,
  `activo` varchar(45) DEFAULT NULL,
  `regla_id` int NOT NULL,
  `datecreated` datetime DEFAULT NULL,
  `dateupdated` datetime DEFAULT NULL,
  `createdby` varchar(45) DEFAULT NULL,
  `updatedby` varchar(45) DEFAULT NULL,
  `version` int DEFAULT NULL,
  PRIMARY KEY (`id`),
  KEY `fk_regladetalle_regla1_idx` (`regla_id`),
  CONSTRAINT `fk_regladetalle_regla1` FOREIGN KEY (`regla_id`) REFERENCES `regla` (`id`)
) ENGINE=InnoDB AUTO_INCREMENT=5 DEFAULT CHARSET=latin1;
/*!40101 SET character_set_client = @saved_cs_client */;

--
-- Dumping data for table `regladetalle`
--

LOCK TABLES `regladetalle` WRITE;
/*!40000 ALTER TABLE `regladetalle` DISABLE KEYS */;
INSERT INTO `regladetalle` VALUES (1,'ENABLED',NULL,'success',NULL,'ENABLED',1,'2023-07-27 01:23:50',NULL,NULL,NULL,0),(2,'DISABLED',NULL,'secondary',NULL,'ENABLED',1,'2023-07-27 01:33:08',NULL,NULL,NULL,0),(3,'S_ACTIVE',NULL,'success',NULL,'ENABLED',2,NULL,NULL,NULL,NULL,0),(4,'S_INACTIVE',NULL,'secondary',NULL,'ENABLED',2,NULL,NULL,NULL,NULL,0);
/*!40000 ALTER TABLE `regladetalle` ENABLE KEYS */;
UNLOCK TABLES;

--
-- Table structure for table `sucursal`
--

DROP TABLE IF EXISTS `sucursal`;
/*!40101 SET @saved_cs_client     = @@character_set_client */;
/*!50503 SET character_set_client = utf8mb4 */;
CREATE TABLE `sucursal` (
  `id` int NOT NULL AUTO_INCREMENT,
  `nombre` varchar(100) DEFAULT NULL,
  `estado` varchar(45) DEFAULT NULL,
  `organizacion_id` int NOT NULL,
  `tipo_sucursal` varchar(45) DEFAULT NULL COMMENT 'almacen,tienda',
  `nombrecorto` varchar(45) DEFAULT NULL,
  `direccion_id` int NOT NULL,
  `datecreated` datetime DEFAULT NULL,
  `dateupdated` datetime DEFAULT NULL,
  `createdby` varchar(45) DEFAULT NULL,
  `updatedby` varchar(45) DEFAULT NULL,
  `version` int DEFAULT NULL,
  PRIMARY KEY (`id`),
  KEY `fk_sucursal_organizacion1_idx` (`organizacion_id`),
  KEY `fk_sucursal_direccion1_idx` (`direccion_id`),
  CONSTRAINT `fk_sucursal_direccion1` FOREIGN KEY (`direccion_id`) REFERENCES `direccion` (`id`),
  CONSTRAINT `fk_sucursal_organizacion1` FOREIGN KEY (`organizacion_id`) REFERENCES `organizacion` (`id`)
) ENGINE=InnoDB AUTO_INCREMENT=5 DEFAULT CHARSET=latin1;
/*!40101 SET character_set_client = @saved_cs_client */;

--
-- Dumping data for table `sucursal`
--

LOCK TABLES `sucursal` WRITE;
/*!40000 ALTER TABLE `sucursal` DISABLE KEYS */;
INSERT INTO `sucursal` VALUES (1,'almacen','ENABLED',1,'T_SUC_ALMACEN','sucursal de almacen',1,'2023-11-24 13:11:32','2023-12-21 22:08:13','ecalla','ecalla',2),(2,'Tienda San Juan','ENABLED',1,'T_SUC_TIENDA','San Juan',2,'2023-12-21 21:37:34','2023-12-21 21:45:39','ecalla','ecalla',1),(3,'Oficina Central','ENABLED',1,'T_SUC_OFICINA','Oficina',3,'2023-12-21 21:42:53','2023-12-21 22:01:20','ecalla','ecalla',1),(4,'Oficina Central','ENABLED',2,'T_SUC_OFICINA','Oficina',4,'2024-01-24 23:39:12',NULL,'ecalla',NULL,0);
/*!40000 ALTER TABLE `sucursal` ENABLE KEYS */;
UNLOCK TABLES;

--
-- Table structure for table `telefono`
--

DROP TABLE IF EXISTS `telefono`;
/*!40101 SET @saved_cs_client     = @@character_set_client */;
/*!50503 SET character_set_client = utf8mb4 */;
CREATE TABLE `telefono` (
  `id` int NOT NULL AUTO_INCREMENT,
  `tipo` varchar(45) DEFAULT NULL,
  `numero` varchar(45) DEFAULT NULL,
  `codigoarea` varchar(45) DEFAULT NULL,
  `entidad_id` int NOT NULL,
  `datecreated` datetime DEFAULT NULL,
  `dateupdated` datetime DEFAULT NULL,
  `createdby` varchar(45) DEFAULT NULL,
  `updatedby` varchar(45) DEFAULT NULL,
  `version` int DEFAULT NULL,
  PRIMARY KEY (`id`),
  KEY `fk_telefono_entidad1_idx` (`entidad_id`),
  CONSTRAINT `fk_telefono_entidad1` FOREIGN KEY (`entidad_id`) REFERENCES `entidad` (`id`)
) ENGINE=InnoDB AUTO_INCREMENT=3 DEFAULT CHARSET=latin1;
/*!40101 SET character_set_client = @saved_cs_client */;

--
-- Dumping data for table `telefono`
--

LOCK TABLES `telefono` WRITE;
/*!40000 ALTER TABLE `telefono` DISABLE KEYS */;
INSERT INTO `telefono` VALUES (1,'TEL_MOVIL','976589075','051',1,'2017-09-18 22:54:39',NULL,NULL,NULL,0),(2,'TEL_FIJO','390000','051 01',1,'2017-09-18 22:54:39',NULL,NULL,NULL,0);
/*!40000 ALTER TABLE `telefono` ENABLE KEYS */;
UNLOCK TABLES;

--
-- Table structure for table `tipobase`
--

DROP TABLE IF EXISTS `tipobase`;
/*!40101 SET @saved_cs_client     = @@character_set_client */;
/*!50503 SET character_set_client = utf8mb4 */;
CREATE TABLE `tipobase` (
  `id` bigint NOT NULL AUTO_INCREMENT,
  `categoria` varchar(45) NOT NULL,
  `codigo` varchar(45) NOT NULL,
  `descripcion` varchar(100) DEFAULT NULL,
  `activo` varchar(45) NOT NULL,
  `datecreated` datetime DEFAULT NULL,
  `dateupdated` datetime DEFAULT NULL,
  `createdby` varchar(45) DEFAULT NULL,
  `updatedby` varchar(45) DEFAULT NULL,
  `version` bigint DEFAULT NULL,
  PRIMARY KEY (`id`),
  UNIQUE KEY `UNIQUE` (`categoria`,`codigo`),
  UNIQUE KEY `codigo_UNIQUE` (`codigo`)
) ENGINE=InnoDB AUTO_INCREMENT=35 DEFAULT CHARSET=utf8mb3;
/*!40101 SET character_set_client = @saved_cs_client */;

--
-- Dumping data for table `tipobase`
--

LOCK TABLES `tipobase` WRITE;
/*!40000 ALTER TABLE `tipobase` DISABLE KEYS */;
INSERT INTO `tipobase` VALUES (3,'TYPE_STATUS','S_ACTIVE','Active','ENABLED','2017-09-18 22:53:52','2023-07-28 18:06:42',NULL,'ecalla',3),(4,'TYPE_STATUS','S_INACTIVE','Inactive','ENABLED','2017-09-18 22:54:13','2023-07-28 18:06:42',NULL,'ecalla',1),(5,'TYPE_STATUS','S_NEW','New','ENABLED','2017-09-18 22:54:39','2023-07-28 18:06:42',NULL,'ecalla',19),(6,'TYPE_PERMISSION','P_COMPONENT','Component of module','ENABLED','2017-09-18 22:54:39','2023-07-28 18:06:42',NULL,'ecalla',3),(7,'TYPE_PERMISSION','P_ACTION','Action of component','ENABLED','2017-09-18 22:54:39','2023-07-28 18:06:42',NULL,'ecalla',3),(8,'TYPE_ENTIDAD','E_PERSONA','Persona','ENABLED','2017-09-18 22:54:39','2023-08-01 22:41:24',NULL,'ecalla',7),(9,'TYPE_ENTIDAD','E_ORGANIZACION','Organizacion','ENABLED','2017-09-18 22:54:39','2023-08-01 22:41:24',NULL,'ecalla',13),(10,'TYPE_PERSONA_DOCUMENTO','P_DNI','Dni','ENABLED','2017-09-18 22:54:39','2023-07-28 18:06:42',NULL,'ecalla',3),(11,'TYPE_PERSONA_ESTADO_CIVIL','P_SOLTERO','Soltero','ENABLED','2017-09-18 22:54:39','2023-07-28 18:06:42',NULL,'ecalla',1),(12,'TYPE_PERSONA_ESTADO_CIVIL','P_CASADO','Casado','ENABLED','2017-09-18 22:54:39','2023-07-28 18:06:42',NULL,'ecalla',1),(13,'TYPE_PERSONA_ESTADO_CIVIL','P_VIUDO','Viudo','ENABLED','2017-09-18 22:54:39','2023-07-28 18:06:42',NULL,'ecalla',1),(14,'TYPE_PERSONA_ESTADO_CIVIL','P_DIVORCIADO','Divorciado','ENABLED','2017-09-18 22:54:39','2023-07-28 18:06:42',NULL,'ecalla',1),(15,'TYPE_ORGANIZACION','O_PRIVADO','Privado','ENABLED','2017-09-18 22:54:39','2023-07-28 18:06:42',NULL,'ecalla',3),(16,'TYPE_ORGANIZACION','O_PUBLICO','Publico','ENABLED','2017-09-18 22:54:39','2023-07-28 18:06:42',NULL,'ecalla',3),(17,'TYPE_ENTIDADROL','ER_CLIENTE','Cliente','ENABLED','2017-09-18 22:54:39','2023-08-01 22:41:24',NULL,'ecalla',13),(18,'TYPE_ENTIDADROL','ER_PROVEEDOR','Proveedor','ENABLED','2017-09-18 22:54:39','2023-08-01 22:49:21',NULL,'ecalla',30),(19,'TYPE_ENTIDADROL','ER_USUARIO','Usuario','ENABLED','2017-09-18 22:54:39','2023-08-01 22:41:24',NULL,'ecalla',9),(20,'TYPE_TELEFONO','TEL_FIJO','Fijo','ENABLED','2017-09-18 22:54:39','2023-07-28 18:06:42',NULL,'ecalla',1),(21,'TYPE_TELEFONO','TEL_MOVIL','Movil','ENABLED','2017-09-18 22:54:39','2023-07-28 18:06:42',NULL,'ecalla',1),(22,'TYPE_UBIGEO','UG_PAIS','Pais','ENABLED','2017-09-18 22:54:39','2023-07-28 18:06:42',NULL,'ecalla',1),(23,'TYPE_UBIGEO','UG_DEPARTAMENTO','Departamento','ENABLED','2017-09-18 22:54:39','2023-07-28 18:06:42',NULL,'ecalla',1),(24,'TYPE_UBIGEO','UG_PROVINCIA','Provincia','ENABLED','2017-09-18 22:54:39','2023-07-28 18:06:42',NULL,'ecalla',1),(25,'TYPE_UBIGEO','UG_DISTRITO','Distrito','ENABLED','2017-09-18 22:54:39','2023-07-28 18:06:42',NULL,'ecalla',1),(26,'TYPE_SWITCH','ENABLED','Activo','ENABLED',NULL,'2023-07-28 18:06:42',NULL,'ecalla',1),(27,'TYPE_SWITCH','DISABLED','Inactivo','ENABLED',NULL,'2023-07-28 18:06:42',NULL,'ecalla',1),(28,'TYPE_COMPONENTE','ANALGECICO','Analgecico','ENABLED','2023-08-18 11:31:46','2023-08-30 22:46:49','ecalla','ecalla',2),(29,'TYPE_CATEGORIA','CAT_FARMACIA','Farmaceutico','ENABLED','2023-11-09 04:34:14',NULL,'ecalla',NULL,0),(30,'TYPE_CATEGORIA_RETIRO','T_C_R_FIFO','Fifo','ENABLED','2023-11-09 04:35:17',NULL,'ecalla',NULL,0),(31,'TYPE_CATEGORIA_RETIRO','T_C_R_LIFO','Lifo','ENABLED','2023-11-09 04:35:39',NULL,'ecalla',NULL,0),(32,'TYPE_SUCURSAL','T_SUC_ALMACEN','Almacen','ENABLED','2023-11-15 02:26:44',NULL,'ecalla',NULL,0),(33,'TYPE_SUCURSAL','T_SUC_TIENDA','Tienda','ENABLED','2023-11-15 02:27:06',NULL,'ecalla',NULL,0),(34,'TYPE_SUCURSAL','T_SUC_OFICINA','Oficina','ENABLED','2023-12-21 21:42:20',NULL,'ecalla',NULL,0);
/*!40000 ALTER TABLE `tipobase` ENABLE KEYS */;
UNLOCK TABLES;

--
-- Table structure for table `ubigeo`
--

DROP TABLE IF EXISTS `ubigeo`;
/*!40101 SET @saved_cs_client     = @@character_set_client */;
/*!50503 SET character_set_client = utf8mb4 */;
CREATE TABLE `ubigeo` (
  `id` int NOT NULL AUTO_INCREMENT,
  `datecreated` timestamp NOT NULL DEFAULT CURRENT_TIMESTAMP,
  `dateupdated` datetime DEFAULT NULL,
  `createdby` varchar(45) DEFAULT NULL,
  `updatedby` varchar(45) DEFAULT NULL,
  `version` int NOT NULL DEFAULT '0',
  `status` varchar(45) DEFAULT NULL,
  `codigo` varchar(45) DEFAULT NULL,
  `descripcion` varchar(100) DEFAULT NULL,
  `abreviatura` varchar(45) DEFAULT NULL,
  `tipo_ubigeo` varchar(45) DEFAULT NULL,
  `parent_ubigeo_id` int DEFAULT NULL,
  PRIMARY KEY (`id`),
  KEY `fk_ubigeo_ubigeo_idx` (`parent_ubigeo_id`),
  CONSTRAINT `fk_ubigeo_ubigeo` FOREIGN KEY (`parent_ubigeo_id`) REFERENCES `ubigeo` (`id`)
) ENGINE=InnoDB AUTO_INCREMENT=2355 DEFAULT CHARSET=latin1;
/*!40101 SET character_set_client = @saved_cs_client */;

--
-- Dumping data for table `ubigeo`
--

LOCK TABLES `ubigeo` WRITE;
/*!40000 ALTER TABLE `ubigeo` DISABLE KEYS */;
INSERT INTO `ubigeo` VALUES (1,'2023-01-23 07:11:12',NULL,NULL,NULL,0,'ENABLED','020','ANDORRA','AD','UG_PAIS',NULL),(2,'2023-01-23 07:11:12',NULL,NULL,NULL,0,'ENABLED','784','EMIRATOS RABES UNIDOS','AE','UG_PAIS',NULL),(3,'2023-01-23 07:11:12',NULL,NULL,NULL,0,'ENABLED','004','AFGANISTN','AF','UG_PAIS',NULL),(4,'2023-01-23 07:11:12',NULL,NULL,NULL,0,'ENABLED','028','ANTIGUA Y BARBUDA','AG','UG_PAIS',NULL),(5,'2023-01-23 07:11:12',NULL,NULL,NULL,0,'ENABLED','660','ANGUILA','AI','UG_PAIS',NULL),(6,'2023-01-23 07:11:12',NULL,NULL,NULL,0,'ENABLED','008','ALBANIA','AL','UG_PAIS',NULL),(7,'2023-01-23 07:11:12',NULL,NULL,NULL,0,'ENABLED','051','ARMENIA','AM','UG_PAIS',NULL),(8,'2023-01-23 07:11:12',NULL,NULL,NULL,0,'ENABLED','530','ANTILLAS NEERLANDESAS','AN','UG_PAIS',NULL),(9,'2023-01-23 07:11:12',NULL,NULL,NULL,0,'ENABLED','024','ANGOLA','AO','UG_PAIS',NULL),(10,'2023-01-23 07:11:12',NULL,NULL,NULL,0,'ENABLED','010','ANTRTIDA','AQ','UG_PAIS',NULL),(11,'2023-01-23 07:11:12',NULL,NULL,NULL,0,'ENABLED','032','ARGENTINA','AR','UG_PAIS',NULL),(12,'2023-01-23 07:11:12',NULL,NULL,NULL,0,'ENABLED','016','SAMOA AMERICANA','AS','UG_PAIS',NULL),(13,'2023-01-23 07:11:12',NULL,NULL,NULL,0,'ENABLED','040','AUSTRIA','AT','UG_PAIS',NULL),(14,'2023-01-23 07:11:12',NULL,NULL,NULL,0,'ENABLED','036','AUSTRALIA','AU','UG_PAIS',NULL),(15,'2023-01-23 07:11:12',NULL,NULL,NULL,0,'ENABLED','533','ARUBA','AW','UG_PAIS',NULL),(16,'2023-01-23 07:11:12',NULL,NULL,NULL,0,'ENABLED','248','ISLAS LAND','AX','UG_PAIS',NULL),(17,'2023-01-23 07:11:12',NULL,NULL,NULL,0,'ENABLED','031','AZERBAIYN','AZ','UG_PAIS',NULL),(18,'2023-01-23 07:11:12',NULL,NULL,NULL,0,'ENABLED','070','BOSNIA Y HERZEGOVINA','BA','UG_PAIS',NULL),(19,'2023-01-23 07:11:12',NULL,NULL,NULL,0,'ENABLED','052','BARBADOS','BB','UG_PAIS',NULL),(20,'2023-01-23 07:11:12',NULL,NULL,NULL,0,'ENABLED','050','BANGLADESH','BD','UG_PAIS',NULL),(21,'2023-01-23 07:11:12',NULL,NULL,NULL,0,'ENABLED','056','BLGICA','BE','UG_PAIS',NULL),(22,'2023-01-23 07:11:12',NULL,NULL,NULL,0,'ENABLED','854','BURKINA FASO','BF','UG_PAIS',NULL),(23,'2023-01-23 07:11:12',NULL,NULL,NULL,0,'ENABLED','100','BULGARIA','BG','UG_PAIS',NULL),(24,'2023-01-23 07:11:12',NULL,NULL,NULL,0,'ENABLED','048','BAHRIN','BH','UG_PAIS',NULL),(25,'2023-01-23 07:11:12',NULL,NULL,NULL,0,'ENABLED','108','BURUNDI','BI','UG_PAIS',NULL),(26,'2023-01-23 07:11:12',NULL,NULL,NULL,0,'ENABLED','204','BENIN','BJ','UG_PAIS',NULL),(27,'2023-01-23 07:11:12',NULL,NULL,NULL,0,'ENABLED','652','SAN BARTOLOM','BL','UG_PAIS',NULL),(28,'2023-01-23 07:11:12',NULL,NULL,NULL,0,'ENABLED','060','BERMUDAS','BM','UG_PAIS',NULL),(29,'2023-01-23 07:11:12',NULL,NULL,NULL,0,'ENABLED','096','BRUNI','BN','UG_PAIS',NULL),(30,'2023-01-23 07:11:12',NULL,NULL,NULL,0,'ENABLED','068','BOLIVIA','BO','UG_PAIS',NULL),(31,'2023-01-23 07:11:12',NULL,NULL,NULL,0,'ENABLED','076','BRASIL','BR','UG_PAIS',NULL),(32,'2023-01-23 07:11:12',NULL,NULL,NULL,0,'ENABLED','044','BAHAMAS','BS','UG_PAIS',NULL),(33,'2023-01-23 07:11:12',NULL,NULL,NULL,0,'ENABLED','064','BHUTN','BT','UG_PAIS',NULL),(34,'2023-01-23 07:11:12',NULL,NULL,NULL,0,'ENABLED','074','ISLA BOUVET','BV','UG_PAIS',NULL),(35,'2023-01-23 07:11:12',NULL,NULL,NULL,0,'ENABLED','072','BOTSUANA','BW','UG_PAIS',NULL),(36,'2023-01-23 07:11:12',NULL,NULL,NULL,0,'ENABLED','112','BELARS','BY','UG_PAIS',NULL),(37,'2023-01-23 07:11:12',NULL,NULL,NULL,0,'ENABLED','084','BELICE','BZ','UG_PAIS',NULL),(38,'2023-01-23 07:11:12',NULL,NULL,NULL,0,'ENABLED','124','CANAD','CA','UG_PAIS',NULL),(39,'2023-01-23 07:11:12',NULL,NULL,NULL,0,'ENABLED','166','ISLAS COCOS','CC','UG_PAIS',NULL),(40,'2023-01-23 07:11:12',NULL,NULL,NULL,0,'ENABLED','140','REPBLICA CENTRO-AFRICANA','CF','UG_PAIS',NULL),(41,'2023-01-23 07:11:12',NULL,NULL,NULL,0,'ENABLED','178','CONGO','CG','UG_PAIS',NULL),(42,'2023-01-23 07:11:12',NULL,NULL,NULL,0,'ENABLED','756','SUIZA','CH','UG_PAIS',NULL),(43,'2023-01-23 07:11:12',NULL,NULL,NULL,0,'ENABLED','384','COSTA DE MARFIL','CI','UG_PAIS',NULL),(44,'2023-01-23 07:11:12',NULL,NULL,NULL,0,'ENABLED','184','ISLAS COOK','CK','UG_PAIS',NULL),(45,'2023-01-23 07:11:12',NULL,NULL,NULL,0,'ENABLED','152','CHILE','CL','UG_PAIS',NULL),(46,'2023-01-23 07:11:12',NULL,NULL,NULL,0,'ENABLED','120','CAMERN','CM','UG_PAIS',NULL),(47,'2023-01-23 07:11:12',NULL,NULL,NULL,0,'ENABLED','156','CHINA','CN','UG_PAIS',NULL),(48,'2023-01-23 07:11:12',NULL,NULL,NULL,0,'ENABLED','170','COLOMBIA','CO','UG_PAIS',NULL),(49,'2023-01-23 07:11:12',NULL,NULL,NULL,0,'ENABLED','188','COSTA RICA','CR','UG_PAIS',NULL),(50,'2023-01-23 07:11:12',NULL,NULL,NULL,0,'ENABLED','192','CUBA','CU','UG_PAIS',NULL),(51,'2023-01-23 07:11:12',NULL,NULL,NULL,0,'ENABLED','132','CABO VERDE','CV','UG_PAIS',NULL),(52,'2023-01-23 07:11:12',NULL,NULL,NULL,0,'ENABLED','162','ISLAS CHRISTMAS','CX','UG_PAIS',NULL),(53,'2023-01-23 07:11:12',NULL,NULL,NULL,0,'ENABLED','196','CHIPRE','CY','UG_PAIS',NULL),(54,'2023-01-23 07:11:12',NULL,NULL,NULL,0,'ENABLED','203','REPBLICA CHECA','CZ','UG_PAIS',NULL),(55,'2023-01-23 07:11:12',NULL,NULL,NULL,0,'ENABLED','276','ALEMANIA','DE','UG_PAIS',NULL),(56,'2023-01-23 07:11:12',NULL,NULL,NULL,0,'ENABLED','262','YIBUTI','DJ','UG_PAIS',NULL),(57,'2023-01-23 07:11:12',NULL,NULL,NULL,0,'ENABLED','208','DINAMARCA','DK','UG_PAIS',NULL),(58,'2023-01-23 07:11:12',NULL,NULL,NULL,0,'ENABLED','212','DOMNICA','DM','UG_PAIS',NULL),(59,'2023-01-23 07:11:12',NULL,NULL,NULL,0,'ENABLED','214','REPBLICA DOMINICANA','DO','UG_PAIS',NULL),(60,'2023-01-23 07:11:12',NULL,NULL,NULL,0,'ENABLED','012','ARGEL','DZ','UG_PAIS',NULL),(61,'2023-01-23 07:11:12',NULL,NULL,NULL,0,'ENABLED','218','ECUADOR','EC','UG_PAIS',NULL),(62,'2023-01-23 07:11:12',NULL,NULL,NULL,0,'ENABLED','233','ESTONIA','EE','UG_PAIS',NULL),(63,'2023-01-23 07:11:12',NULL,NULL,NULL,0,'ENABLED','818','EGIPTO','EG','UG_PAIS',NULL),(64,'2023-01-23 07:11:12',NULL,NULL,NULL,0,'ENABLED','732','SAHARA OCCIDENTAL','EH','UG_PAIS',NULL),(65,'2023-01-23 07:11:12',NULL,NULL,NULL,0,'ENABLED','232','ERITREA','ER','UG_PAIS',NULL),(66,'2023-01-23 07:11:12',NULL,NULL,NULL,0,'ENABLED','724','ESPAA','ES','UG_PAIS',NULL),(67,'2023-01-23 07:11:12',NULL,NULL,NULL,0,'ENABLED','231','ETIOPA','ET','UG_PAIS',NULL),(68,'2023-01-23 07:11:12',NULL,NULL,NULL,0,'ENABLED','246','FINLANDIA','FI','UG_PAIS',NULL),(69,'2023-01-23 07:11:12',NULL,NULL,NULL,0,'ENABLED','242','FIJI','FJ','UG_PAIS',NULL),(70,'2023-01-23 07:11:12',NULL,NULL,NULL,0,'ENABLED','238','ISLAS MALVINAS','FK','UG_PAIS',NULL),(71,'2023-01-23 07:11:12',NULL,NULL,NULL,0,'ENABLED','583','MICRONESIA','FM','UG_PAIS',NULL),(72,'2023-01-23 07:11:12',NULL,NULL,NULL,0,'ENABLED','234','ISLAS FAROE','FO','UG_PAIS',NULL),(73,'2023-01-23 07:11:12',NULL,NULL,NULL,0,'ENABLED','250','FRANCIA','FR','UG_PAIS',NULL),(74,'2023-01-23 07:11:12',NULL,NULL,NULL,0,'ENABLED','266','GABN','GA','UG_PAIS',NULL),(75,'2023-01-23 07:11:12',NULL,NULL,NULL,0,'ENABLED','826','REINO UNIDO','GB','UG_PAIS',NULL),(76,'2023-01-23 07:11:12',NULL,NULL,NULL,0,'ENABLED','308','GRANADA','GD','UG_PAIS',NULL),(77,'2023-01-23 07:11:12',NULL,NULL,NULL,0,'ENABLED','268','GEORGIA','GE','UG_PAIS',NULL),(78,'2023-01-23 07:11:12',NULL,NULL,NULL,0,'ENABLED','254','GUAYANA FRANCESA','GF','UG_PAIS',NULL),(79,'2023-01-23 07:11:12',NULL,NULL,NULL,0,'ENABLED','831','GUERNSEY','GG','UG_PAIS',NULL),(80,'2023-01-23 07:11:12',NULL,NULL,NULL,0,'ENABLED','288','GHANA','GH','UG_PAIS',NULL),(81,'2023-01-23 07:11:12',NULL,NULL,NULL,0,'ENABLED','292','GIBRALTAR','GI','UG_PAIS',NULL),(82,'2023-01-23 07:11:12',NULL,NULL,NULL,0,'ENABLED','304','GROENLANDIA','GL','UG_PAIS',NULL),(83,'2023-01-23 07:11:12',NULL,NULL,NULL,0,'ENABLED','270','GAMBIA','GM','UG_PAIS',NULL),(84,'2023-01-23 07:11:12',NULL,NULL,NULL,0,'ENABLED','324','GUINEA','GN','UG_PAIS',NULL),(85,'2023-01-23 07:11:12',NULL,NULL,NULL,0,'ENABLED','312','GUADALUPE','GP','UG_PAIS',NULL),(86,'2023-01-23 07:11:12',NULL,NULL,NULL,0,'ENABLED','226','GUINEA ECUATORIAL','GQ','UG_PAIS',NULL),(87,'2023-01-23 07:11:12',NULL,NULL,NULL,0,'ENABLED','300','GRECIA','GR','UG_PAIS',NULL),(88,'2023-01-23 07:11:12',NULL,NULL,NULL,0,'ENABLED','239','GEORGIA DEL SUR E ISLAS SANDWICH DEL SUR','GS','UG_PAIS',NULL),(89,'2023-01-23 07:11:12',NULL,NULL,NULL,0,'ENABLED','320','GUATEMALA','GT','UG_PAIS',NULL),(90,'2023-01-23 07:11:12',NULL,NULL,NULL,0,'ENABLED','316','GUAM','GU','UG_PAIS',NULL),(91,'2023-01-23 07:11:12',NULL,NULL,NULL,0,'ENABLED','624','GUINEA-BISSAU','GW','UG_PAIS',NULL),(92,'2023-01-23 07:11:12',NULL,NULL,NULL,0,'ENABLED','328','GUAYANA','GY','UG_PAIS',NULL),(93,'2023-01-23 07:11:12',NULL,NULL,NULL,0,'ENABLED','344','HONG KONG','HK','UG_PAIS',NULL),(94,'2023-01-23 07:11:12',NULL,NULL,NULL,0,'ENABLED','334','ISLAS HEARD Y MCDONALD','HM','UG_PAIS',NULL),(95,'2023-01-23 07:11:12',NULL,NULL,NULL,0,'ENABLED','340','HONDURAS','HN','UG_PAIS',NULL),(96,'2023-01-23 07:11:12',NULL,NULL,NULL,0,'ENABLED','191','CROACIA','HR','UG_PAIS',NULL),(97,'2023-01-23 07:11:12',NULL,NULL,NULL,0,'ENABLED','332','HAIT','HT','UG_PAIS',NULL),(98,'2023-01-23 07:11:12',NULL,NULL,NULL,0,'ENABLED','348','HUNGRA','HU','UG_PAIS',NULL),(99,'2023-01-23 07:11:12',NULL,NULL,NULL,0,'ENABLED','360','INDONESIA','ID','UG_PAIS',NULL),(100,'2023-01-23 07:11:12',NULL,NULL,NULL,0,'ENABLED','372','IRLANDA','IE','UG_PAIS',NULL),(101,'2023-01-23 07:11:12',NULL,NULL,NULL,0,'ENABLED','376','ISRAEL','IL','UG_PAIS',NULL),(102,'2023-01-23 07:11:12',NULL,NULL,NULL,0,'ENABLED','833','ISLA DE MAN','IM','UG_PAIS',NULL),(103,'2023-01-23 07:11:12',NULL,NULL,NULL,0,'ENABLED','356','INDIA','IN','UG_PAIS',NULL),(104,'2023-01-23 07:11:12',NULL,NULL,NULL,0,'ENABLED','086','TERRITORIO BRITNICO DEL OCANO NDICO','IO','UG_PAIS',NULL),(105,'2023-01-23 07:11:12',NULL,NULL,NULL,0,'ENABLED','368','IRAK','IQ','UG_PAIS',NULL),(106,'2023-01-23 07:11:12',NULL,NULL,NULL,0,'ENABLED','364','IRN','IR','UG_PAIS',NULL),(107,'2023-01-23 07:11:12',NULL,NULL,NULL,0,'ENABLED','352','ISLANDIA','IS','UG_PAIS',NULL),(108,'2023-01-23 07:11:12',NULL,NULL,NULL,0,'ENABLED','380','ITALIA','IT','UG_PAIS',NULL),(109,'2023-01-23 07:11:12',NULL,NULL,NULL,0,'ENABLED','832','JERSEY','JE','UG_PAIS',NULL),(110,'2023-01-23 07:11:12',NULL,NULL,NULL,0,'ENABLED','388','JAMAICA','JM','UG_PAIS',NULL),(111,'2023-01-23 07:11:12',NULL,NULL,NULL,0,'ENABLED','400','JORDANIA','JO','UG_PAIS',NULL),(112,'2023-01-23 07:11:12',NULL,NULL,NULL,0,'ENABLED','392','JAPN','JP','UG_PAIS',NULL),(113,'2023-01-23 07:11:12',NULL,NULL,NULL,0,'ENABLED','404','KENIA','KE','UG_PAIS',NULL),(114,'2023-01-23 07:11:12',NULL,NULL,NULL,0,'ENABLED','417','KIRGUISTN','KG','UG_PAIS',NULL),(115,'2023-01-23 07:11:12',NULL,NULL,NULL,0,'ENABLED','116','CAMBOYA','KH','UG_PAIS',NULL),(116,'2023-01-23 07:11:12',NULL,NULL,NULL,0,'ENABLED','296','KIRIBATI','KI','UG_PAIS',NULL),(117,'2023-01-23 07:11:12',NULL,NULL,NULL,0,'ENABLED','174','COMOROS','KM','UG_PAIS',NULL),(118,'2023-01-23 07:11:12',NULL,NULL,NULL,0,'ENABLED','659','SAN CRISTBAL Y NIEVES','KN','UG_PAIS',NULL),(119,'2023-01-23 07:11:12',NULL,NULL,NULL,0,'ENABLED','408','COREA DEL NORTE','KP','UG_PAIS',NULL),(120,'2023-01-23 07:11:12',NULL,NULL,NULL,0,'ENABLED','410','COREA DEL SUR','KR','UG_PAIS',NULL),(121,'2023-01-23 07:11:12',NULL,NULL,NULL,0,'ENABLED','414','KUWAIT','KW','UG_PAIS',NULL),(122,'2023-01-23 07:11:12',NULL,NULL,NULL,0,'ENABLED','136','ISLAS CAIMN','KY','UG_PAIS',NULL),(123,'2023-01-23 07:11:12',NULL,NULL,NULL,0,'ENABLED','398','KAZAJSTN','KZ','UG_PAIS',NULL),(124,'2023-01-23 07:11:12',NULL,NULL,NULL,0,'ENABLED','418','LAOS','LA','UG_PAIS',NULL),(125,'2023-01-23 07:11:12',NULL,NULL,NULL,0,'ENABLED','422','LBANO','LB','UG_PAIS',NULL),(126,'2023-01-23 07:11:12',NULL,NULL,NULL,0,'ENABLED','662','SANTA LUCA','LC','UG_PAIS',NULL),(127,'2023-01-23 07:11:12',NULL,NULL,NULL,0,'ENABLED','438','LIECHTENSTEIN','LI','UG_PAIS',NULL),(128,'2023-01-23 07:11:12',NULL,NULL,NULL,0,'ENABLED','144','SRI LANKA','LK','UG_PAIS',NULL),(129,'2023-01-23 07:11:12',NULL,NULL,NULL,0,'ENABLED','430','LIBERIA','LR','UG_PAIS',NULL),(130,'2023-01-23 07:11:12',NULL,NULL,NULL,0,'ENABLED','426','LESOTHO','LS','UG_PAIS',NULL),(131,'2023-01-23 07:11:12',NULL,NULL,NULL,0,'ENABLED','440','LITUANIA','LT','UG_PAIS',NULL),(132,'2023-01-23 07:11:12',NULL,NULL,NULL,0,'ENABLED','442','LUXEMBURGO','LU','UG_PAIS',NULL),(133,'2023-01-23 07:11:12',NULL,NULL,NULL,0,'ENABLED','428','LETONIA','LV','UG_PAIS',NULL),(134,'2023-01-23 07:11:12',NULL,NULL,NULL,0,'ENABLED','434','LIBIA','LY','UG_PAIS',NULL),(135,'2023-01-23 07:11:12',NULL,NULL,NULL,0,'ENABLED','504','MARRUECOS','MA','UG_PAIS',NULL),(136,'2023-01-23 07:11:12',NULL,NULL,NULL,0,'ENABLED','492','MNACO','MC','UG_PAIS',NULL),(137,'2023-01-23 07:11:12',NULL,NULL,NULL,0,'ENABLED','498','MOLDOVA','MD','UG_PAIS',NULL),(138,'2023-01-23 07:11:12',NULL,NULL,NULL,0,'ENABLED','499','MONTENEGRO','ME','UG_PAIS',NULL),(139,'2023-01-23 07:11:12',NULL,NULL,NULL,0,'ENABLED','450','MADAGASCAR','MG','UG_PAIS',NULL),(140,'2023-01-23 07:11:12',NULL,NULL,NULL,0,'ENABLED','584','ISLAS MARSHALL','MH','UG_PAIS',NULL),(141,'2023-01-23 07:11:12',NULL,NULL,NULL,0,'ENABLED','807','MACEDONIA','MK','UG_PAIS',NULL),(142,'2023-01-23 07:11:12',NULL,NULL,NULL,0,'ENABLED','466','MALI','ML','UG_PAIS',NULL),(143,'2023-01-23 07:11:12',NULL,NULL,NULL,0,'ENABLED','104','MYANMAR','MM','UG_PAIS',NULL),(144,'2023-01-23 07:11:12',NULL,NULL,NULL,0,'ENABLED','496','MONGOLIA','MN','UG_PAIS',NULL),(145,'2023-01-23 07:11:12',NULL,NULL,NULL,0,'ENABLED','446','MACAO','MO','UG_PAIS',NULL),(146,'2023-01-23 07:11:12',NULL,NULL,NULL,0,'ENABLED','474','MARTINICA','MQ','UG_PAIS',NULL),(147,'2023-01-23 07:11:12',NULL,NULL,NULL,0,'ENABLED','478','MAURITANIA','MR','UG_PAIS',NULL),(148,'2023-01-23 07:11:12',NULL,NULL,NULL,0,'ENABLED','500','MONTSERRAT','MS','UG_PAIS',NULL),(149,'2023-01-23 07:11:12',NULL,NULL,NULL,0,'ENABLED','470','MALTA','MT','UG_PAIS',NULL),(150,'2023-01-23 07:11:12',NULL,NULL,NULL,0,'ENABLED','480','MAURICIO','MU','UG_PAIS',NULL),(151,'2023-01-23 07:11:12',NULL,NULL,NULL,0,'ENABLED','462','MALDIVAS','MV','UG_PAIS',NULL),(152,'2023-01-23 07:11:12',NULL,NULL,NULL,0,'ENABLED','454','MALAWI','MW','UG_PAIS',NULL),(153,'2023-01-23 07:11:12',NULL,NULL,NULL,0,'ENABLED','484','MXICO','MX','UG_PAIS',NULL),(154,'2023-01-23 07:11:12',NULL,NULL,NULL,0,'ENABLED','458','MALASIA','MY','UG_PAIS',NULL),(155,'2023-01-23 07:11:12',NULL,NULL,NULL,0,'ENABLED','508','MOZAMBIQUE','MZ','UG_PAIS',NULL),(156,'2023-01-23 07:11:12',NULL,NULL,NULL,0,'ENABLED','516','NAMIBIA','NA','UG_PAIS',NULL),(157,'2023-01-23 07:11:12',NULL,NULL,NULL,0,'ENABLED','540','NUEVA CALEDONIA','NC','UG_PAIS',NULL),(158,'2023-01-23 07:11:12',NULL,NULL,NULL,0,'ENABLED','562','NGER','NE','UG_PAIS',NULL),(159,'2023-01-23 07:11:12',NULL,NULL,NULL,0,'ENABLED','574','ISLAS NORKFOLK','NF','UG_PAIS',NULL),(160,'2023-01-23 07:11:12',NULL,NULL,NULL,0,'ENABLED','566','NIGERIA','NG','UG_PAIS',NULL),(161,'2023-01-23 07:11:12',NULL,NULL,NULL,0,'ENABLED','558','NICARAGUA','NI','UG_PAIS',NULL),(162,'2023-01-23 07:11:12',NULL,NULL,NULL,0,'ENABLED','528','PASES BAJOS','NL','UG_PAIS',NULL),(163,'2023-01-23 07:11:12',NULL,NULL,NULL,0,'ENABLED','578','NORUEGA','NO','UG_PAIS',NULL),(164,'2023-01-23 07:11:12',NULL,NULL,NULL,0,'ENABLED','524','NEPAL','NP','UG_PAIS',NULL),(165,'2023-01-23 07:11:12',NULL,NULL,NULL,0,'ENABLED','520','NAURU','NR','UG_PAIS',NULL),(166,'2023-01-23 07:11:12',NULL,NULL,NULL,0,'ENABLED','570','NIUE','NU','UG_PAIS',NULL),(167,'2023-01-23 07:11:12',NULL,NULL,NULL,0,'ENABLED','554','NUEVA ZELANDA','NZ','UG_PAIS',NULL),(168,'2023-01-23 07:11:12',NULL,NULL,NULL,0,'ENABLED','512','OMN','OM','UG_PAIS',NULL),(169,'2023-01-23 07:11:12',NULL,NULL,NULL,0,'ENABLED','591','PANAM','PA','UG_PAIS',NULL),(170,'2023-01-23 07:11:12',NULL,NULL,NULL,0,'ENABLED','604','PER','PE','UG_PAIS',NULL),(171,'2023-01-23 07:11:12',NULL,NULL,NULL,0,'ENABLED','258','POLINESIA FRANCESA','PF','UG_PAIS',NULL),(172,'2023-01-23 07:11:12',NULL,NULL,NULL,0,'ENABLED','598','PAPA NUEVA GUINEA','PG','UG_PAIS',NULL),(173,'2023-01-23 07:11:12',NULL,NULL,NULL,0,'ENABLED','608','FILIPINAS','PH','UG_PAIS',NULL),(174,'2023-01-23 07:11:12',NULL,NULL,NULL,0,'ENABLED','586','PAKISTN','PK','UG_PAIS',NULL),(175,'2023-01-23 07:11:12',NULL,NULL,NULL,0,'ENABLED','616','POLONIA','PL','UG_PAIS',NULL),(176,'2023-01-23 07:11:12',NULL,NULL,NULL,0,'ENABLED','666','SAN PEDRO Y MIQUELN','PM','UG_PAIS',NULL),(177,'2023-01-23 07:11:12',NULL,NULL,NULL,0,'ENABLED','612','ISLAS PITCAIRN','PN','UG_PAIS',NULL),(178,'2023-01-23 07:11:12',NULL,NULL,NULL,0,'ENABLED','630','PUERTO RICO','PR','UG_PAIS',NULL),(179,'2023-01-23 07:11:12',NULL,NULL,NULL,0,'ENABLED','275','PALESTINA','PS','UG_PAIS',NULL),(180,'2023-01-23 07:11:12',NULL,NULL,NULL,0,'ENABLED','620','PORTUGAL','PT','UG_PAIS',NULL),(181,'2023-01-23 07:11:12',NULL,NULL,NULL,0,'ENABLED','585','ISLAS PALAOS','PW','UG_PAIS',NULL),(182,'2023-01-23 07:11:12',NULL,NULL,NULL,0,'ENABLED','600','PARAGUAY','PY','UG_PAIS',NULL),(183,'2023-01-23 07:11:12',NULL,NULL,NULL,0,'ENABLED','634','QATAR','QA','UG_PAIS',NULL),(184,'2023-01-23 07:11:12',NULL,NULL,NULL,0,'ENABLED','638','REUNIN','RE','UG_PAIS',NULL),(185,'2023-01-23 07:11:12',NULL,NULL,NULL,0,'ENABLED','642','RUMANA','RO','UG_PAIS',NULL),(186,'2023-01-23 07:11:12',NULL,NULL,NULL,0,'ENABLED','688','SERBIA Y MONTENEGRO','RS','UG_PAIS',NULL),(187,'2023-01-23 07:11:12',NULL,NULL,NULL,0,'ENABLED','643','RUSIA','RU','UG_PAIS',NULL),(188,'2023-01-23 07:11:12',NULL,NULL,NULL,0,'ENABLED','646','RUANDA','RW','UG_PAIS',NULL),(189,'2023-01-23 07:11:12',NULL,NULL,NULL,0,'ENABLED','682','ARABIA SAUDITA','SA','UG_PAIS',NULL),(190,'2023-01-23 07:11:12',NULL,NULL,NULL,0,'ENABLED','090','ISLAS SOLOMN','SB','UG_PAIS',NULL),(191,'2023-01-23 07:11:12',NULL,NULL,NULL,0,'ENABLED','690','SEYCHELLES','SC','UG_PAIS',NULL),(192,'2023-01-23 07:11:12',NULL,NULL,NULL,0,'ENABLED','736','SUDN','SD','UG_PAIS',NULL),(193,'2023-01-23 07:11:12',NULL,NULL,NULL,0,'ENABLED','752','SUECIA','SE','UG_PAIS',NULL),(194,'2023-01-23 07:11:12',NULL,NULL,NULL,0,'ENABLED','702','SINGAPUR','SG','UG_PAIS',NULL),(195,'2023-01-23 07:11:12',NULL,NULL,NULL,0,'ENABLED','654','SANTA ELENA','SH','UG_PAIS',NULL),(196,'2023-01-23 07:11:12',NULL,NULL,NULL,0,'ENABLED','705','ESLOVENIA','SI','UG_PAIS',NULL),(197,'2023-01-23 07:11:12',NULL,NULL,NULL,0,'ENABLED','744','ISLAS SVALBARD Y JAN MAYEN','SJ','UG_PAIS',NULL),(198,'2023-01-23 07:11:12',NULL,NULL,NULL,0,'ENABLED','703','ESLOVAQUIA','SK','UG_PAIS',NULL),(199,'2023-01-23 07:11:12',NULL,NULL,NULL,0,'ENABLED','694','SIERRA LEONA','SL','UG_PAIS',NULL),(200,'2023-01-23 07:11:12',NULL,NULL,NULL,0,'ENABLED','674','SAN MARINO','SM','UG_PAIS',NULL),(201,'2023-01-23 07:11:12',NULL,NULL,NULL,0,'ENABLED','686','SENEGAL','SN','UG_PAIS',NULL),(202,'2023-01-23 07:11:12',NULL,NULL,NULL,0,'ENABLED','706','SOMALIA','SO','UG_PAIS',NULL),(203,'2023-01-23 07:11:12',NULL,NULL,NULL,0,'ENABLED','740','SURINAM','SR','UG_PAIS',NULL),(204,'2023-01-23 07:11:12',NULL,NULL,NULL,0,'ENABLED','678','SANTO TOM Y PRNCIPE','ST','UG_PAIS',NULL),(205,'2023-01-23 07:11:12',NULL,NULL,NULL,0,'ENABLED','222','EL SALVADOR','SV','UG_PAIS',NULL),(206,'2023-01-23 07:11:12',NULL,NULL,NULL,0,'ENABLED','760','SIRIA','SY','UG_PAIS',NULL),(207,'2023-01-23 07:11:12',NULL,NULL,NULL,0,'ENABLED','748','SUAZILANDIA','SZ','UG_PAIS',NULL),(208,'2023-01-23 07:11:12',NULL,NULL,NULL,0,'ENABLED','796','ISLAS TURCAS Y CAICOS','TC','UG_PAIS',NULL),(209,'2023-01-23 07:11:12',NULL,NULL,NULL,0,'ENABLED','148','CHAD','TD','UG_PAIS',NULL),(210,'2023-01-23 07:11:12',NULL,NULL,NULL,0,'ENABLED','260','TERRITORIOS AUSTRALES FRANCESES','TF','UG_PAIS',NULL),(211,'2023-01-23 07:11:12',NULL,NULL,NULL,0,'ENABLED','768','TOGO','TG','UG_PAIS',NULL),(212,'2023-01-23 07:11:12',NULL,NULL,NULL,0,'ENABLED','764','TAILANDIA','TH','UG_PAIS',NULL),(213,'2023-01-23 07:11:12',NULL,NULL,NULL,0,'ENABLED','834','TANZANIA','TH','UG_PAIS',NULL),(214,'2023-01-23 07:11:12',NULL,NULL,NULL,0,'ENABLED','762','TAYIKISTN','TJ','UG_PAIS',NULL),(215,'2023-01-23 07:11:12',NULL,NULL,NULL,0,'ENABLED','772','TOKELAU','TK','UG_PAIS',NULL),(216,'2023-01-23 07:11:12',NULL,NULL,NULL,0,'ENABLED','626','TIMOR-LESTE','TL','UG_PAIS',NULL),(217,'2023-01-23 07:11:12',NULL,NULL,NULL,0,'ENABLED','795','TURKMENISTN','TM','UG_PAIS',NULL),(218,'2023-01-23 07:11:12',NULL,NULL,NULL,0,'ENABLED','788','TNEZ','TN','UG_PAIS',NULL),(219,'2023-01-23 07:11:12',NULL,NULL,NULL,0,'ENABLED','776','TONGA','TO','UG_PAIS',NULL),(220,'2023-01-23 07:11:12',NULL,NULL,NULL,0,'ENABLED','792','TURQUA','TR','UG_PAIS',NULL),(221,'2023-01-23 07:11:12',NULL,NULL,NULL,0,'ENABLED','780','TRINIDAD Y TOBAGO','TT','UG_PAIS',NULL),(222,'2023-01-23 07:11:12',NULL,NULL,NULL,0,'ENABLED','798','TUVALU','TV','UG_PAIS',NULL),(223,'2023-01-23 07:11:12',NULL,NULL,NULL,0,'ENABLED','158','TAIWN','TW','UG_PAIS',NULL),(224,'2023-01-23 07:11:12',NULL,NULL,NULL,0,'ENABLED','804','UCRANIA','UA','UG_PAIS',NULL),(225,'2023-01-23 07:11:12',NULL,NULL,NULL,0,'ENABLED','800','UGANDA','UG','UG_PAIS',NULL),(226,'2023-01-23 07:11:12',NULL,NULL,NULL,0,'ENABLED','840','ESTADOS UNIDOS DE AMRICA','US','UG_PAIS',NULL),(227,'2023-01-23 07:11:12',NULL,NULL,NULL,0,'ENABLED','858','URUGUAY','UY','UG_PAIS',NULL),(228,'2023-01-23 07:11:12',NULL,NULL,NULL,0,'ENABLED','860','UZBEKISTN','UZ','UG_PAIS',NULL),(229,'2023-01-23 07:11:12',NULL,NULL,NULL,0,'ENABLED','336','CIUDAD DEL VATICANO','VA','UG_PAIS',NULL),(230,'2023-01-23 07:11:12',NULL,NULL,NULL,0,'ENABLED','670','SAN VICENTE Y LAS GRANADINAS','VC','UG_PAIS',NULL),(231,'2023-01-23 07:11:12',NULL,NULL,NULL,0,'ENABLED','862','VENEZUELA','VE','UG_PAIS',NULL),(232,'2023-01-23 07:11:12',NULL,NULL,NULL,0,'ENABLED','092','ISLAS VRGENES BRITNICAS','VG','UG_PAIS',NULL),(233,'2023-01-23 07:11:12',NULL,NULL,NULL,0,'ENABLED','850','ISLAS VRGENES DE LOS ESTADOS UNIDOS DE AMRICA','VI','UG_PAIS',NULL),(234,'2023-01-23 07:11:12',NULL,NULL,NULL,0,'ENABLED','704','VIETNAM','VN','UG_PAIS',NULL),(235,'2023-01-23 07:11:12',NULL,NULL,NULL,0,'ENABLED','548','VANUATU','VU','UG_PAIS',NULL),(236,'2023-01-23 07:11:12',NULL,NULL,NULL,0,'ENABLED','876','WALLIS Y FUTUNA','WF','UG_PAIS',NULL),(237,'2023-01-23 07:11:12',NULL,NULL,NULL,0,'ENABLED','882','SAMOA','WS','UG_PAIS',NULL),(238,'2023-01-23 07:11:12',NULL,NULL,NULL,0,'ENABLED','887','YEMEN','YE','UG_PAIS',NULL),(239,'2023-01-23 07:11:12',NULL,NULL,NULL,0,'ENABLED','175','MAYOTTE','YT','UG_PAIS',NULL),(240,'2023-01-23 07:11:12',NULL,NULL,NULL,0,'ENABLED','710','SUDFRICA','ZA','UG_PAIS',NULL),(241,'2023-01-23 07:58:14',NULL,NULL,NULL,0,'ENABLED','01','AMAZONAS',NULL,'UG_DEPARTAMENTO',170),(242,'2023-01-23 07:58:14',NULL,NULL,NULL,0,'ENABLED','0101','CHACHAPOYAS',NULL,'UG_PROVINCIA',241),(243,'2023-01-23 07:58:14',NULL,NULL,NULL,0,'ENABLED','02','ANCASH',NULL,'UG_DEPARTAMENTO',170),(244,'2023-01-23 07:58:14',NULL,NULL,NULL,0,'ENABLED','03','APURIMAC',NULL,'UG_DEPARTAMENTO',170),(245,'2023-01-23 07:58:14',NULL,NULL,NULL,0,'ENABLED','04','AREQUIPA',NULL,'UG_DEPARTAMENTO',170),(246,'2023-01-23 07:58:14',NULL,NULL,NULL,0,'ENABLED','05','AYACUCHO',NULL,'UG_DEPARTAMENTO',170),(247,'2023-01-23 07:58:14',NULL,NULL,NULL,0,'ENABLED','06','CAJAMARCA',NULL,'UG_DEPARTAMENTO',170),(248,'2023-01-23 07:58:14',NULL,NULL,NULL,0,'ENABLED','07','CALLAO',NULL,'UG_DEPARTAMENTO',170),(249,'2023-01-23 07:58:14',NULL,NULL,NULL,0,'ENABLED','08','CUSCO',NULL,'UG_DEPARTAMENTO',170),(250,'2023-01-23 07:58:14',NULL,NULL,NULL,0,'ENABLED','09','HUANCAVELICA',NULL,'UG_DEPARTAMENTO',170),(251,'2023-01-23 07:58:14',NULL,NULL,NULL,0,'ENABLED','10','HUANUCO',NULL,'UG_DEPARTAMENTO',170),(252,'2023-01-23 07:58:14',NULL,NULL,NULL,0,'ENABLED','11','ICA',NULL,'UG_DEPARTAMENTO',170),(253,'2023-01-23 07:58:14',NULL,NULL,NULL,0,'ENABLED','12','JUNIN',NULL,'UG_DEPARTAMENTO',170),(254,'2023-01-23 07:58:14',NULL,NULL,NULL,0,'ENABLED','13','LA LIBERTAD',NULL,'UG_DEPARTAMENTO',170),(255,'2023-01-23 07:58:14',NULL,NULL,NULL,0,'ENABLED','14','LAMBAYEQUE',NULL,'UG_DEPARTAMENTO',170),(256,'2023-01-23 07:58:14',NULL,NULL,NULL,0,'ENABLED','15','LIMA',NULL,'UG_DEPARTAMENTO',170),(257,'2023-01-23 07:58:14',NULL,NULL,NULL,0,'ENABLED','16','LORETO',NULL,'UG_DEPARTAMENTO',170),(258,'2023-01-23 07:58:14',NULL,NULL,NULL,0,'ENABLED','24','TUMBES',NULL,'UG_DEPARTAMENTO',170),(259,'2023-01-23 07:58:14',NULL,NULL,NULL,0,'ENABLED','25','UCAYALI',NULL,'UG_DEPARTAMENTO',170),(260,'2023-01-23 07:58:14',NULL,NULL,NULL,0,'ENABLED','18','MOQUEGUA',NULL,'UG_DEPARTAMENTO',170),(261,'2023-01-23 07:58:14',NULL,NULL,NULL,0,'ENABLED','22','SAN MARTIN',NULL,'UG_DEPARTAMENTO',170),(262,'2023-01-23 07:58:14',NULL,NULL,NULL,0,'ENABLED','17','MADRE DE DIOS',NULL,'UG_DEPARTAMENTO',170),(263,'2023-01-23 07:58:14',NULL,NULL,NULL,0,'ENABLED','19','PASCO',NULL,'UG_DEPARTAMENTO',170),(264,'2023-01-23 07:58:14',NULL,NULL,NULL,0,'ENABLED','20','PIURA',NULL,'UG_DEPARTAMENTO',170),(265,'2023-01-23 07:58:14',NULL,NULL,NULL,0,'ENABLED','21','PUNO',NULL,'UG_DEPARTAMENTO',170),(266,'2023-01-23 07:58:14',NULL,NULL,NULL,0,'ENABLED','23','TACNA',NULL,'UG_DEPARTAMENTO',170),(267,'2023-01-23 07:58:14',NULL,NULL,NULL,0,'ENABLED','010101','CHACHAPOYAS',NULL,'UG_DISTRITO',242),(268,'2023-01-23 07:58:14',NULL,NULL,NULL,0,'ENABLED','0102','BAGUA',NULL,'UG_PROVINCIA',241),(269,'2023-01-23 07:58:14',NULL,NULL,NULL,0,'ENABLED','0103','BONGARA',NULL,'UG_PROVINCIA',241),(270,'2023-01-23 07:58:14',NULL,NULL,NULL,0,'ENABLED','0104','CONDORCANQUI',NULL,'UG_PROVINCIA',241),(271,'2023-01-23 07:58:14',NULL,NULL,NULL,0,'ENABLED','0105','LUYA',NULL,'UG_PROVINCIA',241),(272,'2023-01-23 07:58:14',NULL,NULL,NULL,0,'ENABLED','0106','RODRIGUEZ DE MENDOZA',NULL,'UG_PROVINCIA',241),(273,'2023-01-23 07:58:14',NULL,NULL,NULL,0,'ENABLED','0107','UTCUBAMBA',NULL,'UG_PROVINCIA',241),(274,'2023-01-23 07:58:14',NULL,NULL,NULL,0,'ENABLED','0201','HUARAZ',NULL,'UG_PROVINCIA',243),(275,'2023-01-23 07:58:14',NULL,NULL,NULL,0,'ENABLED','0202','AIJA',NULL,'UG_PROVINCIA',243),(276,'2023-01-23 07:58:14',NULL,NULL,NULL,0,'ENABLED','0203','ANTONIO RAYMONDI',NULL,'UG_PROVINCIA',243),(277,'2023-01-23 07:58:14',NULL,NULL,NULL,0,'ENABLED','0204','ASUNCION',NULL,'UG_PROVINCIA',243),(278,'2023-01-23 07:58:14',NULL,NULL,NULL,0,'ENABLED','0205','BOLOGNESI',NULL,'UG_PROVINCIA',243),(279,'2023-01-23 07:58:14',NULL,NULL,NULL,0,'ENABLED','0206','CARHUAZ',NULL,'UG_PROVINCIA',243),(280,'2023-01-23 07:58:14',NULL,NULL,NULL,0,'ENABLED','0207','CARLOS FERMIN FITZCARRALD',NULL,'UG_PROVINCIA',243),(281,'2023-01-23 07:58:14',NULL,NULL,NULL,0,'ENABLED','0208','CASMA',NULL,'UG_PROVINCIA',243),(282,'2023-01-23 07:58:14',NULL,NULL,NULL,0,'ENABLED','0209','CORONGO',NULL,'UG_PROVINCIA',243),(283,'2023-01-23 07:58:14',NULL,NULL,NULL,0,'ENABLED','0210','HUARI',NULL,'UG_PROVINCIA',243),(284,'2023-01-23 07:58:14',NULL,NULL,NULL,0,'ENABLED','0211','HUARMEY',NULL,'UG_PROVINCIA',243),(285,'2023-01-23 07:58:14',NULL,NULL,NULL,0,'ENABLED','0212','HUAYLAS',NULL,'UG_PROVINCIA',243),(286,'2023-01-23 07:58:14',NULL,NULL,NULL,0,'ENABLED','0213','MARISCAL LUZURIAGA',NULL,'UG_PROVINCIA',243),(287,'2023-01-23 07:58:14',NULL,NULL,NULL,0,'ENABLED','0214','OCROS',NULL,'UG_PROVINCIA',243),(288,'2023-01-23 07:58:14',NULL,NULL,NULL,0,'ENABLED','0215','PALLASCA',NULL,'UG_PROVINCIA',243),(289,'2023-01-23 07:58:14',NULL,NULL,NULL,0,'ENABLED','0216','POMABAMBA',NULL,'UG_PROVINCIA',243),(290,'2023-01-23 07:58:14',NULL,NULL,NULL,0,'ENABLED','0217','RECUAY',NULL,'UG_PROVINCIA',243),(291,'2023-01-23 07:58:14',NULL,NULL,NULL,0,'ENABLED','0218','SANTA',NULL,'UG_PROVINCIA',243),(292,'2023-01-23 07:58:14',NULL,NULL,NULL,0,'ENABLED','0219','SIHUAS',NULL,'UG_PROVINCIA',243),(293,'2023-01-23 07:58:14',NULL,NULL,NULL,0,'ENABLED','0220','YUNGAY',NULL,'UG_PROVINCIA',243),(294,'2023-01-23 07:58:14',NULL,NULL,NULL,0,'ENABLED','0301','ABANCAY',NULL,'UG_PROVINCIA',244),(295,'2023-01-23 07:58:14',NULL,NULL,NULL,0,'ENABLED','0302','ANDAHUAYLAS',NULL,'UG_PROVINCIA',244),(296,'2023-01-23 07:58:14',NULL,NULL,NULL,0,'ENABLED','0303','ANTABAMBA',NULL,'UG_PROVINCIA',244),(297,'2023-01-23 07:58:14',NULL,NULL,NULL,0,'ENABLED','0304','AYMARAES',NULL,'UG_PROVINCIA',244),(298,'2023-01-23 07:58:14',NULL,NULL,NULL,0,'ENABLED','0305','COTABAMBAS',NULL,'UG_PROVINCIA',244),(299,'2023-01-23 07:58:14',NULL,NULL,NULL,0,'ENABLED','0306','CHINCHEROS',NULL,'UG_PROVINCIA',244),(300,'2023-01-23 07:58:14',NULL,NULL,NULL,0,'ENABLED','0307','GRAU',NULL,'UG_PROVINCIA',244),(301,'2023-01-23 07:58:14',NULL,NULL,NULL,0,'ENABLED','0401','AREQUIPA',NULL,'UG_PROVINCIA',245),(302,'2023-01-23 07:58:14',NULL,NULL,NULL,0,'ENABLED','0402','CAMANA',NULL,'UG_PROVINCIA',245),(303,'2023-01-23 07:58:14',NULL,NULL,NULL,0,'ENABLED','0403','CARAVELI',NULL,'UG_PROVINCIA',245),(304,'2023-01-23 07:58:14',NULL,NULL,NULL,0,'ENABLED','0404','CASTILLA',NULL,'UG_PROVINCIA',245),(305,'2023-01-23 07:58:15',NULL,NULL,NULL,0,'ENABLED','0405','CAYLLOMA',NULL,'UG_PROVINCIA',245),(306,'2023-01-23 07:58:15',NULL,NULL,NULL,0,'ENABLED','0406','CONDESUYOS',NULL,'UG_PROVINCIA',245),(307,'2023-01-23 07:58:15',NULL,NULL,NULL,0,'ENABLED','0407','ISLAY',NULL,'UG_PROVINCIA',245),(308,'2023-01-23 07:58:15',NULL,NULL,NULL,0,'ENABLED','0408','LA UNION',NULL,'UG_PROVINCIA',245),(309,'2023-01-23 07:58:15',NULL,NULL,NULL,0,'ENABLED','0501','HUAMANGA',NULL,'UG_PROVINCIA',246),(310,'2023-01-23 07:58:15',NULL,NULL,NULL,0,'ENABLED','0502','CANGALLO',NULL,'UG_PROVINCIA',246),(311,'2023-01-23 07:58:15',NULL,NULL,NULL,0,'ENABLED','0503','HUANCA SANCOS',NULL,'UG_PROVINCIA',246),(312,'2023-01-23 07:58:15',NULL,NULL,NULL,0,'ENABLED','0504','HUANTA',NULL,'UG_PROVINCIA',246),(313,'2023-01-23 07:58:15',NULL,NULL,NULL,0,'ENABLED','0505','LA MAR',NULL,'UG_PROVINCIA',246),(314,'2023-01-23 07:58:15',NULL,NULL,NULL,0,'ENABLED','0506','LUCANAS',NULL,'UG_PROVINCIA',246),(315,'2023-01-23 07:58:15',NULL,NULL,NULL,0,'ENABLED','0507','PARINACOCHAS',NULL,'UG_PROVINCIA',246),(316,'2023-01-23 07:58:15',NULL,NULL,NULL,0,'ENABLED','0508','PAUCAR DEL SARA SARA',NULL,'UG_PROVINCIA',246),(317,'2023-01-23 07:58:15',NULL,NULL,NULL,0,'ENABLED','0509','SUCRE',NULL,'UG_PROVINCIA',246),(318,'2023-01-23 07:58:15',NULL,NULL,NULL,0,'ENABLED','0510','VICTOR FAJARDO',NULL,'UG_PROVINCIA',246),(319,'2023-01-23 07:58:15',NULL,NULL,NULL,0,'ENABLED','0511','VILCAS HUAMAN',NULL,'UG_PROVINCIA',246),(320,'2023-01-23 07:58:15',NULL,NULL,NULL,0,'ENABLED','0601','CAJAMARCA',NULL,'UG_PROVINCIA',247),(321,'2023-01-23 07:58:15',NULL,NULL,NULL,0,'ENABLED','0602','CAJABAMBA',NULL,'UG_PROVINCIA',247),(322,'2023-01-23 07:58:15',NULL,NULL,NULL,0,'ENABLED','0603','CELENDIN',NULL,'UG_PROVINCIA',247),(323,'2023-01-23 07:58:15',NULL,NULL,NULL,0,'ENABLED','0604','CHOTA',NULL,'UG_PROVINCIA',247),(324,'2023-01-23 07:58:15',NULL,NULL,NULL,0,'ENABLED','0605','CONTUMAZA',NULL,'UG_PROVINCIA',247),(325,'2023-01-23 07:58:15',NULL,NULL,NULL,0,'ENABLED','0606','CUTERVO',NULL,'UG_PROVINCIA',247),(326,'2023-01-23 07:58:15',NULL,NULL,NULL,0,'ENABLED','0607','HUALGAYOC',NULL,'UG_PROVINCIA',247),(327,'2023-01-23 07:58:15',NULL,NULL,NULL,0,'ENABLED','0608','JAEN',NULL,'UG_PROVINCIA',247),(328,'2023-01-23 07:58:15',NULL,NULL,NULL,0,'ENABLED','0609','SAN IGNACIO',NULL,'UG_PROVINCIA',247),(329,'2023-01-23 07:58:15',NULL,NULL,NULL,0,'ENABLED','0610','SAN MARCOS',NULL,'UG_PROVINCIA',247),(330,'2023-01-23 07:58:15',NULL,NULL,NULL,0,'ENABLED','0611','SAN MIGUEL',NULL,'UG_PROVINCIA',247),(331,'2023-01-23 07:58:15',NULL,NULL,NULL,0,'ENABLED','0612','SAN PABLO',NULL,'UG_PROVINCIA',247),(332,'2023-01-23 07:58:15',NULL,NULL,NULL,0,'ENABLED','0613','SANTA CRUZ',NULL,'UG_PROVINCIA',247),(333,'2023-01-23 07:58:15',NULL,NULL,NULL,0,'ENABLED','0701','CALLAO',NULL,'UG_PROVINCIA',248),(334,'2023-01-23 07:58:15',NULL,NULL,NULL,0,'ENABLED','0801','CUSCO',NULL,'UG_PROVINCIA',249),(335,'2023-01-23 07:58:15',NULL,NULL,NULL,0,'ENABLED','0802','ACOMAYO',NULL,'UG_PROVINCIA',249),(336,'2023-01-23 07:58:15',NULL,NULL,NULL,0,'ENABLED','0803','ANTA',NULL,'UG_PROVINCIA',249),(337,'2023-01-23 07:58:15',NULL,NULL,NULL,0,'ENABLED','0804','CALCA',NULL,'UG_PROVINCIA',249),(338,'2023-01-23 07:58:15',NULL,NULL,NULL,0,'ENABLED','0805','CANAS',NULL,'UG_PROVINCIA',249),(339,'2023-01-23 07:58:15',NULL,NULL,NULL,0,'ENABLED','0806','CANCHIS',NULL,'UG_PROVINCIA',249),(340,'2023-01-23 07:58:15',NULL,NULL,NULL,0,'ENABLED','0807','CHUMBIVILCAS',NULL,'UG_PROVINCIA',249),(341,'2023-01-23 07:58:15',NULL,NULL,NULL,0,'ENABLED','0808','ESPINAR',NULL,'UG_PROVINCIA',249),(342,'2023-01-23 07:58:15',NULL,NULL,NULL,0,'ENABLED','0809','LA CONVENCION',NULL,'UG_PROVINCIA',249),(343,'2023-01-23 07:58:15',NULL,NULL,NULL,0,'ENABLED','0810','PARURO',NULL,'UG_PROVINCIA',249),(344,'2023-01-23 07:58:15',NULL,NULL,NULL,0,'ENABLED','0811','PAUCARTAMBO',NULL,'UG_PROVINCIA',249),(345,'2023-01-23 07:58:15',NULL,NULL,NULL,0,'ENABLED','0812','QUISPICANCHI',NULL,'UG_PROVINCIA',249),(346,'2023-01-23 07:58:15',NULL,NULL,NULL,0,'ENABLED','0813','URUBAMBA',NULL,'UG_PROVINCIA',249),(347,'2023-01-23 07:58:15',NULL,NULL,NULL,0,'ENABLED','0901','HUANCAVELICA',NULL,'UG_PROVINCIA',250),(348,'2023-01-23 07:58:15',NULL,NULL,NULL,0,'ENABLED','0902','ACOBAMBA',NULL,'UG_PROVINCIA',250),(349,'2023-01-23 07:58:15',NULL,NULL,NULL,0,'ENABLED','0903','ANGARAES',NULL,'UG_PROVINCIA',250),(350,'2023-01-23 07:58:15',NULL,NULL,NULL,0,'ENABLED','0904','CASTROVIRREYNA',NULL,'UG_PROVINCIA',250),(351,'2023-01-23 07:58:15',NULL,NULL,NULL,0,'ENABLED','0905','CHURCAMPA',NULL,'UG_PROVINCIA',250),(352,'2023-01-23 07:58:15',NULL,NULL,NULL,0,'ENABLED','0906','HUAYTARA',NULL,'UG_PROVINCIA',250),(353,'2023-01-23 07:58:15',NULL,NULL,NULL,0,'ENABLED','0907','TAYACAJA',NULL,'UG_PROVINCIA',250),(354,'2023-01-23 07:58:15',NULL,NULL,NULL,0,'ENABLED','1001','HUANUCO',NULL,'UG_PROVINCIA',251),(355,'2023-01-23 07:58:15',NULL,NULL,NULL,0,'ENABLED','1002','AMBO',NULL,'UG_PROVINCIA',251),(356,'2023-01-23 07:58:15',NULL,NULL,NULL,0,'ENABLED','1003','DOS DE MAYO',NULL,'UG_PROVINCIA',251),(357,'2023-01-23 07:58:15',NULL,NULL,NULL,0,'ENABLED','1004','HUACAYBAMBA',NULL,'UG_PROVINCIA',251),(358,'2023-01-23 07:58:15',NULL,NULL,NULL,0,'ENABLED','1005','HUAMALIES',NULL,'UG_PROVINCIA',251),(359,'2023-01-23 07:58:15',NULL,NULL,NULL,0,'ENABLED','1006','LEONCIO PRADO',NULL,'UG_PROVINCIA',251),(360,'2023-01-23 07:58:15',NULL,NULL,NULL,0,'ENABLED','1007','MARAON',NULL,'UG_PROVINCIA',251),(361,'2023-01-23 07:58:15',NULL,NULL,NULL,0,'ENABLED','1008','PACHITEA',NULL,'UG_PROVINCIA',251),(362,'2023-01-23 07:58:15',NULL,NULL,NULL,0,'ENABLED','1009','PUERTO INCA',NULL,'UG_PROVINCIA',251),(363,'2023-01-23 07:58:15',NULL,NULL,NULL,0,'ENABLED','1010','LAURICOCHA',NULL,'UG_PROVINCIA',251),(364,'2023-01-23 07:58:15',NULL,NULL,NULL,0,'ENABLED','1011','YAROWILCA',NULL,'UG_PROVINCIA',251),(365,'2023-01-23 07:58:15',NULL,NULL,NULL,0,'ENABLED','1101','ICA',NULL,'UG_PROVINCIA',252),(366,'2023-01-23 07:58:15',NULL,NULL,NULL,0,'ENABLED','1102','CHINCHA',NULL,'UG_PROVINCIA',252),(367,'2023-01-23 07:58:15',NULL,NULL,NULL,0,'ENABLED','010102','ASUNCION',NULL,'UG_DISTRITO',242),(368,'2023-01-23 07:58:15',NULL,NULL,NULL,0,'ENABLED','010103','BALSAS',NULL,'UG_DISTRITO',242),(369,'2023-01-23 07:58:15',NULL,NULL,NULL,0,'ENABLED','010104','CHETO',NULL,'UG_DISTRITO',242),(370,'2023-01-23 07:58:15',NULL,NULL,NULL,0,'ENABLED','010105','CHILIQUIN',NULL,'UG_DISTRITO',242),(371,'2023-01-23 07:58:15',NULL,NULL,NULL,0,'ENABLED','010106','CHUQUIBAMBA',NULL,'UG_DISTRITO',242),(372,'2023-01-23 07:58:15',NULL,NULL,NULL,0,'ENABLED','010107','GRANADA',NULL,'UG_DISTRITO',242),(373,'2023-01-23 07:58:15',NULL,NULL,NULL,0,'ENABLED','010108','HUANCAS',NULL,'UG_DISTRITO',242),(374,'2023-01-23 07:58:15',NULL,NULL,NULL,0,'ENABLED','010109','LA JALCA',NULL,'UG_DISTRITO',242),(375,'2023-01-23 07:58:15',NULL,NULL,NULL,0,'ENABLED','1103','NAZCA',NULL,'UG_PROVINCIA',252),(376,'2023-01-23 07:58:15',NULL,NULL,NULL,0,'ENABLED','010110','LEIMEBAMBA',NULL,'UG_DISTRITO',242),(377,'2023-01-23 07:58:15',NULL,NULL,NULL,0,'ENABLED','010111','LEVANTO',NULL,'UG_DISTRITO',242),(378,'2023-01-23 07:58:15',NULL,NULL,NULL,0,'ENABLED','010112','MAGDALENA',NULL,'UG_DISTRITO',242),(379,'2023-01-23 07:58:15',NULL,NULL,NULL,0,'ENABLED','010113','MARISCAL CASTILLA',NULL,'UG_DISTRITO',242),(380,'2023-01-23 07:58:15',NULL,NULL,NULL,0,'ENABLED','010114','MOLINOPAMPA',NULL,'UG_DISTRITO',242),(381,'2023-01-23 07:58:15',NULL,NULL,NULL,0,'ENABLED','1104','PALPA',NULL,'UG_PROVINCIA',252),(382,'2023-01-23 07:58:15',NULL,NULL,NULL,0,'ENABLED','010115','MONTEVIDEO',NULL,'UG_DISTRITO',242),(383,'2023-01-23 07:58:15',NULL,NULL,NULL,0,'ENABLED','010116','OLLEROS',NULL,'UG_DISTRITO',242),(384,'2023-01-23 07:58:15',NULL,NULL,NULL,0,'ENABLED','1105','PISCO',NULL,'UG_PROVINCIA',252),(385,'2023-01-23 07:58:15',NULL,NULL,NULL,0,'ENABLED','010117','QUINJALCA',NULL,'UG_DISTRITO',242),(386,'2023-01-23 07:58:15',NULL,NULL,NULL,0,'ENABLED','010118','SAN FRANCISCO DE DAGUAS',NULL,'UG_DISTRITO',242),(387,'2023-01-23 07:58:15',NULL,NULL,NULL,0,'ENABLED','010119','SAN ISIDRO DE MAINO',NULL,'UG_DISTRITO',242),(388,'2023-01-23 07:58:15',NULL,NULL,NULL,0,'ENABLED','010120','SOLOCO',NULL,'UG_DISTRITO',242),(389,'2023-01-23 07:58:15',NULL,NULL,NULL,0,'ENABLED','1201','HUANCAYO',NULL,'UG_PROVINCIA',253),(390,'2023-01-23 07:58:15',NULL,NULL,NULL,0,'ENABLED','010121','SONCHE',NULL,'UG_DISTRITO',242),(391,'2023-01-23 07:58:15',NULL,NULL,NULL,0,'ENABLED','010201','BAGUA',NULL,'UG_DISTRITO',268),(392,'2023-01-23 07:58:15',NULL,NULL,NULL,0,'ENABLED','010202','ARAMANGO',NULL,'UG_DISTRITO',268),(393,'2023-01-23 07:58:15',NULL,NULL,NULL,0,'ENABLED','010203','COPALLIN',NULL,'UG_DISTRITO',268),(394,'2023-01-23 07:58:15',NULL,NULL,NULL,0,'ENABLED','010204','EL PARCO',NULL,'UG_DISTRITO',268),(395,'2023-01-23 07:58:15',NULL,NULL,NULL,0,'ENABLED','010205','IMAZA',NULL,'UG_DISTRITO',268),(396,'2023-01-23 07:58:15',NULL,NULL,NULL,0,'ENABLED','010206','LA PECA',NULL,'UG_DISTRITO',268),(397,'2023-01-23 07:58:15',NULL,NULL,NULL,0,'ENABLED','010301','JUMBILLA',NULL,'UG_DISTRITO',269),(398,'2023-01-23 07:58:15',NULL,NULL,NULL,0,'ENABLED','010302','CHISQUILLA',NULL,'UG_DISTRITO',269),(399,'2023-01-23 07:58:15',NULL,NULL,NULL,0,'ENABLED','010303','CHURUJA',NULL,'UG_DISTRITO',269),(400,'2023-01-23 07:58:15',NULL,NULL,NULL,0,'ENABLED','010304','COROSHA',NULL,'UG_DISTRITO',269),(401,'2023-01-23 07:58:15',NULL,NULL,NULL,0,'ENABLED','010305','CUISPES',NULL,'UG_DISTRITO',269),(402,'2023-01-23 07:58:15',NULL,NULL,NULL,0,'ENABLED','010306','FLORIDA',NULL,'UG_DISTRITO',269),(403,'2023-01-23 07:58:15',NULL,NULL,NULL,0,'ENABLED','010307','JAZAN',NULL,'UG_DISTRITO',269),(404,'2023-01-23 07:58:15',NULL,NULL,NULL,0,'ENABLED','010308','RECTA',NULL,'UG_DISTRITO',269),(405,'2023-01-23 07:58:15',NULL,NULL,NULL,0,'ENABLED','1202','CONCEPCION',NULL,'UG_PROVINCIA',253),(406,'2023-01-23 07:58:15',NULL,NULL,NULL,0,'ENABLED','010309','SAN CARLOS',NULL,'UG_DISTRITO',269),(407,'2023-01-23 07:58:15',NULL,NULL,NULL,0,'ENABLED','010310','SHIPASBAMBA',NULL,'UG_DISTRITO',269),(408,'2023-01-23 07:58:15',NULL,NULL,NULL,0,'ENABLED','010311','VALERA',NULL,'UG_DISTRITO',269),(409,'2023-01-23 07:58:15',NULL,NULL,NULL,0,'ENABLED','010312','YAMBRASBAMBA',NULL,'UG_DISTRITO',269),(410,'2023-01-23 07:58:15',NULL,NULL,NULL,0,'ENABLED','010401','NIEVA',NULL,'UG_DISTRITO',270),(411,'2023-01-23 07:58:15',NULL,NULL,NULL,0,'ENABLED','010402','EL CENEPA',NULL,'UG_DISTRITO',270),(412,'2023-01-23 07:58:15',NULL,NULL,NULL,0,'ENABLED','010403','RIO SANTIAGO',NULL,'UG_DISTRITO',270),(413,'2023-01-23 07:58:15',NULL,NULL,NULL,0,'ENABLED','1203','CHANCHAMAYO',NULL,'UG_PROVINCIA',253),(414,'2023-01-23 07:58:15',NULL,NULL,NULL,0,'ENABLED','010501','LAMUD',NULL,'UG_DISTRITO',271),(415,'2023-01-23 07:58:15',NULL,NULL,NULL,0,'ENABLED','010502','CAMPORREDONDO',NULL,'UG_DISTRITO',271),(416,'2023-01-23 07:58:15',NULL,NULL,NULL,0,'ENABLED','010503','COCABAMBA',NULL,'UG_DISTRITO',271),(417,'2023-01-23 07:58:15',NULL,NULL,NULL,0,'ENABLED','010504','COLCAMAR',NULL,'UG_DISTRITO',271),(418,'2023-01-23 07:58:15',NULL,NULL,NULL,0,'ENABLED','1204','JAUJA',NULL,'UG_PROVINCIA',253),(419,'2023-01-23 07:58:15',NULL,NULL,NULL,0,'ENABLED','010505','CONILA',NULL,'UG_DISTRITO',271),(420,'2023-01-23 07:58:15',NULL,NULL,NULL,0,'ENABLED','010506','INGUILPATA',NULL,'UG_DISTRITO',271),(421,'2023-01-23 07:58:15',NULL,NULL,NULL,0,'ENABLED','010507','LONGUITA',NULL,'UG_DISTRITO',271),(422,'2023-01-23 07:58:15',NULL,NULL,NULL,0,'ENABLED','010508','LONYA CHICO',NULL,'UG_DISTRITO',271),(423,'2023-01-23 07:58:15',NULL,NULL,NULL,0,'ENABLED','010509','LUYA',NULL,'UG_DISTRITO',271),(424,'2023-01-23 07:58:15',NULL,NULL,NULL,0,'ENABLED','010510','LUYA VIEJO',NULL,'UG_DISTRITO',271),(425,'2023-01-23 07:58:15',NULL,NULL,NULL,0,'ENABLED','010511','MARIA',NULL,'UG_DISTRITO',271),(426,'2023-01-23 07:58:15',NULL,NULL,NULL,0,'ENABLED','010512','OCALLI',NULL,'UG_DISTRITO',271),(427,'2023-01-23 07:58:15',NULL,NULL,NULL,0,'ENABLED','010513','OCUMAL',NULL,'UG_DISTRITO',271),(428,'2023-01-23 07:58:15',NULL,NULL,NULL,0,'ENABLED','010514','PISUQUIA',NULL,'UG_DISTRITO',271),(429,'2023-01-23 07:58:15',NULL,NULL,NULL,0,'ENABLED','010515','PROVIDENCIA',NULL,'UG_DISTRITO',271),(430,'2023-01-23 07:58:15',NULL,NULL,NULL,0,'ENABLED','010516','SAN CRISTOBAL',NULL,'UG_DISTRITO',271),(431,'2023-01-23 07:58:15',NULL,NULL,NULL,0,'ENABLED','010517','SAN FRANCISCO DEL YESO',NULL,'UG_DISTRITO',271),(432,'2023-01-23 07:58:15',NULL,NULL,NULL,0,'ENABLED','010518','SAN JERONIMO',NULL,'UG_DISTRITO',271),(433,'2023-01-23 07:58:15',NULL,NULL,NULL,0,'ENABLED','010519','SAN JUAN DE LOPECANCHA',NULL,'UG_DISTRITO',271),(434,'2023-01-23 07:58:15',NULL,NULL,NULL,0,'ENABLED','010520','SANTA CATALINA',NULL,'UG_DISTRITO',271),(435,'2023-01-23 07:58:15',NULL,NULL,NULL,0,'ENABLED','010521','SANTO TOMAS',NULL,'UG_DISTRITO',271),(436,'2023-01-23 07:58:15',NULL,NULL,NULL,0,'ENABLED','1205','JUNIN',NULL,'UG_PROVINCIA',253),(437,'2023-01-23 07:58:15',NULL,NULL,NULL,0,'ENABLED','010522','TINGO',NULL,'UG_DISTRITO',271),(438,'2023-01-23 07:58:15',NULL,NULL,NULL,0,'ENABLED','010523','TRITA',NULL,'UG_DISTRITO',271),(439,'2023-01-23 07:58:15',NULL,NULL,NULL,0,'ENABLED','010601','SAN NICOLAS',NULL,'UG_DISTRITO',272),(440,'2023-01-23 07:58:15',NULL,NULL,NULL,0,'ENABLED','1206','SATIPO',NULL,'UG_PROVINCIA',253),(441,'2023-01-23 07:58:15',NULL,NULL,NULL,0,'ENABLED','010602','CHIRIMOTO',NULL,'UG_DISTRITO',272),(442,'2023-01-23 07:58:15',NULL,NULL,NULL,0,'ENABLED','010603','COCHAMAL',NULL,'UG_DISTRITO',272),(443,'2023-01-23 07:58:15',NULL,NULL,NULL,0,'ENABLED','010604','HUAMBO',NULL,'UG_DISTRITO',272),(444,'2023-01-23 07:58:15',NULL,NULL,NULL,0,'ENABLED','010605','LIMABAMBA',NULL,'UG_DISTRITO',272),(445,'2023-01-23 07:58:15',NULL,NULL,NULL,0,'ENABLED','010606','LONGAR',NULL,'UG_DISTRITO',272),(446,'2023-01-23 07:58:15',NULL,NULL,NULL,0,'ENABLED','1207','TARMA',NULL,'UG_PROVINCIA',253),(447,'2023-01-23 07:58:15',NULL,NULL,NULL,0,'ENABLED','010607','MARISCAL BENAVIDES',NULL,'UG_DISTRITO',272),(448,'2023-01-23 07:58:15',NULL,NULL,NULL,0,'ENABLED','010608','MILPUC',NULL,'UG_DISTRITO',272),(449,'2023-01-23 07:58:15',NULL,NULL,NULL,0,'ENABLED','010609','OMIA',NULL,'UG_DISTRITO',272),(450,'2023-01-23 07:58:15',NULL,NULL,NULL,0,'ENABLED','010610','SANTA ROSA',NULL,'UG_DISTRITO',272),(451,'2023-01-23 07:58:15',NULL,NULL,NULL,0,'ENABLED','1208','YAULI',NULL,'UG_PROVINCIA',253),(452,'2023-01-23 07:58:15',NULL,NULL,NULL,0,'ENABLED','010611','TOTORA',NULL,'UG_DISTRITO',272),(453,'2023-01-23 07:58:15',NULL,NULL,NULL,0,'ENABLED','010612','VISTA ALEGRE',NULL,'UG_DISTRITO',272),(454,'2023-01-23 07:58:15',NULL,NULL,NULL,0,'ENABLED','010701','BAGUA GRANDE',NULL,'UG_DISTRITO',273),(455,'2023-01-23 07:58:15',NULL,NULL,NULL,0,'ENABLED','010702','CAJARURO',NULL,'UG_DISTRITO',273),(456,'2023-01-23 07:58:15',NULL,NULL,NULL,0,'ENABLED','010703','CUMBA',NULL,'UG_DISTRITO',273),(457,'2023-01-23 07:58:15',NULL,NULL,NULL,0,'ENABLED','010704','EL MILAGRO',NULL,'UG_DISTRITO',273),(458,'2023-01-23 07:58:15',NULL,NULL,NULL,0,'ENABLED','1209','CHUPACA',NULL,'UG_PROVINCIA',253),(459,'2023-01-23 07:58:15',NULL,NULL,NULL,0,'ENABLED','010705','JAMALCA',NULL,'UG_DISTRITO',273),(460,'2023-01-23 07:58:15',NULL,NULL,NULL,0,'ENABLED','010706','LONYA GRANDE',NULL,'UG_DISTRITO',273),(461,'2023-01-23 07:58:15',NULL,NULL,NULL,0,'ENABLED','010707','YAMON',NULL,'UG_DISTRITO',273),(462,'2023-01-23 07:58:15',NULL,NULL,NULL,0,'ENABLED','020101','HUARAZ',NULL,'UG_DISTRITO',274),(463,'2023-01-23 07:58:15',NULL,NULL,NULL,0,'ENABLED','020102','COCHABAMBA',NULL,'UG_DISTRITO',274),(464,'2023-01-23 07:58:15',NULL,NULL,NULL,0,'ENABLED','1301','TRUJILLO',NULL,'UG_PROVINCIA',254),(465,'2023-01-23 07:58:15',NULL,NULL,NULL,0,'ENABLED','020103','COLCABAMBA',NULL,'UG_DISTRITO',274),(466,'2023-01-23 07:58:15',NULL,NULL,NULL,0,'ENABLED','020104','HUANCHAY',NULL,'UG_DISTRITO',274),(467,'2023-01-23 07:58:15',NULL,NULL,NULL,0,'ENABLED','020105','INDEPENDENCIA',NULL,'UG_DISTRITO',274),(468,'2023-01-23 07:58:15',NULL,NULL,NULL,0,'ENABLED','020106','JANGAS',NULL,'UG_DISTRITO',274),(469,'2023-01-23 07:58:15',NULL,NULL,NULL,0,'ENABLED','020107','LA LIBERTAD',NULL,'UG_DISTRITO',274),(470,'2023-01-23 07:58:15',NULL,NULL,NULL,0,'ENABLED','020108','OLLEROS',NULL,'UG_DISTRITO',274),(471,'2023-01-23 07:58:15',NULL,NULL,NULL,0,'ENABLED','1302','ASCOPE',NULL,'UG_PROVINCIA',254),(472,'2023-01-23 07:58:15',NULL,NULL,NULL,0,'ENABLED','020109','PAMPAS',NULL,'UG_DISTRITO',274),(473,'2023-01-23 07:58:15',NULL,NULL,NULL,0,'ENABLED','020110','PARIACOTO',NULL,'UG_DISTRITO',274),(474,'2023-01-23 07:58:15',NULL,NULL,NULL,0,'ENABLED','020111','PIRA',NULL,'UG_DISTRITO',274),(475,'2023-01-23 07:58:15',NULL,NULL,NULL,0,'ENABLED','020112','TARICA',NULL,'UG_DISTRITO',274),(476,'2023-01-23 07:58:15',NULL,NULL,NULL,0,'ENABLED','020201','AIJA',NULL,'UG_DISTRITO',275),(477,'2023-01-23 07:58:15',NULL,NULL,NULL,0,'ENABLED','1303','BOLIVAR',NULL,'UG_PROVINCIA',254),(478,'2023-01-23 07:58:15',NULL,NULL,NULL,0,'ENABLED','020202','CORIS',NULL,'UG_DISTRITO',275),(479,'2023-01-23 07:58:15',NULL,NULL,NULL,0,'ENABLED','020203','HUACLLAN',NULL,'UG_DISTRITO',275),(480,'2023-01-23 07:58:15',NULL,NULL,NULL,0,'ENABLED','020204','LA MERCED',NULL,'UG_DISTRITO',275),(481,'2023-01-23 07:58:15',NULL,NULL,NULL,0,'ENABLED','1304','CHEPEN',NULL,'UG_PROVINCIA',254),(482,'2023-01-23 07:58:15',NULL,NULL,NULL,0,'ENABLED','1305','JULCAN',NULL,'UG_PROVINCIA',254),(483,'2023-01-23 07:58:15',NULL,NULL,NULL,0,'ENABLED','020205','SUCCHA',NULL,'UG_DISTRITO',275),(484,'2023-01-23 07:58:15',NULL,NULL,NULL,0,'ENABLED','1306','OTUZCO',NULL,'UG_PROVINCIA',254),(485,'2023-01-23 07:58:15',NULL,NULL,NULL,0,'ENABLED','020301','LLAMELLIN',NULL,'UG_DISTRITO',276),(486,'2023-01-23 07:58:15',NULL,NULL,NULL,0,'ENABLED','020302','ACZO',NULL,'UG_DISTRITO',276),(487,'2023-01-23 07:58:15',NULL,NULL,NULL,0,'ENABLED','020303','CHACCHO',NULL,'UG_DISTRITO',276),(488,'2023-01-23 07:58:15',NULL,NULL,NULL,0,'ENABLED','020304','CHINGAS',NULL,'UG_DISTRITO',276),(489,'2023-01-23 07:58:15',NULL,NULL,NULL,0,'ENABLED','020305','MIRGAS',NULL,'UG_DISTRITO',276),(490,'2023-01-23 07:58:15',NULL,NULL,NULL,0,'ENABLED','1307','PACASMAYO',NULL,'UG_PROVINCIA',254),(491,'2023-01-23 07:58:15',NULL,NULL,NULL,0,'ENABLED','020306','SAN JUAN DE RONTOY',NULL,'UG_DISTRITO',276),(492,'2023-01-23 07:58:15',NULL,NULL,NULL,0,'ENABLED','020401','CHACAS',NULL,'UG_DISTRITO',277),(493,'2023-01-23 07:58:15',NULL,NULL,NULL,0,'ENABLED','020402','ACOCHACA',NULL,'UG_DISTRITO',277),(494,'2023-01-23 07:58:15',NULL,NULL,NULL,0,'ENABLED','1308','PATAZ',NULL,'UG_PROVINCIA',254),(495,'2023-01-23 07:58:15',NULL,NULL,NULL,0,'ENABLED','020501','CHIQUIAN',NULL,'UG_DISTRITO',278),(496,'2023-01-23 07:58:15',NULL,NULL,NULL,0,'ENABLED','020502','ABELARDO PARDO LEZAMETA',NULL,'UG_DISTRITO',278),(497,'2023-01-23 07:58:15',NULL,NULL,NULL,0,'ENABLED','020503','ANTONIO RAYMONDI',NULL,'UG_DISTRITO',278),(498,'2023-01-23 07:58:15',NULL,NULL,NULL,0,'ENABLED','020504','AQUIA',NULL,'UG_DISTRITO',278),(499,'2023-01-23 07:58:15',NULL,NULL,NULL,0,'ENABLED','020505','CAJACAY',NULL,'UG_DISTRITO',278),(500,'2023-01-23 07:58:15',NULL,NULL,NULL,0,'ENABLED','020506','CANIS',NULL,'UG_DISTRITO',278),(501,'2023-01-23 07:58:15',NULL,NULL,NULL,0,'ENABLED','020507','COLQUIOC',NULL,'UG_DISTRITO',278),(502,'2023-01-23 07:58:15',NULL,NULL,NULL,0,'ENABLED','020508','HUALLANCA',NULL,'UG_DISTRITO',278),(503,'2023-01-23 07:58:15',NULL,NULL,NULL,0,'ENABLED','1309','SANCHEZ CARRION',NULL,'UG_PROVINCIA',254),(504,'2023-01-23 07:58:15',NULL,NULL,NULL,0,'ENABLED','020509','HUASTA',NULL,'UG_DISTRITO',278),(505,'2023-01-23 07:58:15',NULL,NULL,NULL,0,'ENABLED','020510','HUAYLLACAYAN',NULL,'UG_DISTRITO',278),(506,'2023-01-23 07:58:15',NULL,NULL,NULL,0,'ENABLED','020511','LA PRIMAVERA',NULL,'UG_DISTRITO',278),(507,'2023-01-23 07:58:15',NULL,NULL,NULL,0,'ENABLED','020512','MANGAS',NULL,'UG_DISTRITO',278),(508,'2023-01-23 07:58:15',NULL,NULL,NULL,0,'ENABLED','1310','SANTIAGO DE CHUCO',NULL,'UG_PROVINCIA',254),(509,'2023-01-23 07:58:15',NULL,NULL,NULL,0,'ENABLED','020513','PACLLON',NULL,'UG_DISTRITO',278),(510,'2023-01-23 07:58:15',NULL,NULL,NULL,0,'ENABLED','020514','SAN MIGUEL DE CORPANQUI',NULL,'UG_DISTRITO',278),(511,'2023-01-23 07:58:15',NULL,NULL,NULL,0,'ENABLED','020515','TICLLOS',NULL,'UG_DISTRITO',278),(512,'2023-01-23 07:58:15',NULL,NULL,NULL,0,'ENABLED','020601','CARHUAZ',NULL,'UG_DISTRITO',279),(513,'2023-01-23 07:58:15',NULL,NULL,NULL,0,'ENABLED','020602','ACOPAMPA',NULL,'UG_DISTRITO',279),(514,'2023-01-23 07:58:15',NULL,NULL,NULL,0,'ENABLED','1311','GRAN CHIMU',NULL,'UG_PROVINCIA',254),(515,'2023-01-23 07:58:15',NULL,NULL,NULL,0,'ENABLED','020603','AMASHCA',NULL,'UG_DISTRITO',279),(516,'2023-01-23 07:58:15',NULL,NULL,NULL,0,'ENABLED','020604','ANTA',NULL,'UG_DISTRITO',279),(517,'2023-01-23 07:58:15',NULL,NULL,NULL,0,'ENABLED','020605','ATAQUERO',NULL,'UG_DISTRITO',279),(518,'2023-01-23 07:58:15',NULL,NULL,NULL,0,'ENABLED','1312','VIRU',NULL,'UG_PROVINCIA',254),(519,'2023-01-23 07:58:15',NULL,NULL,NULL,0,'ENABLED','020606','MARCARA',NULL,'UG_DISTRITO',279),(520,'2023-01-23 07:58:15',NULL,NULL,NULL,0,'ENABLED','020607','PARIAHUANCA',NULL,'UG_DISTRITO',279),(521,'2023-01-23 07:58:15',NULL,NULL,NULL,0,'ENABLED','1401','CHICLAYO',NULL,'UG_PROVINCIA',255),(522,'2023-01-23 07:58:15',NULL,NULL,NULL,0,'ENABLED','020608','SAN MIGUEL DE ACO',NULL,'UG_DISTRITO',279),(523,'2023-01-23 07:58:15',NULL,NULL,NULL,0,'ENABLED','020609','SHILLA',NULL,'UG_DISTRITO',279),(524,'2023-01-23 07:58:15',NULL,NULL,NULL,0,'ENABLED','020610','TINCO',NULL,'UG_DISTRITO',279),(525,'2023-01-23 07:58:15',NULL,NULL,NULL,0,'ENABLED','020611','YUNGAR',NULL,'UG_DISTRITO',279),(526,'2023-01-23 07:58:15',NULL,NULL,NULL,0,'ENABLED','020701','SAN LUIS',NULL,'UG_DISTRITO',280),(527,'2023-01-23 07:58:15',NULL,NULL,NULL,0,'ENABLED','020702','SAN NICOLAS',NULL,'UG_DISTRITO',280),(528,'2023-01-23 07:58:15',NULL,NULL,NULL,0,'ENABLED','020703','YAUYA',NULL,'UG_DISTRITO',280),(529,'2023-01-23 07:58:15',NULL,NULL,NULL,0,'ENABLED','020801','CASMA',NULL,'UG_DISTRITO',281),(530,'2023-01-23 07:58:15',NULL,NULL,NULL,0,'ENABLED','020802','BUENA VISTA ALTA',NULL,'UG_DISTRITO',281),(531,'2023-01-23 07:58:15',NULL,NULL,NULL,0,'ENABLED','020803','COMANDANTE NOEL',NULL,'UG_DISTRITO',281),(532,'2023-01-23 07:58:15',NULL,NULL,NULL,0,'ENABLED','020804','YAUTAN',NULL,'UG_DISTRITO',281),(533,'2023-01-23 07:58:15',NULL,NULL,NULL,0,'ENABLED','1402','FERREAFE',NULL,'UG_PROVINCIA',255),(534,'2023-01-23 07:58:15',NULL,NULL,NULL,0,'ENABLED','020901','CORONGO',NULL,'UG_DISTRITO',282),(535,'2023-01-23 07:58:15',NULL,NULL,NULL,0,'ENABLED','020902','ACO',NULL,'UG_DISTRITO',282),(536,'2023-01-23 07:58:15',NULL,NULL,NULL,0,'ENABLED','020903','BAMBAS',NULL,'UG_DISTRITO',282),(537,'2023-01-23 07:58:15',NULL,NULL,NULL,0,'ENABLED','020904','CUSCA',NULL,'UG_DISTRITO',282),(538,'2023-01-23 07:58:15',NULL,NULL,NULL,0,'ENABLED','1403','LAMBAYEQUE',NULL,'UG_PROVINCIA',255),(539,'2023-01-23 07:58:15',NULL,NULL,NULL,0,'ENABLED','020905','LA PAMPA',NULL,'UG_DISTRITO',282),(540,'2023-01-23 07:58:15',NULL,NULL,NULL,0,'ENABLED','020906','YANAC',NULL,'UG_DISTRITO',282),(541,'2023-01-23 07:58:15',NULL,NULL,NULL,0,'ENABLED','020907','YUPAN',NULL,'UG_DISTRITO',282),(542,'2023-01-23 07:58:15',NULL,NULL,NULL,0,'ENABLED','021001','HUARI',NULL,'UG_DISTRITO',283),(543,'2023-01-23 07:58:15',NULL,NULL,NULL,0,'ENABLED','021002','ANRA',NULL,'UG_DISTRITO',283),(544,'2023-01-23 07:58:15',NULL,NULL,NULL,0,'ENABLED','021003','CAJAY',NULL,'UG_DISTRITO',283),(545,'2023-01-23 07:58:15',NULL,NULL,NULL,0,'ENABLED','1501','LIMA',NULL,'UG_PROVINCIA',256),(546,'2023-01-23 07:58:15',NULL,NULL,NULL,0,'ENABLED','021004','CHAVIN DE HUANTAR',NULL,'UG_DISTRITO',283),(547,'2023-01-23 07:58:15',NULL,NULL,NULL,0,'ENABLED','021005','HUACACHI',NULL,'UG_DISTRITO',283),(548,'2023-01-23 07:58:15',NULL,NULL,NULL,0,'ENABLED','021006','HUACCHIS',NULL,'UG_DISTRITO',283),(549,'2023-01-23 07:58:15',NULL,NULL,NULL,0,'ENABLED','021007','HUACHIS',NULL,'UG_DISTRITO',283),(550,'2023-01-23 07:58:15',NULL,NULL,NULL,0,'ENABLED','021008','HUANTAR',NULL,'UG_DISTRITO',283),(551,'2023-01-23 07:58:15',NULL,NULL,NULL,0,'ENABLED','021009','MASIN',NULL,'UG_DISTRITO',283),(552,'2023-01-23 07:58:15',NULL,NULL,NULL,0,'ENABLED','021010','PAUCAS',NULL,'UG_DISTRITO',283),(553,'2023-01-23 07:58:15',NULL,NULL,NULL,0,'ENABLED','021011','PONTO',NULL,'UG_DISTRITO',283),(554,'2023-01-23 07:58:15',NULL,NULL,NULL,0,'ENABLED','021012','RAHUAPAMPA',NULL,'UG_DISTRITO',283),(555,'2023-01-23 07:58:15',NULL,NULL,NULL,0,'ENABLED','021013','RAPAYAN',NULL,'UG_DISTRITO',283),(556,'2023-01-23 07:58:15',NULL,NULL,NULL,0,'ENABLED','021014','SAN MARCOS',NULL,'UG_DISTRITO',283),(557,'2023-01-23 07:58:15',NULL,NULL,NULL,0,'ENABLED','021015','SAN PEDRO DE CHANA',NULL,'UG_DISTRITO',283),(558,'2023-01-23 07:58:15',NULL,NULL,NULL,0,'ENABLED','021016','UCO',NULL,'UG_DISTRITO',283),(559,'2023-01-23 07:58:15',NULL,NULL,NULL,0,'ENABLED','021101','HUARMEY',NULL,'UG_DISTRITO',284),(560,'2023-01-23 07:58:15',NULL,NULL,NULL,0,'ENABLED','021102','COCHAPETI',NULL,'UG_DISTRITO',284),(561,'2023-01-23 07:58:15',NULL,NULL,NULL,0,'ENABLED','021103','CULEBRAS',NULL,'UG_DISTRITO',284),(562,'2023-01-23 07:58:15',NULL,NULL,NULL,0,'ENABLED','021104','HUAYAN',NULL,'UG_DISTRITO',284),(563,'2023-01-23 07:58:15',NULL,NULL,NULL,0,'ENABLED','021105','MALVAS',NULL,'UG_DISTRITO',284),(564,'2023-01-23 07:58:15',NULL,NULL,NULL,0,'ENABLED','021201','CARAZ',NULL,'UG_DISTRITO',285),(565,'2023-01-23 07:58:15',NULL,NULL,NULL,0,'ENABLED','021202','HUALLANCA',NULL,'UG_DISTRITO',285),(566,'2023-01-23 07:58:15',NULL,NULL,NULL,0,'ENABLED','021203','HUATA',NULL,'UG_DISTRITO',285),(567,'2023-01-23 07:58:15',NULL,NULL,NULL,0,'ENABLED','021204','HUAYLAS',NULL,'UG_DISTRITO',285),(568,'2023-01-23 07:58:15',NULL,NULL,NULL,0,'ENABLED','021205','MATO',NULL,'UG_DISTRITO',285),(569,'2023-01-23 07:58:15',NULL,NULL,NULL,0,'ENABLED','1502','BARRANCA',NULL,'UG_PROVINCIA',256),(570,'2023-01-23 07:58:15',NULL,NULL,NULL,0,'ENABLED','021206','PAMPAROMAS',NULL,'UG_DISTRITO',285),(571,'2023-01-23 07:58:15',NULL,NULL,NULL,0,'ENABLED','021207','PUEBLO LIBRE',NULL,'UG_DISTRITO',285),(572,'2023-01-23 07:58:15',NULL,NULL,NULL,0,'ENABLED','1503','CAJATAMBO',NULL,'UG_PROVINCIA',256),(573,'2023-01-23 07:58:15',NULL,NULL,NULL,0,'ENABLED','021208','SANTA CRUZ',NULL,'UG_DISTRITO',285),(574,'2023-01-23 07:58:15',NULL,NULL,NULL,0,'ENABLED','021209','SANTO TORIBIO',NULL,'UG_DISTRITO',285),(575,'2023-01-23 07:58:15',NULL,NULL,NULL,0,'ENABLED','021210','YURACMARCA',NULL,'UG_DISTRITO',285),(576,'2023-01-23 07:58:15',NULL,NULL,NULL,0,'ENABLED','021301','PISCOBAMBA',NULL,'UG_DISTRITO',286),(577,'2023-01-23 07:58:15',NULL,NULL,NULL,0,'ENABLED','1504','CANTA',NULL,'UG_PROVINCIA',256),(578,'2023-01-23 07:58:15',NULL,NULL,NULL,0,'ENABLED','021302','CASCA',NULL,'UG_DISTRITO',286),(579,'2023-01-23 07:58:15',NULL,NULL,NULL,0,'ENABLED','021303','ELEAZAR GUZMAN BARRON',NULL,'UG_DISTRITO',286),(580,'2023-01-23 07:58:15',NULL,NULL,NULL,0,'ENABLED','021304','FIDEL OLIVAS ESCUDERO',NULL,'UG_DISTRITO',286),(581,'2023-01-23 07:58:15',NULL,NULL,NULL,0,'ENABLED','1505','CAETE',NULL,'UG_PROVINCIA',256),(582,'2023-01-23 07:58:15',NULL,NULL,NULL,0,'ENABLED','021305','LLAMA',NULL,'UG_DISTRITO',286),(583,'2023-01-23 07:58:15',NULL,NULL,NULL,0,'ENABLED','021306','LLUMPA',NULL,'UG_DISTRITO',286),(584,'2023-01-23 07:58:15',NULL,NULL,NULL,0,'ENABLED','021307','LUCMA',NULL,'UG_DISTRITO',286),(585,'2023-01-23 07:58:15',NULL,NULL,NULL,0,'ENABLED','021308','MUSGA',NULL,'UG_DISTRITO',286),(586,'2023-01-23 07:58:15',NULL,NULL,NULL,0,'ENABLED','021401','OCROS',NULL,'UG_DISTRITO',287),(587,'2023-01-23 07:58:15',NULL,NULL,NULL,0,'ENABLED','021402','ACAS',NULL,'UG_DISTRITO',287),(588,'2023-01-23 07:58:15',NULL,NULL,NULL,0,'ENABLED','021403','CAJAMARQUILLA',NULL,'UG_DISTRITO',287),(589,'2023-01-23 07:58:15',NULL,NULL,NULL,0,'ENABLED','021404','CARHUAPAMPA',NULL,'UG_DISTRITO',287),(590,'2023-01-23 07:58:15',NULL,NULL,NULL,0,'ENABLED','021405','COCHAS',NULL,'UG_DISTRITO',287),(591,'2023-01-23 07:58:15',NULL,NULL,NULL,0,'ENABLED','1506','HUARAL',NULL,'UG_PROVINCIA',256),(592,'2023-01-23 07:58:15',NULL,NULL,NULL,0,'ENABLED','021406','CONGAS',NULL,'UG_DISTRITO',287),(593,'2023-01-23 07:58:15',NULL,NULL,NULL,0,'ENABLED','021407','LLIPA',NULL,'UG_DISTRITO',287),(594,'2023-01-23 07:58:15',NULL,NULL,NULL,0,'ENABLED','021408','SAN CRISTOBAL DE RAJAN',NULL,'UG_DISTRITO',287),(595,'2023-01-23 07:58:15',NULL,NULL,NULL,0,'ENABLED','021409','SAN PEDRO',NULL,'UG_DISTRITO',287),(596,'2023-01-23 07:58:15',NULL,NULL,NULL,0,'ENABLED','021410','SANTIAGO DE CHILCAS',NULL,'UG_DISTRITO',287),(597,'2023-01-23 07:58:15',NULL,NULL,NULL,0,'ENABLED','021501','CABANA',NULL,'UG_DISTRITO',288),(598,'2023-01-23 07:58:15',NULL,NULL,NULL,0,'ENABLED','021502','BOLOGNESI',NULL,'UG_DISTRITO',288),(599,'2023-01-23 07:58:15',NULL,NULL,NULL,0,'ENABLED','1507','HUAROCHIRI',NULL,'UG_PROVINCIA',256),(600,'2023-01-23 07:58:15',NULL,NULL,NULL,0,'ENABLED','021503','CONCHUCOS',NULL,'UG_DISTRITO',288),(601,'2023-01-23 07:58:15',NULL,NULL,NULL,0,'ENABLED','021504','HUACASCHUQUE',NULL,'UG_DISTRITO',288),(602,'2023-01-23 07:58:15',NULL,NULL,NULL,0,'ENABLED','021505','HUANDOVAL',NULL,'UG_DISTRITO',288),(603,'2023-01-23 07:58:15',NULL,NULL,NULL,0,'ENABLED','021506','LACABAMBA',NULL,'UG_DISTRITO',288),(604,'2023-01-23 07:58:15',NULL,NULL,NULL,0,'ENABLED','021507','LLAPO',NULL,'UG_DISTRITO',288),(605,'2023-01-23 07:58:15',NULL,NULL,NULL,0,'ENABLED','021508','PALLASCA',NULL,'UG_DISTRITO',288),(606,'2023-01-23 07:58:15',NULL,NULL,NULL,0,'ENABLED','021509','PAMPAS',NULL,'UG_DISTRITO',288),(607,'2023-01-23 07:58:15',NULL,NULL,NULL,0,'ENABLED','021510','SANTA ROSA',NULL,'UG_DISTRITO',288),(608,'2023-01-23 07:58:15',NULL,NULL,NULL,0,'ENABLED','021511','TAUCA',NULL,'UG_DISTRITO',288),(609,'2023-01-23 07:58:15',NULL,NULL,NULL,0,'ENABLED','021601','POMABAMBA',NULL,'UG_DISTRITO',289),(610,'2023-01-23 07:58:15',NULL,NULL,NULL,0,'ENABLED','021602','HUAYLLAN',NULL,'UG_DISTRITO',289),(611,'2023-01-23 07:58:15',NULL,NULL,NULL,0,'ENABLED','021603','PAROBAMBA',NULL,'UG_DISTRITO',289),(612,'2023-01-23 07:58:15',NULL,NULL,NULL,0,'ENABLED','021604','QUINUABAMBA',NULL,'UG_DISTRITO',289),(613,'2023-01-23 07:58:15',NULL,NULL,NULL,0,'ENABLED','021701','RECUAY',NULL,'UG_DISTRITO',290),(614,'2023-01-23 07:58:15',NULL,NULL,NULL,0,'ENABLED','1508','HUAURA',NULL,'UG_PROVINCIA',256),(615,'2023-01-23 07:58:15',NULL,NULL,NULL,0,'ENABLED','021702','CATAC',NULL,'UG_DISTRITO',290),(616,'2023-01-23 07:58:15',NULL,NULL,NULL,0,'ENABLED','021703','COTAPARACO',NULL,'UG_DISTRITO',290),(617,'2023-01-23 07:58:15',NULL,NULL,NULL,0,'ENABLED','021704','HUAYLLAPAMPA',NULL,'UG_DISTRITO',290),(618,'2023-01-23 07:58:15',NULL,NULL,NULL,0,'ENABLED','021705','LLACLLIN',NULL,'UG_DISTRITO',290),(619,'2023-01-23 07:58:15',NULL,NULL,NULL,0,'ENABLED','021706','MARCA',NULL,'UG_DISTRITO',290),(620,'2023-01-23 07:58:15',NULL,NULL,NULL,0,'ENABLED','021707','PAMPAS CHICO',NULL,'UG_DISTRITO',290),(621,'2023-01-23 07:58:15',NULL,NULL,NULL,0,'ENABLED','021708','PARARIN',NULL,'UG_DISTRITO',290),(622,'2023-01-23 07:58:15',NULL,NULL,NULL,0,'ENABLED','1509','OYON',NULL,'UG_PROVINCIA',256),(623,'2023-01-23 07:58:15',NULL,NULL,NULL,0,'ENABLED','021709','TAPACOCHA',NULL,'UG_DISTRITO',290),(624,'2023-01-23 07:58:15',NULL,NULL,NULL,0,'ENABLED','021710','TICAPAMPA',NULL,'UG_DISTRITO',290),(625,'2023-01-23 07:58:15',NULL,NULL,NULL,0,'ENABLED','1510','YAUYOS',NULL,'UG_PROVINCIA',256),(626,'2023-01-23 07:58:15',NULL,NULL,NULL,0,'ENABLED','021801','CHIMBOTE',NULL,'UG_DISTRITO',291),(627,'2023-01-23 07:58:15',NULL,NULL,NULL,0,'ENABLED','021802','CACERES DEL PERU',NULL,'UG_DISTRITO',291),(628,'2023-01-23 07:58:15',NULL,NULL,NULL,0,'ENABLED','021803','COISHCO',NULL,'UG_DISTRITO',291),(629,'2023-01-23 07:58:15',NULL,NULL,NULL,0,'ENABLED','021804','MACATE',NULL,'UG_DISTRITO',291),(630,'2023-01-23 07:58:15',NULL,NULL,NULL,0,'ENABLED','021805','MORO',NULL,'UG_DISTRITO',291),(631,'2023-01-23 07:58:15',NULL,NULL,NULL,0,'ENABLED','021806','NEPEA',NULL,'UG_DISTRITO',291),(632,'2023-01-23 07:58:15',NULL,NULL,NULL,0,'ENABLED','021807','SAMANCO',NULL,'UG_DISTRITO',291),(633,'2023-01-23 07:58:15',NULL,NULL,NULL,0,'ENABLED','021808','SANTA',NULL,'UG_DISTRITO',291),(634,'2023-01-23 07:58:15',NULL,NULL,NULL,0,'ENABLED','021809','NUEVO CHIMBOTE',NULL,'UG_DISTRITO',291),(635,'2023-01-23 07:58:15',NULL,NULL,NULL,0,'ENABLED','021901','SIHUAS',NULL,'UG_DISTRITO',292),(636,'2023-01-23 07:58:15',NULL,NULL,NULL,0,'ENABLED','021902','ACOBAMBA',NULL,'UG_DISTRITO',292),(637,'2023-01-23 07:58:15',NULL,NULL,NULL,0,'ENABLED','021903','ALFONSO UGARTE',NULL,'UG_DISTRITO',292),(638,'2023-01-23 07:58:15',NULL,NULL,NULL,0,'ENABLED','021904','CASHAPAMPA',NULL,'UG_DISTRITO',292),(639,'2023-01-23 07:58:15',NULL,NULL,NULL,0,'ENABLED','021905','CHINGALPO',NULL,'UG_DISTRITO',292),(640,'2023-01-23 07:58:15',NULL,NULL,NULL,0,'ENABLED','021906','HUAYLLABAMBA',NULL,'UG_DISTRITO',292),(641,'2023-01-23 07:58:15',NULL,NULL,NULL,0,'ENABLED','021907','QUICHES',NULL,'UG_DISTRITO',292),(642,'2023-01-23 07:58:15',NULL,NULL,NULL,0,'ENABLED','1601','MAYNAS',NULL,'UG_PROVINCIA',257),(643,'2023-01-23 07:58:15',NULL,NULL,NULL,0,'ENABLED','021908','RAGASH',NULL,'UG_DISTRITO',292),(644,'2023-01-23 07:58:15',NULL,NULL,NULL,0,'ENABLED','021909','SAN JUAN',NULL,'UG_DISTRITO',292),(645,'2023-01-23 07:58:15',NULL,NULL,NULL,0,'ENABLED','021910','SICSIBAMBA',NULL,'UG_DISTRITO',292),(646,'2023-01-23 07:58:15',NULL,NULL,NULL,0,'ENABLED','022001','YUNGAY',NULL,'UG_DISTRITO',293),(647,'2023-01-23 07:58:15',NULL,NULL,NULL,0,'ENABLED','022002','CASCAPARA',NULL,'UG_DISTRITO',293),(648,'2023-01-23 07:58:15',NULL,NULL,NULL,0,'ENABLED','022003','MANCOS',NULL,'UG_DISTRITO',293),(649,'2023-01-23 07:58:15',NULL,NULL,NULL,0,'ENABLED','1602','ALTO AMAZONAS',NULL,'UG_PROVINCIA',257),(650,'2023-01-23 07:58:15',NULL,NULL,NULL,0,'ENABLED','022004','MATACOTO',NULL,'UG_DISTRITO',293),(651,'2023-01-23 07:58:15',NULL,NULL,NULL,0,'ENABLED','022005','QUILLO',NULL,'UG_DISTRITO',293),(652,'2023-01-23 07:58:15',NULL,NULL,NULL,0,'ENABLED','2402','CONTRALMIRANTE VILLAR',NULL,'UG_PROVINCIA',258),(653,'2023-01-23 07:58:15',NULL,NULL,NULL,0,'ENABLED','022006','RANRAHIRCA',NULL,'UG_DISTRITO',293),(654,'2023-01-23 07:58:15',NULL,NULL,NULL,0,'ENABLED','022007','SHUPLUY',NULL,'UG_DISTRITO',293),(655,'2023-01-23 07:58:15',NULL,NULL,NULL,0,'ENABLED','022008','YANAMA',NULL,'UG_DISTRITO',293),(656,'2023-01-23 07:58:15',NULL,NULL,NULL,0,'ENABLED','2403','ZARUMILLA',NULL,'UG_PROVINCIA',258),(657,'2023-01-23 07:58:15',NULL,NULL,NULL,0,'ENABLED','030101','ABANCAY',NULL,'UG_DISTRITO',294),(658,'2023-01-23 07:58:15',NULL,NULL,NULL,0,'ENABLED','030102','CHACOCHE',NULL,'UG_DISTRITO',294),(659,'2023-01-23 07:58:15',NULL,NULL,NULL,0,'ENABLED','2501','CORONEL PORTILLO',NULL,'UG_PROVINCIA',259),(660,'2023-01-23 07:58:15',NULL,NULL,NULL,0,'ENABLED','030103','CIRCA',NULL,'UG_DISTRITO',294),(661,'2023-01-23 07:58:15',NULL,NULL,NULL,0,'ENABLED','030104','CURAHUASI',NULL,'UG_DISTRITO',294),(662,'2023-01-23 07:58:15',NULL,NULL,NULL,0,'ENABLED','030105','HUANIPACA',NULL,'UG_DISTRITO',294),(663,'2023-01-23 07:58:15',NULL,NULL,NULL,0,'ENABLED','030106','LAMBRAMA',NULL,'UG_DISTRITO',294),(664,'2023-01-23 07:58:15',NULL,NULL,NULL,0,'ENABLED','2502','ATALAYA',NULL,'UG_PROVINCIA',259),(665,'2023-01-23 07:58:15',NULL,NULL,NULL,0,'ENABLED','030107','PICHIRHUA',NULL,'UG_DISTRITO',294),(666,'2023-01-23 07:58:15',NULL,NULL,NULL,0,'ENABLED','030108','SAN PEDRO DE CACHORA',NULL,'UG_DISTRITO',294),(667,'2023-01-23 07:58:15',NULL,NULL,NULL,0,'ENABLED','2503','PADRE ABAD',NULL,'UG_PROVINCIA',259),(668,'2023-01-23 07:58:15',NULL,NULL,NULL,0,'ENABLED','030109','TAMBURCO',NULL,'UG_DISTRITO',294),(669,'2023-01-23 07:58:15',NULL,NULL,NULL,0,'ENABLED','030201','ANDAHUAYLAS',NULL,'UG_DISTRITO',295),(670,'2023-01-23 07:58:15',NULL,NULL,NULL,0,'ENABLED','030202','ANDARAPA',NULL,'UG_DISTRITO',295),(671,'2023-01-23 07:58:15',NULL,NULL,NULL,0,'ENABLED','2504','PURUS',NULL,'UG_PROVINCIA',259),(672,'2023-01-23 07:58:15',NULL,NULL,NULL,0,'ENABLED','030203','CHIARA',NULL,'UG_DISTRITO',295),(673,'2023-01-23 07:58:15',NULL,NULL,NULL,0,'ENABLED','030204','HUANCARAMA',NULL,'UG_DISTRITO',295),(674,'2023-01-23 07:58:15',NULL,NULL,NULL,0,'ENABLED','030205','HUANCARAY',NULL,'UG_DISTRITO',295),(675,'2023-01-23 07:58:15',NULL,NULL,NULL,0,'ENABLED','030206','HUAYANA',NULL,'UG_DISTRITO',295),(676,'2023-01-23 07:58:15',NULL,NULL,NULL,0,'ENABLED','030207','KISHUARA',NULL,'UG_DISTRITO',295),(677,'2023-01-23 07:58:15',NULL,NULL,NULL,0,'ENABLED','1801','MARISCAL NIETO',NULL,'UG_PROVINCIA',260),(678,'2023-01-23 07:58:15',NULL,NULL,NULL,0,'ENABLED','030208','PACOBAMBA',NULL,'UG_DISTRITO',295),(679,'2023-01-23 07:58:15',NULL,NULL,NULL,0,'ENABLED','030209','PACUCHA',NULL,'UG_DISTRITO',295),(680,'2023-01-23 07:58:15',NULL,NULL,NULL,0,'ENABLED','030210','PAMPACHIRI',NULL,'UG_DISTRITO',295),(681,'2023-01-23 07:58:15',NULL,NULL,NULL,0,'ENABLED','030211','POMACOCHA',NULL,'UG_DISTRITO',295),(682,'2023-01-23 07:58:15',NULL,NULL,NULL,0,'ENABLED','2210','TOCACHE',NULL,'UG_PROVINCIA',261),(683,'2023-01-23 07:58:15',NULL,NULL,NULL,0,'ENABLED','030212','SAN ANTONIO DE CACHI',NULL,'UG_DISTRITO',295),(684,'2023-01-23 07:58:15',NULL,NULL,NULL,0,'ENABLED','030213','SAN JERONIMO',NULL,'UG_DISTRITO',295),(685,'2023-01-23 07:58:15',NULL,NULL,NULL,0,'ENABLED','030214','SAN MIGUEL DE CHACCRAMPA',NULL,'UG_DISTRITO',295),(686,'2023-01-23 07:58:15',NULL,NULL,NULL,0,'ENABLED','1603','LORETO',NULL,'UG_PROVINCIA',257),(687,'2023-01-23 07:58:15',NULL,NULL,NULL,0,'ENABLED','030215','SANTA MARIA DE CHICMO',NULL,'UG_DISTRITO',295),(688,'2023-01-23 07:58:15',NULL,NULL,NULL,0,'ENABLED','030216','TALAVERA',NULL,'UG_DISTRITO',295),(689,'2023-01-23 07:58:15',NULL,NULL,NULL,0,'ENABLED','030217','TUMAY HUARACA',NULL,'UG_DISTRITO',295),(690,'2023-01-23 07:58:15',NULL,NULL,NULL,0,'ENABLED','1604','MARISCAL RAMON CASTILLA',NULL,'UG_PROVINCIA',257),(691,'2023-01-23 07:58:15',NULL,NULL,NULL,0,'ENABLED','030218','TURPO',NULL,'UG_DISTRITO',295),(692,'2023-01-23 07:58:15',NULL,NULL,NULL,0,'ENABLED','030219','KAQUIABAMBA',NULL,'UG_DISTRITO',295),(693,'2023-01-23 07:58:15',NULL,NULL,NULL,0,'ENABLED','1605','REQUENA',NULL,'UG_PROVINCIA',257),(694,'2023-01-23 07:58:15',NULL,NULL,NULL,0,'ENABLED','030220','JOSE MARIA ARGUEDAS',NULL,'UG_DISTRITO',295),(695,'2023-01-23 07:58:15',NULL,NULL,NULL,0,'ENABLED','030301','ANTABAMBA',NULL,'UG_DISTRITO',296),(696,'2023-01-23 07:58:15',NULL,NULL,NULL,0,'ENABLED','030302','EL ORO',NULL,'UG_DISTRITO',296),(697,'2023-01-23 07:58:15',NULL,NULL,NULL,0,'ENABLED','030303','HUAQUIRCA',NULL,'UG_DISTRITO',296),(698,'2023-01-23 07:58:15',NULL,NULL,NULL,0,'ENABLED','030304','JUAN ESPINOZA MEDRANO',NULL,'UG_DISTRITO',296),(699,'2023-01-23 07:58:15',NULL,NULL,NULL,0,'ENABLED','030305','OROPESA',NULL,'UG_DISTRITO',296),(700,'2023-01-23 07:58:15',NULL,NULL,NULL,0,'ENABLED','030306','PACHACONAS',NULL,'UG_DISTRITO',296),(701,'2023-01-23 07:58:15',NULL,NULL,NULL,0,'ENABLED','1606','UCAYALI',NULL,'UG_PROVINCIA',257),(702,'2023-01-23 07:58:15',NULL,NULL,NULL,0,'ENABLED','030307','SABAINO',NULL,'UG_DISTRITO',296),(703,'2023-01-23 07:58:15',NULL,NULL,NULL,0,'ENABLED','030401','CHALHUANCA',NULL,'UG_DISTRITO',297),(704,'2023-01-23 07:58:15',NULL,NULL,NULL,0,'ENABLED','030402','CAPAYA',NULL,'UG_DISTRITO',297),(705,'2023-01-23 07:58:15',NULL,NULL,NULL,0,'ENABLED','1607','DATEM DEL MARAON',NULL,'UG_PROVINCIA',257),(706,'2023-01-23 07:58:15',NULL,NULL,NULL,0,'ENABLED','030403','CARAYBAMBA',NULL,'UG_DISTRITO',297),(707,'2023-01-23 07:58:15',NULL,NULL,NULL,0,'ENABLED','030404','CHAPIMARCA',NULL,'UG_DISTRITO',297),(708,'2023-01-23 07:58:15',NULL,NULL,NULL,0,'ENABLED','030405','COLCABAMBA',NULL,'UG_DISTRITO',297),(709,'2023-01-23 07:58:15',NULL,NULL,NULL,0,'ENABLED','030406','COTARUSE',NULL,'UG_DISTRITO',297),(710,'2023-01-23 07:58:15',NULL,NULL,NULL,0,'ENABLED','1608','PUTUMAYO',NULL,'UG_PROVINCIA',257),(711,'2023-01-23 07:58:15',NULL,NULL,NULL,0,'ENABLED','030407','HUAYLLO',NULL,'UG_DISTRITO',297),(712,'2023-01-23 07:58:15',NULL,NULL,NULL,0,'ENABLED','030408','JUSTO APU SAHUARAURA',NULL,'UG_DISTRITO',297),(713,'2023-01-23 07:58:15',NULL,NULL,NULL,0,'ENABLED','030409','LUCRE',NULL,'UG_DISTRITO',297),(714,'2023-01-23 07:58:15',NULL,NULL,NULL,0,'ENABLED','1701','TAMBOPATA',NULL,'UG_PROVINCIA',262),(715,'2023-01-23 07:58:15',NULL,NULL,NULL,0,'ENABLED','030410','POCOHUANCA',NULL,'UG_DISTRITO',297),(716,'2023-01-23 07:58:15',NULL,NULL,NULL,0,'ENABLED','030411','SAN JUAN DE CHACA',NULL,'UG_DISTRITO',297),(717,'2023-01-23 07:58:15',NULL,NULL,NULL,0,'ENABLED','1702','MANU',NULL,'UG_PROVINCIA',262),(718,'2023-01-23 07:58:15',NULL,NULL,NULL,0,'ENABLED','030412','SAAYCA',NULL,'UG_DISTRITO',297),(719,'2023-01-23 07:58:15',NULL,NULL,NULL,0,'ENABLED','030413','SORAYA',NULL,'UG_DISTRITO',297),(720,'2023-01-23 07:58:15',NULL,NULL,NULL,0,'ENABLED','1703','TAHUAMANU',NULL,'UG_PROVINCIA',262),(721,'2023-01-23 07:58:15',NULL,NULL,NULL,0,'ENABLED','030414','TAPAIRIHUA',NULL,'UG_DISTRITO',297),(722,'2023-01-23 07:58:15',NULL,NULL,NULL,0,'ENABLED','1802','GENERAL SANCHEZ CERRO',NULL,'UG_PROVINCIA',260),(723,'2023-01-23 07:58:15',NULL,NULL,NULL,0,'ENABLED','030415','TINTAY',NULL,'UG_DISTRITO',297),(724,'2023-01-23 07:58:15',NULL,NULL,NULL,0,'ENABLED','030416','TORAYA',NULL,'UG_DISTRITO',297),(725,'2023-01-23 07:58:15',NULL,NULL,NULL,0,'ENABLED','030417','YANACA',NULL,'UG_DISTRITO',297),(726,'2023-01-23 07:58:15',NULL,NULL,NULL,0,'ENABLED','030501','TAMBOBAMBA',NULL,'UG_DISTRITO',298),(727,'2023-01-23 07:58:15',NULL,NULL,NULL,0,'ENABLED','030502','COTABAMBAS',NULL,'UG_DISTRITO',298),(728,'2023-01-23 07:58:15',NULL,NULL,NULL,0,'ENABLED','1803','ILO',NULL,'UG_PROVINCIA',260),(729,'2023-01-23 07:58:15',NULL,NULL,NULL,0,'ENABLED','030503','COYLLURQUI',NULL,'UG_DISTRITO',298),(730,'2023-01-23 07:58:15',NULL,NULL,NULL,0,'ENABLED','030504','HAQUIRA',NULL,'UG_DISTRITO',298),(731,'2023-01-23 07:58:15',NULL,NULL,NULL,0,'ENABLED','1901','PASCO',NULL,'UG_PROVINCIA',263),(732,'2023-01-23 07:58:15',NULL,NULL,NULL,0,'ENABLED','030505','MARA',NULL,'UG_DISTRITO',298),(733,'2023-01-23 07:58:15',NULL,NULL,NULL,0,'ENABLED','030506','CHALLHUAHUACHO',NULL,'UG_DISTRITO',298),(734,'2023-01-23 07:58:15',NULL,NULL,NULL,0,'ENABLED','030601','CHINCHEROS',NULL,'UG_DISTRITO',299),(735,'2023-01-23 07:58:15',NULL,NULL,NULL,0,'ENABLED','030602','ANCO-HUALLO',NULL,'UG_DISTRITO',299),(736,'2023-01-23 07:58:15',NULL,NULL,NULL,0,'ENABLED','030603','COCHARCAS',NULL,'UG_DISTRITO',299),(737,'2023-01-23 07:58:15',NULL,NULL,NULL,0,'ENABLED','030604','HUACCANA',NULL,'UG_DISTRITO',299),(738,'2023-01-23 07:58:15',NULL,NULL,NULL,0,'ENABLED','030605','OCOBAMBA',NULL,'UG_DISTRITO',299),(739,'2023-01-23 07:58:15',NULL,NULL,NULL,0,'ENABLED','1902','DANIEL ALCIDES CARRION',NULL,'UG_PROVINCIA',263),(740,'2023-01-23 07:58:15',NULL,NULL,NULL,0,'ENABLED','030606','ONGOY',NULL,'UG_DISTRITO',299),(741,'2023-01-23 07:58:15',NULL,NULL,NULL,0,'ENABLED','030607','URANMARCA',NULL,'UG_DISTRITO',299),(742,'2023-01-23 07:58:15',NULL,NULL,NULL,0,'ENABLED','030608','RANRACANCHA',NULL,'UG_DISTRITO',299),(743,'2023-01-23 07:58:15',NULL,NULL,NULL,0,'ENABLED','030609','ROCCHACC',NULL,'UG_DISTRITO',299),(744,'2023-01-23 07:58:15',NULL,NULL,NULL,0,'ENABLED','1903','OXAPAMPA',NULL,'UG_PROVINCIA',263),(745,'2023-01-23 07:58:15',NULL,NULL,NULL,0,'ENABLED','030610','EL PORVENIR',NULL,'UG_DISTRITO',299),(746,'2023-01-23 07:58:15',NULL,NULL,NULL,0,'ENABLED','030611','LOS CHANKAS',NULL,'UG_DISTRITO',299),(747,'2023-01-23 07:58:15',NULL,NULL,NULL,0,'ENABLED','030701','CHUQUIBAMBILLA',NULL,'UG_DISTRITO',300),(748,'2023-01-23 07:58:15',NULL,NULL,NULL,0,'ENABLED','030702','CURPAHUASI',NULL,'UG_DISTRITO',300),(749,'2023-01-23 07:58:15',NULL,NULL,NULL,0,'ENABLED','2001','PIURA',NULL,'UG_PROVINCIA',264),(750,'2023-01-23 07:58:15',NULL,NULL,NULL,0,'ENABLED','030703','GAMARRA',NULL,'UG_DISTRITO',300),(751,'2023-01-23 07:58:15',NULL,NULL,NULL,0,'ENABLED','030704','HUAYLLATI',NULL,'UG_DISTRITO',300),(752,'2023-01-23 07:58:15',NULL,NULL,NULL,0,'ENABLED','030705','MAMARA',NULL,'UG_DISTRITO',300),(753,'2023-01-23 07:58:15',NULL,NULL,NULL,0,'ENABLED','030706','MICAELA BASTIDAS',NULL,'UG_DISTRITO',300),(754,'2023-01-23 07:58:15',NULL,NULL,NULL,0,'ENABLED','030707','PATAYPAMPA',NULL,'UG_DISTRITO',300),(755,'2023-01-23 07:58:15',NULL,NULL,NULL,0,'ENABLED','2002','AYABACA',NULL,'UG_PROVINCIA',264),(756,'2023-01-23 07:58:15',NULL,NULL,NULL,0,'ENABLED','030708','PROGRESO',NULL,'UG_DISTRITO',300),(757,'2023-01-23 07:58:15',NULL,NULL,NULL,0,'ENABLED','030709','SAN ANTONIO',NULL,'UG_DISTRITO',300),(758,'2023-01-23 07:58:15',NULL,NULL,NULL,0,'ENABLED','030710','SANTA ROSA',NULL,'UG_DISTRITO',300),(759,'2023-01-23 07:58:15',NULL,NULL,NULL,0,'ENABLED','030711','TURPAY',NULL,'UG_DISTRITO',300),(760,'2023-01-23 07:58:15',NULL,NULL,NULL,0,'ENABLED','030712','VILCABAMBA',NULL,'UG_DISTRITO',300),(761,'2023-01-23 07:58:15',NULL,NULL,NULL,0,'ENABLED','030713','VIRUNDO',NULL,'UG_DISTRITO',300),(762,'2023-01-23 07:58:15',NULL,NULL,NULL,0,'ENABLED','2003','HUANCABAMBA',NULL,'UG_PROVINCIA',264),(763,'2023-01-23 07:58:15',NULL,NULL,NULL,0,'ENABLED','030714','CURASCO',NULL,'UG_DISTRITO',300),(764,'2023-01-23 07:58:15',NULL,NULL,NULL,0,'ENABLED','040101','AREQUIPA',NULL,'UG_DISTRITO',301),(765,'2023-01-23 07:58:15',NULL,NULL,NULL,0,'ENABLED','040102','ALTO SELVA ALEGRE',NULL,'UG_DISTRITO',301),(766,'2023-01-23 07:58:15',NULL,NULL,NULL,0,'ENABLED','040103','CAYMA',NULL,'UG_DISTRITO',301),(767,'2023-01-23 07:58:15',NULL,NULL,NULL,0,'ENABLED','040104','CERRO COLORADO',NULL,'UG_DISTRITO',301),(768,'2023-01-23 07:58:15',NULL,NULL,NULL,0,'ENABLED','2004','MORROPON',NULL,'UG_PROVINCIA',264),(769,'2023-01-23 07:58:15',NULL,NULL,NULL,0,'ENABLED','040105','CHARACATO',NULL,'UG_DISTRITO',301),(770,'2023-01-23 07:58:15',NULL,NULL,NULL,0,'ENABLED','040106','CHIGUATA',NULL,'UG_DISTRITO',301),(771,'2023-01-23 07:58:15',NULL,NULL,NULL,0,'ENABLED','040107','JACOBO HUNTER',NULL,'UG_DISTRITO',301),(772,'2023-01-23 07:58:15',NULL,NULL,NULL,0,'ENABLED','040108','LA JOYA',NULL,'UG_DISTRITO',301),(773,'2023-01-23 07:58:15',NULL,NULL,NULL,0,'ENABLED','040109','MARIANO MELGAR',NULL,'UG_DISTRITO',301),(774,'2023-01-23 07:58:15',NULL,NULL,NULL,0,'ENABLED','2005','PAITA',NULL,'UG_PROVINCIA',264),(775,'2023-01-23 07:58:15',NULL,NULL,NULL,0,'ENABLED','040110','MIRAFLORES',NULL,'UG_DISTRITO',301),(776,'2023-01-23 07:58:15',NULL,NULL,NULL,0,'ENABLED','040111','MOLLEBAYA',NULL,'UG_DISTRITO',301),(777,'2023-01-23 07:58:15',NULL,NULL,NULL,0,'ENABLED','040112','PAUCARPATA',NULL,'UG_DISTRITO',301),(778,'2023-01-23 07:58:15',NULL,NULL,NULL,0,'ENABLED','040113','POCSI',NULL,'UG_DISTRITO',301),(779,'2023-01-23 07:58:15',NULL,NULL,NULL,0,'ENABLED','2006','SULLANA',NULL,'UG_PROVINCIA',264),(780,'2023-01-23 07:58:15',NULL,NULL,NULL,0,'ENABLED','040114','POLOBAYA',NULL,'UG_DISTRITO',301),(781,'2023-01-23 07:58:15',NULL,NULL,NULL,0,'ENABLED','040115','QUEQUEA',NULL,'UG_DISTRITO',301),(782,'2023-01-23 07:58:15',NULL,NULL,NULL,0,'ENABLED','040116','SABANDIA',NULL,'UG_DISTRITO',301),(783,'2023-01-23 07:58:15',NULL,NULL,NULL,0,'ENABLED','040117','SACHACA',NULL,'UG_DISTRITO',301),(784,'2023-01-23 07:58:15',NULL,NULL,NULL,0,'ENABLED','2007','TALARA',NULL,'UG_PROVINCIA',264),(785,'2023-01-23 07:58:15',NULL,NULL,NULL,0,'ENABLED','040118','SAN JUAN DE SIGUAS',NULL,'UG_DISTRITO',301),(786,'2023-01-23 07:58:15',NULL,NULL,NULL,0,'ENABLED','040119','SAN JUAN DE TARUCANI',NULL,'UG_DISTRITO',301),(787,'2023-01-23 07:58:15',NULL,NULL,NULL,0,'ENABLED','040120','SANTA ISABEL DE SIGUAS',NULL,'UG_DISTRITO',301),(788,'2023-01-23 07:58:15',NULL,NULL,NULL,0,'ENABLED','040121','SANTA RITA DE SIGUAS',NULL,'UG_DISTRITO',301),(789,'2023-01-23 07:58:15',NULL,NULL,NULL,0,'ENABLED','2008','SECHURA',NULL,'UG_PROVINCIA',264),(790,'2023-01-23 07:58:15',NULL,NULL,NULL,0,'ENABLED','040122','SOCABAYA',NULL,'UG_DISTRITO',301),(791,'2023-01-23 07:58:15',NULL,NULL,NULL,0,'ENABLED','040123','TIABAYA',NULL,'UG_DISTRITO',301),(792,'2023-01-23 07:58:15',NULL,NULL,NULL,0,'ENABLED','040124','UCHUMAYO',NULL,'UG_DISTRITO',301),(793,'2023-01-23 07:58:15',NULL,NULL,NULL,0,'ENABLED','2101','PUNO',NULL,'UG_PROVINCIA',265),(794,'2023-01-23 07:58:15',NULL,NULL,NULL,0,'ENABLED','040125','VITOR',NULL,'UG_DISTRITO',301),(795,'2023-01-23 07:58:15',NULL,NULL,NULL,0,'ENABLED','040126','YANAHUARA',NULL,'UG_DISTRITO',301),(796,'2023-01-23 07:58:15',NULL,NULL,NULL,0,'ENABLED','040127','YARABAMBA',NULL,'UG_DISTRITO',301),(797,'2023-01-23 07:58:15',NULL,NULL,NULL,0,'ENABLED','040128','YURA',NULL,'UG_DISTRITO',301),(798,'2023-01-23 07:58:15',NULL,NULL,NULL,0,'ENABLED','040129','JOSE LUIS BUSTAMANTE Y RIVERO',NULL,'UG_DISTRITO',301),(799,'2023-01-23 07:58:15',NULL,NULL,NULL,0,'ENABLED','040201','CAMANA',NULL,'UG_DISTRITO',302),(800,'2023-01-23 07:58:15',NULL,NULL,NULL,0,'ENABLED','040202','JOSE MARIA QUIMPER',NULL,'UG_DISTRITO',302),(801,'2023-01-23 07:58:15',NULL,NULL,NULL,0,'ENABLED','2102','AZANGARO',NULL,'UG_PROVINCIA',265),(802,'2023-01-23 07:58:15',NULL,NULL,NULL,0,'ENABLED','040203','MARIANO NICOLAS VALCARCEL',NULL,'UG_DISTRITO',302),(803,'2023-01-23 07:58:15',NULL,NULL,NULL,0,'ENABLED','040204','MARISCAL CACERES',NULL,'UG_DISTRITO',302),(804,'2023-01-23 07:58:15',NULL,NULL,NULL,0,'ENABLED','040205','NICOLAS DE PIEROLA',NULL,'UG_DISTRITO',302),(805,'2023-01-23 07:58:15',NULL,NULL,NULL,0,'ENABLED','040206','OCOA',NULL,'UG_DISTRITO',302),(806,'2023-01-23 07:58:15',NULL,NULL,NULL,0,'ENABLED','040207','QUILCA',NULL,'UG_DISTRITO',302),(807,'2023-01-23 07:58:15',NULL,NULL,NULL,0,'ENABLED','040208','SAMUEL PASTOR',NULL,'UG_DISTRITO',302),(808,'2023-01-23 07:58:15',NULL,NULL,NULL,0,'ENABLED','040301','CARAVELI',NULL,'UG_DISTRITO',303),(809,'2023-01-23 07:58:15',NULL,NULL,NULL,0,'ENABLED','040302','ACARI',NULL,'UG_DISTRITO',303),(810,'2023-01-23 07:58:15',NULL,NULL,NULL,0,'ENABLED','2103','CARABAYA',NULL,'UG_PROVINCIA',265),(811,'2023-01-23 07:58:15',NULL,NULL,NULL,0,'ENABLED','040303','ATICO',NULL,'UG_DISTRITO',303),(812,'2023-01-23 07:58:15',NULL,NULL,NULL,0,'ENABLED','040304','ATIQUIPA',NULL,'UG_DISTRITO',303),(813,'2023-01-23 07:58:15',NULL,NULL,NULL,0,'ENABLED','040305','BELLA UNION',NULL,'UG_DISTRITO',303),(814,'2023-01-23 07:58:15',NULL,NULL,NULL,0,'ENABLED','040306','CAHUACHO',NULL,'UG_DISTRITO',303),(815,'2023-01-23 07:58:15',NULL,NULL,NULL,0,'ENABLED','040307','CHALA',NULL,'UG_DISTRITO',303),(816,'2023-01-23 07:58:15',NULL,NULL,NULL,0,'ENABLED','2104','CHUCUITO',NULL,'UG_PROVINCIA',265),(817,'2023-01-23 07:58:15',NULL,NULL,NULL,0,'ENABLED','040308','CHAPARRA',NULL,'UG_DISTRITO',303),(818,'2023-01-23 07:58:15',NULL,NULL,NULL,0,'ENABLED','040309','HUANUHUANU',NULL,'UG_DISTRITO',303),(819,'2023-01-23 07:58:15',NULL,NULL,NULL,0,'ENABLED','040310','JAQUI',NULL,'UG_DISTRITO',303),(820,'2023-01-23 07:58:15',NULL,NULL,NULL,0,'ENABLED','040311','LOMAS',NULL,'UG_DISTRITO',303),(821,'2023-01-23 07:58:15',NULL,NULL,NULL,0,'ENABLED','2105','EL COLLAO',NULL,'UG_PROVINCIA',265),(822,'2023-01-23 07:58:15',NULL,NULL,NULL,0,'ENABLED','040312','QUICACHA',NULL,'UG_DISTRITO',303),(823,'2023-01-23 07:58:15',NULL,NULL,NULL,0,'ENABLED','040313','YAUCA',NULL,'UG_DISTRITO',303),(824,'2023-01-23 07:58:15',NULL,NULL,NULL,0,'ENABLED','040401','APLAO',NULL,'UG_DISTRITO',304),(825,'2023-01-23 07:58:15',NULL,NULL,NULL,0,'ENABLED','2106','HUANCANE',NULL,'UG_PROVINCIA',265),(826,'2023-01-23 07:58:15',NULL,NULL,NULL,0,'ENABLED','040402','ANDAGUA',NULL,'UG_DISTRITO',304),(827,'2023-01-23 07:58:15',NULL,NULL,NULL,0,'ENABLED','040403','AYO',NULL,'UG_DISTRITO',304),(828,'2023-01-23 07:58:15',NULL,NULL,NULL,0,'ENABLED','040404','CHACHAS',NULL,'UG_DISTRITO',304),(829,'2023-01-23 07:58:15',NULL,NULL,NULL,0,'ENABLED','040405','CHILCAYMARCA',NULL,'UG_DISTRITO',304),(830,'2023-01-23 07:58:15',NULL,NULL,NULL,0,'ENABLED','040406','CHOCO',NULL,'UG_DISTRITO',304),(831,'2023-01-23 07:58:15',NULL,NULL,NULL,0,'ENABLED','2107','LAMPA',NULL,'UG_PROVINCIA',265),(832,'2023-01-23 07:58:15',NULL,NULL,NULL,0,'ENABLED','040407','HUANCARQUI',NULL,'UG_DISTRITO',304),(833,'2023-01-23 07:58:15',NULL,NULL,NULL,0,'ENABLED','040408','MACHAGUAY',NULL,'UG_DISTRITO',304),(834,'2023-01-23 07:58:15',NULL,NULL,NULL,0,'ENABLED','040409','ORCOPAMPA',NULL,'UG_DISTRITO',304),(835,'2023-01-23 07:58:15',NULL,NULL,NULL,0,'ENABLED','040410','PAMPACOLCA',NULL,'UG_DISTRITO',304),(836,'2023-01-23 07:58:15',NULL,NULL,NULL,0,'ENABLED','040411','TIPAN',NULL,'UG_DISTRITO',304),(837,'2023-01-23 07:58:15',NULL,NULL,NULL,0,'ENABLED','2108','MELGAR',NULL,'UG_PROVINCIA',265),(838,'2023-01-23 07:58:15',NULL,NULL,NULL,0,'ENABLED','040412','UON',NULL,'UG_DISTRITO',304),(839,'2023-01-23 07:58:15',NULL,NULL,NULL,0,'ENABLED','040413','URACA',NULL,'UG_DISTRITO',304),(840,'2023-01-23 07:58:15',NULL,NULL,NULL,0,'ENABLED','040414','VIRACO',NULL,'UG_DISTRITO',304),(841,'2023-01-23 07:58:15',NULL,NULL,NULL,0,'ENABLED','040501','CHIVAY',NULL,'UG_DISTRITO',305),(842,'2023-01-23 07:58:15',NULL,NULL,NULL,0,'ENABLED','040502','ACHOMA',NULL,'UG_DISTRITO',305),(843,'2023-01-23 07:58:15',NULL,NULL,NULL,0,'ENABLED','2109','MOHO',NULL,'UG_PROVINCIA',265),(844,'2023-01-23 07:58:15',NULL,NULL,NULL,0,'ENABLED','2110','SAN ANTONIO DE PUTINA',NULL,'UG_PROVINCIA',265),(845,'2023-01-23 07:58:15',NULL,NULL,NULL,0,'ENABLED','040503','CABANACONDE',NULL,'UG_DISTRITO',305),(846,'2023-01-23 07:58:15',NULL,NULL,NULL,0,'ENABLED','040504','CALLALLI',NULL,'UG_DISTRITO',305),(847,'2023-01-23 07:58:15',NULL,NULL,NULL,0,'ENABLED','040505','CAYLLOMA',NULL,'UG_DISTRITO',305),(848,'2023-01-23 07:58:15',NULL,NULL,NULL,0,'ENABLED','2111','SAN ROMAN',NULL,'UG_PROVINCIA',265),(849,'2023-01-23 07:58:15',NULL,NULL,NULL,0,'ENABLED','040506','COPORAQUE',NULL,'UG_DISTRITO',305),(850,'2023-01-23 07:58:15',NULL,NULL,NULL,0,'ENABLED','040507','HUAMBO',NULL,'UG_DISTRITO',305),(851,'2023-01-23 07:58:15',NULL,NULL,NULL,0,'ENABLED','040508','HUANCA',NULL,'UG_DISTRITO',305),(852,'2023-01-23 07:58:15',NULL,NULL,NULL,0,'ENABLED','2112','SANDIA',NULL,'UG_PROVINCIA',265),(853,'2023-01-23 07:58:15',NULL,NULL,NULL,0,'ENABLED','040509','ICHUPAMPA',NULL,'UG_DISTRITO',305),(854,'2023-01-23 07:58:15',NULL,NULL,NULL,0,'ENABLED','040510','LARI',NULL,'UG_DISTRITO',305),(855,'2023-01-23 07:58:15',NULL,NULL,NULL,0,'ENABLED','040511','LLUTA',NULL,'UG_DISTRITO',305),(856,'2023-01-23 07:58:15',NULL,NULL,NULL,0,'ENABLED','040512','MACA',NULL,'UG_DISTRITO',305),(857,'2023-01-23 07:58:15',NULL,NULL,NULL,0,'ENABLED','040513','MADRIGAL',NULL,'UG_DISTRITO',305),(858,'2023-01-23 07:58:15',NULL,NULL,NULL,0,'ENABLED','040514','SAN ANTONIO DE CHUCA',NULL,'UG_DISTRITO',305),(859,'2023-01-23 07:58:15',NULL,NULL,NULL,0,'ENABLED','2113','YUNGUYO',NULL,'UG_PROVINCIA',265),(860,'2023-01-23 07:58:15',NULL,NULL,NULL,0,'ENABLED','040515','SIBAYO',NULL,'UG_DISTRITO',305),(861,'2023-01-23 07:58:15',NULL,NULL,NULL,0,'ENABLED','040516','TAPAY',NULL,'UG_DISTRITO',305),(862,'2023-01-23 07:58:15',NULL,NULL,NULL,0,'ENABLED','040517','TISCO',NULL,'UG_DISTRITO',305),(863,'2023-01-23 07:58:15',NULL,NULL,NULL,0,'ENABLED','2201','MOYOBAMBA',NULL,'UG_PROVINCIA',261),(864,'2023-01-23 07:58:15',NULL,NULL,NULL,0,'ENABLED','040518','TUTI',NULL,'UG_DISTRITO',305),(865,'2023-01-23 07:58:15',NULL,NULL,NULL,0,'ENABLED','040519','YANQUE',NULL,'UG_DISTRITO',305),(866,'2023-01-23 07:58:15',NULL,NULL,NULL,0,'ENABLED','040520','MAJES',NULL,'UG_DISTRITO',305),(867,'2023-01-23 07:58:15',NULL,NULL,NULL,0,'ENABLED','2202','BELLAVISTA',NULL,'UG_PROVINCIA',261),(868,'2023-01-23 07:58:15',NULL,NULL,NULL,0,'ENABLED','040601','CHUQUIBAMBA',NULL,'UG_DISTRITO',306),(869,'2023-01-23 07:58:15',NULL,NULL,NULL,0,'ENABLED','040602','ANDARAY',NULL,'UG_DISTRITO',306),(870,'2023-01-23 07:58:15',NULL,NULL,NULL,0,'ENABLED','040603','CAYARANI',NULL,'UG_DISTRITO',306),(871,'2023-01-23 07:58:15',NULL,NULL,NULL,0,'ENABLED','040604','CHICHAS',NULL,'UG_DISTRITO',306),(872,'2023-01-23 07:58:15',NULL,NULL,NULL,0,'ENABLED','2203','EL DORADO',NULL,'UG_PROVINCIA',261),(873,'2023-01-23 07:58:15',NULL,NULL,NULL,0,'ENABLED','040605','IRAY',NULL,'UG_DISTRITO',306),(874,'2023-01-23 07:58:15',NULL,NULL,NULL,0,'ENABLED','040606','RIO GRANDE',NULL,'UG_DISTRITO',306),(875,'2023-01-23 07:58:15',NULL,NULL,NULL,0,'ENABLED','040607','SALAMANCA',NULL,'UG_DISTRITO',306),(876,'2023-01-23 07:58:15',NULL,NULL,NULL,0,'ENABLED','2204','HUALLAGA',NULL,'UG_PROVINCIA',261),(877,'2023-01-23 07:58:15',NULL,NULL,NULL,0,'ENABLED','040608','YANAQUIHUA',NULL,'UG_DISTRITO',306),(878,'2023-01-23 07:58:15',NULL,NULL,NULL,0,'ENABLED','040701','MOLLENDO',NULL,'UG_DISTRITO',307),(879,'2023-01-23 07:58:15',NULL,NULL,NULL,0,'ENABLED','040702','COCACHACRA',NULL,'UG_DISTRITO',307),(880,'2023-01-23 07:58:15',NULL,NULL,NULL,0,'ENABLED','040703','DEAN VALDIVIA',NULL,'UG_DISTRITO',307),(881,'2023-01-23 07:58:15',NULL,NULL,NULL,0,'ENABLED','2205','LAMAS',NULL,'UG_PROVINCIA',261),(882,'2023-01-23 07:58:15',NULL,NULL,NULL,0,'ENABLED','040704','ISLAY',NULL,'UG_DISTRITO',307),(883,'2023-01-23 07:58:15',NULL,NULL,NULL,0,'ENABLED','040705','MEJIA',NULL,'UG_DISTRITO',307),(884,'2023-01-23 07:58:15',NULL,NULL,NULL,0,'ENABLED','040706','PUNTA DE BOMBON',NULL,'UG_DISTRITO',307),(885,'2023-01-23 07:58:15',NULL,NULL,NULL,0,'ENABLED','040801','COTAHUASI',NULL,'UG_DISTRITO',308),(886,'2023-01-23 07:58:15',NULL,NULL,NULL,0,'ENABLED','040802','ALCA',NULL,'UG_DISTRITO',308),(887,'2023-01-23 07:58:15',NULL,NULL,NULL,0,'ENABLED','040803','CHARCANA',NULL,'UG_DISTRITO',308),(888,'2023-01-23 07:58:15',NULL,NULL,NULL,0,'ENABLED','2206','MARISCAL CACERES',NULL,'UG_PROVINCIA',261),(889,'2023-01-23 07:58:15',NULL,NULL,NULL,0,'ENABLED','040804','HUAYNACOTAS',NULL,'UG_DISTRITO',308),(890,'2023-01-23 07:58:15',NULL,NULL,NULL,0,'ENABLED','040805','PAMPAMARCA',NULL,'UG_DISTRITO',308),(891,'2023-01-23 07:58:15',NULL,NULL,NULL,0,'ENABLED','040806','PUYCA',NULL,'UG_DISTRITO',308),(892,'2023-01-23 07:58:15',NULL,NULL,NULL,0,'ENABLED','040807','QUECHUALLA',NULL,'UG_DISTRITO',308),(893,'2023-01-23 07:58:15',NULL,NULL,NULL,0,'ENABLED','2207','PICOTA',NULL,'UG_PROVINCIA',261),(894,'2023-01-23 07:58:15',NULL,NULL,NULL,0,'ENABLED','040808','SAYLA',NULL,'UG_DISTRITO',308),(895,'2023-01-23 07:58:15',NULL,NULL,NULL,0,'ENABLED','040809','TAURIA',NULL,'UG_DISTRITO',308),(896,'2023-01-23 07:58:15',NULL,NULL,NULL,0,'ENABLED','040810','TOMEPAMPA',NULL,'UG_DISTRITO',308),(897,'2023-01-23 07:58:15',NULL,NULL,NULL,0,'ENABLED','040811','TORO',NULL,'UG_DISTRITO',308),(898,'2023-01-23 07:58:15',NULL,NULL,NULL,0,'ENABLED','050101','AYACUCHO',NULL,'UG_DISTRITO',309),(899,'2023-01-23 07:58:15',NULL,NULL,NULL,0,'ENABLED','2208','RIOJA',NULL,'UG_PROVINCIA',261),(900,'2023-01-23 07:58:15',NULL,NULL,NULL,0,'ENABLED','050102','ACOCRO',NULL,'UG_DISTRITO',309),(901,'2023-01-23 07:58:15',NULL,NULL,NULL,0,'ENABLED','050103','ACOS VINCHOS',NULL,'UG_DISTRITO',309),(902,'2023-01-23 07:58:15',NULL,NULL,NULL,0,'ENABLED','050104','CARMEN ALTO',NULL,'UG_DISTRITO',309),(903,'2023-01-23 07:58:15',NULL,NULL,NULL,0,'ENABLED','050105','CHIARA',NULL,'UG_DISTRITO',309),(904,'2023-01-23 07:58:15',NULL,NULL,NULL,0,'ENABLED','050106','OCROS',NULL,'UG_DISTRITO',309),(905,'2023-01-23 07:58:15',NULL,NULL,NULL,0,'ENABLED','050107','PACAYCASA',NULL,'UG_DISTRITO',309),(906,'2023-01-23 07:58:15',NULL,NULL,NULL,0,'ENABLED','2209','SAN MARTIN',NULL,'UG_PROVINCIA',261),(907,'2023-01-23 07:58:15',NULL,NULL,NULL,0,'ENABLED','050108','QUINUA',NULL,'UG_DISTRITO',309),(908,'2023-01-23 07:58:15',NULL,NULL,NULL,0,'ENABLED','050109','SAN JOSE DE TICLLAS',NULL,'UG_DISTRITO',309),(909,'2023-01-23 07:58:15',NULL,NULL,NULL,0,'ENABLED','050110','SAN JUAN BAUTISTA',NULL,'UG_DISTRITO',309),(910,'2023-01-23 07:58:15',NULL,NULL,NULL,0,'ENABLED','050111','SANTIAGO DE PISCHA',NULL,'UG_DISTRITO',309),(911,'2023-01-23 07:58:15',NULL,NULL,NULL,0,'ENABLED','050112','SOCOS',NULL,'UG_DISTRITO',309),(912,'2023-01-23 07:58:15',NULL,NULL,NULL,0,'ENABLED','050113','TAMBILLO',NULL,'UG_DISTRITO',309),(913,'2023-01-23 07:58:15',NULL,NULL,NULL,0,'ENABLED','050114','VINCHOS',NULL,'UG_DISTRITO',309),(914,'2023-01-23 07:58:15',NULL,NULL,NULL,0,'ENABLED','050115','JESUS NAZARENO',NULL,'UG_DISTRITO',309),(915,'2023-01-23 07:58:15',NULL,NULL,NULL,0,'ENABLED','050116','ANDRES AVELINO CACERES DORREGARAY',NULL,'UG_DISTRITO',309),(916,'2023-01-23 07:58:15',NULL,NULL,NULL,0,'ENABLED','050201','CANGALLO',NULL,'UG_DISTRITO',310),(917,'2023-01-23 07:58:15',NULL,NULL,NULL,0,'ENABLED','050202','CHUSCHI',NULL,'UG_DISTRITO',310),(918,'2023-01-23 07:58:15',NULL,NULL,NULL,0,'ENABLED','2301','TACNA',NULL,'UG_PROVINCIA',266),(919,'2023-01-23 07:58:15',NULL,NULL,NULL,0,'ENABLED','050203','LOS MOROCHUCOS',NULL,'UG_DISTRITO',310),(920,'2023-01-23 07:58:15',NULL,NULL,NULL,0,'ENABLED','050204','MARIA PARADO DE BELLIDO',NULL,'UG_DISTRITO',310),(921,'2023-01-23 07:58:15',NULL,NULL,NULL,0,'ENABLED','050205','PARAS',NULL,'UG_DISTRITO',310),(922,'2023-01-23 07:58:15',NULL,NULL,NULL,0,'ENABLED','050206','TOTOS',NULL,'UG_DISTRITO',310),(923,'2023-01-23 07:58:15',NULL,NULL,NULL,0,'ENABLED','050301','SANCOS',NULL,'UG_DISTRITO',311),(924,'2023-01-23 07:58:15',NULL,NULL,NULL,0,'ENABLED','050302','CARAPO',NULL,'UG_DISTRITO',311),(925,'2023-01-23 07:58:15',NULL,NULL,NULL,0,'ENABLED','2302','CANDARAVE',NULL,'UG_PROVINCIA',266),(926,'2023-01-23 07:58:15',NULL,NULL,NULL,0,'ENABLED','050303','SACSAMARCA',NULL,'UG_DISTRITO',311),(927,'2023-01-23 07:58:15',NULL,NULL,NULL,0,'ENABLED','050304','SANTIAGO DE LUCANAMARCA',NULL,'UG_DISTRITO',311),(928,'2023-01-23 07:58:15',NULL,NULL,NULL,0,'ENABLED','050401','HUANTA',NULL,'UG_DISTRITO',312),(929,'2023-01-23 07:58:15',NULL,NULL,NULL,0,'ENABLED','2303','JORGE BASADRE',NULL,'UG_PROVINCIA',266),(930,'2023-01-23 07:58:15',NULL,NULL,NULL,0,'ENABLED','050402','AYAHUANCO',NULL,'UG_DISTRITO',312),(931,'2023-01-23 07:58:15',NULL,NULL,NULL,0,'ENABLED','050403','HUAMANGUILLA',NULL,'UG_DISTRITO',312),(932,'2023-01-23 07:58:15',NULL,NULL,NULL,0,'ENABLED','2304','TARATA',NULL,'UG_PROVINCIA',266),(933,'2023-01-23 07:58:15',NULL,NULL,NULL,0,'ENABLED','050404','IGUAIN',NULL,'UG_DISTRITO',312),(934,'2023-01-23 07:58:15',NULL,NULL,NULL,0,'ENABLED','050405','LURICOCHA',NULL,'UG_DISTRITO',312),(935,'2023-01-23 07:58:15',NULL,NULL,NULL,0,'ENABLED','050406','SANTILLANA',NULL,'UG_DISTRITO',312),(936,'2023-01-23 07:58:15',NULL,NULL,NULL,0,'ENABLED','050407','SIVIA',NULL,'UG_DISTRITO',312),(937,'2023-01-23 07:58:15',NULL,NULL,NULL,0,'ENABLED','050408','LLOCHEGUA',NULL,'UG_DISTRITO',312),(938,'2023-01-23 07:58:15',NULL,NULL,NULL,0,'ENABLED','2401','TUMBES',NULL,'UG_PROVINCIA',258),(939,'2023-01-23 07:58:15',NULL,NULL,NULL,0,'ENABLED','050409','CANAYRE',NULL,'UG_DISTRITO',312),(940,'2023-01-23 07:58:15',NULL,NULL,NULL,0,'ENABLED','050410','UCHURACCAY',NULL,'UG_DISTRITO',312),(941,'2023-01-23 07:58:15',NULL,NULL,NULL,0,'ENABLED','050411','PUCACOLPA',NULL,'UG_DISTRITO',312),(942,'2023-01-23 07:58:15',NULL,NULL,NULL,0,'ENABLED','050412','CHACA',NULL,'UG_DISTRITO',312),(943,'2023-01-23 07:58:15',NULL,NULL,NULL,0,'ENABLED','050501','SAN MIGUEL',NULL,'UG_DISTRITO',313),(944,'2023-01-23 07:58:15',NULL,NULL,NULL,0,'ENABLED','050502','ANCO',NULL,'UG_DISTRITO',313),(945,'2023-01-23 07:58:15',NULL,NULL,NULL,0,'ENABLED','050503','AYNA',NULL,'UG_DISTRITO',313),(946,'2023-01-23 07:58:15',NULL,NULL,NULL,0,'ENABLED','050504','CHILCAS',NULL,'UG_DISTRITO',313),(947,'2023-01-23 07:58:15',NULL,NULL,NULL,0,'ENABLED','050505','CHUNGUI',NULL,'UG_DISTRITO',313),(948,'2023-01-23 07:58:15',NULL,NULL,NULL,0,'ENABLED','050506','LUIS CARRANZA',NULL,'UG_DISTRITO',313),(949,'2023-01-23 07:58:15',NULL,NULL,NULL,0,'ENABLED','050507','SANTA ROSA',NULL,'UG_DISTRITO',313),(950,'2023-01-23 07:58:15',NULL,NULL,NULL,0,'ENABLED','050508','TAMBO',NULL,'UG_DISTRITO',313),(951,'2023-01-23 07:58:15',NULL,NULL,NULL,0,'ENABLED','050509','SAMUGARI',NULL,'UG_DISTRITO',313),(952,'2023-01-23 07:58:15',NULL,NULL,NULL,0,'ENABLED','050510','ANCHIHUAY',NULL,'UG_DISTRITO',313),(953,'2023-01-23 07:58:15',NULL,NULL,NULL,0,'ENABLED','050511','ORONCCOY',NULL,'UG_DISTRITO',313),(954,'2023-01-23 07:58:15',NULL,NULL,NULL,0,'ENABLED','050601','PUQUIO',NULL,'UG_DISTRITO',314),(955,'2023-01-23 07:58:15',NULL,NULL,NULL,0,'ENABLED','050602','AUCARA',NULL,'UG_DISTRITO',314),(956,'2023-01-23 07:58:15',NULL,NULL,NULL,0,'ENABLED','050603','CABANA',NULL,'UG_DISTRITO',314),(957,'2023-01-23 07:58:15',NULL,NULL,NULL,0,'ENABLED','050604','CARMEN SALCEDO',NULL,'UG_DISTRITO',314),(958,'2023-01-23 07:58:15',NULL,NULL,NULL,0,'ENABLED','050605','CHAVIA',NULL,'UG_DISTRITO',314),(959,'2023-01-23 07:58:15',NULL,NULL,NULL,0,'ENABLED','050606','CHIPAO',NULL,'UG_DISTRITO',314),(960,'2023-01-23 07:58:15',NULL,NULL,NULL,0,'ENABLED','050607','HUAC-HUAS',NULL,'UG_DISTRITO',314),(961,'2023-01-23 07:58:15',NULL,NULL,NULL,0,'ENABLED','050608','LARAMATE',NULL,'UG_DISTRITO',314),(962,'2023-01-23 07:58:15',NULL,NULL,NULL,0,'ENABLED','050609','LEONCIO PRADO',NULL,'UG_DISTRITO',314),(963,'2023-01-23 07:58:15',NULL,NULL,NULL,0,'ENABLED','050610','LLAUTA',NULL,'UG_DISTRITO',314),(964,'2023-01-23 07:58:15',NULL,NULL,NULL,0,'ENABLED','050611','LUCANAS',NULL,'UG_DISTRITO',314),(965,'2023-01-23 07:58:15',NULL,NULL,NULL,0,'ENABLED','050612','OCAA',NULL,'UG_DISTRITO',314),(966,'2023-01-23 07:58:15',NULL,NULL,NULL,0,'ENABLED','050613','OTOCA',NULL,'UG_DISTRITO',314),(967,'2023-01-23 07:58:15',NULL,NULL,NULL,0,'ENABLED','050614','SAISA',NULL,'UG_DISTRITO',314),(968,'2023-01-23 07:58:15',NULL,NULL,NULL,0,'ENABLED','050615','SAN CRISTOBAL',NULL,'UG_DISTRITO',314),(969,'2023-01-23 07:58:15',NULL,NULL,NULL,0,'ENABLED','050616','SAN JUAN',NULL,'UG_DISTRITO',314),(970,'2023-01-23 07:58:15',NULL,NULL,NULL,0,'ENABLED','050617','SAN PEDRO',NULL,'UG_DISTRITO',314),(971,'2023-01-23 07:58:15',NULL,NULL,NULL,0,'ENABLED','050618','SAN PEDRO DE PALCO',NULL,'UG_DISTRITO',314),(972,'2023-01-23 07:58:15',NULL,NULL,NULL,0,'ENABLED','050619','SANCOS',NULL,'UG_DISTRITO',314),(973,'2023-01-23 07:58:15',NULL,NULL,NULL,0,'ENABLED','050620','SANTA ANA DE HUAYCAHUACHO',NULL,'UG_DISTRITO',314),(974,'2023-01-23 07:58:15',NULL,NULL,NULL,0,'ENABLED','050621','SANTA LUCIA',NULL,'UG_DISTRITO',314),(975,'2023-01-23 07:58:15',NULL,NULL,NULL,0,'ENABLED','050701','CORACORA',NULL,'UG_DISTRITO',315),(976,'2023-01-23 07:58:15',NULL,NULL,NULL,0,'ENABLED','050702','CHUMPI',NULL,'UG_DISTRITO',315),(977,'2023-01-23 07:58:15',NULL,NULL,NULL,0,'ENABLED','050703','CORONEL CASTAEDA',NULL,'UG_DISTRITO',315),(978,'2023-01-23 07:58:15',NULL,NULL,NULL,0,'ENABLED','050704','PACAPAUSA',NULL,'UG_DISTRITO',315),(979,'2023-01-23 07:58:15',NULL,NULL,NULL,0,'ENABLED','050705','PULLO',NULL,'UG_DISTRITO',315),(980,'2023-01-23 07:58:15',NULL,NULL,NULL,0,'ENABLED','050706','PUYUSCA',NULL,'UG_DISTRITO',315),(981,'2023-01-23 07:58:15',NULL,NULL,NULL,0,'ENABLED','050707','SAN FRANCISCO DE RAVACAYCO',NULL,'UG_DISTRITO',315),(982,'2023-01-23 07:58:15',NULL,NULL,NULL,0,'ENABLED','050708','UPAHUACHO',NULL,'UG_DISTRITO',315),(983,'2023-01-23 07:58:15',NULL,NULL,NULL,0,'ENABLED','050801','PAUSA',NULL,'UG_DISTRITO',316),(984,'2023-01-23 07:58:15',NULL,NULL,NULL,0,'ENABLED','050802','COLTA',NULL,'UG_DISTRITO',316),(985,'2023-01-23 07:58:15',NULL,NULL,NULL,0,'ENABLED','050803','CORCULLA',NULL,'UG_DISTRITO',316),(986,'2023-01-23 07:58:15',NULL,NULL,NULL,0,'ENABLED','050804','LAMPA',NULL,'UG_DISTRITO',316),(987,'2023-01-23 07:58:15',NULL,NULL,NULL,0,'ENABLED','050805','MARCABAMBA',NULL,'UG_DISTRITO',316),(988,'2023-01-23 07:58:15',NULL,NULL,NULL,0,'ENABLED','050806','OYOLO',NULL,'UG_DISTRITO',316),(989,'2023-01-23 07:58:15',NULL,NULL,NULL,0,'ENABLED','050807','PARARCA',NULL,'UG_DISTRITO',316),(990,'2023-01-23 07:58:15',NULL,NULL,NULL,0,'ENABLED','050808','SAN JAVIER DE ALPABAMBA',NULL,'UG_DISTRITO',316),(991,'2023-01-23 07:58:15',NULL,NULL,NULL,0,'ENABLED','050809','SAN JOSE DE USHUA',NULL,'UG_DISTRITO',316),(992,'2023-01-23 07:58:15',NULL,NULL,NULL,0,'ENABLED','050810','SARA SARA',NULL,'UG_DISTRITO',316),(993,'2023-01-23 07:58:15',NULL,NULL,NULL,0,'ENABLED','050901','QUEROBAMBA',NULL,'UG_DISTRITO',317),(994,'2023-01-23 07:58:15',NULL,NULL,NULL,0,'ENABLED','050902','BELEN',NULL,'UG_DISTRITO',317),(995,'2023-01-23 07:58:15',NULL,NULL,NULL,0,'ENABLED','050903','CHALCOS',NULL,'UG_DISTRITO',317),(996,'2023-01-23 07:58:15',NULL,NULL,NULL,0,'ENABLED','050904','CHILCAYOC',NULL,'UG_DISTRITO',317),(997,'2023-01-23 07:58:15',NULL,NULL,NULL,0,'ENABLED','050905','HUACAA',NULL,'UG_DISTRITO',317),(998,'2023-01-23 07:58:15',NULL,NULL,NULL,0,'ENABLED','050906','MORCOLLA',NULL,'UG_DISTRITO',317),(999,'2023-01-23 07:58:15',NULL,NULL,NULL,0,'ENABLED','050907','PAICO',NULL,'UG_DISTRITO',317),(1000,'2023-01-23 07:58:15',NULL,NULL,NULL,0,'ENABLED','050908','SAN PEDRO DE LARCAY',NULL,'UG_DISTRITO',317),(1001,'2023-01-23 07:58:15',NULL,NULL,NULL,0,'ENABLED','050909','SAN SALVADOR DE QUIJE',NULL,'UG_DISTRITO',317),(1002,'2023-01-23 07:58:15',NULL,NULL,NULL,0,'ENABLED','050910','SANTIAGO DE PAUCARAY',NULL,'UG_DISTRITO',317),(1003,'2023-01-23 07:58:15',NULL,NULL,NULL,0,'ENABLED','050911','SORAS',NULL,'UG_DISTRITO',317),(1004,'2023-01-23 07:58:15',NULL,NULL,NULL,0,'ENABLED','051001','HUANCAPI',NULL,'UG_DISTRITO',318),(1005,'2023-01-23 07:58:15',NULL,NULL,NULL,0,'ENABLED','051002','ALCAMENCA',NULL,'UG_DISTRITO',318),(1006,'2023-01-23 07:58:15',NULL,NULL,NULL,0,'ENABLED','051003','APONGO',NULL,'UG_DISTRITO',318),(1007,'2023-01-23 07:58:15',NULL,NULL,NULL,0,'ENABLED','051004','ASQUIPATA',NULL,'UG_DISTRITO',318),(1008,'2023-01-23 07:58:15',NULL,NULL,NULL,0,'ENABLED','051005','CANARIA',NULL,'UG_DISTRITO',318),(1009,'2023-01-23 07:58:15',NULL,NULL,NULL,0,'ENABLED','051006','CAYARA',NULL,'UG_DISTRITO',318),(1010,'2023-01-23 07:58:15',NULL,NULL,NULL,0,'ENABLED','051007','COLCA',NULL,'UG_DISTRITO',318),(1011,'2023-01-23 07:58:15',NULL,NULL,NULL,0,'ENABLED','051008','HUAMANQUIQUIA',NULL,'UG_DISTRITO',318),(1012,'2023-01-23 07:58:15',NULL,NULL,NULL,0,'ENABLED','051009','HUANCARAYLLA',NULL,'UG_DISTRITO',318),(1013,'2023-01-23 07:58:15',NULL,NULL,NULL,0,'ENABLED','051010','HUAYA',NULL,'UG_DISTRITO',318),(1014,'2023-01-23 07:58:15',NULL,NULL,NULL,0,'ENABLED','051011','SARHUA',NULL,'UG_DISTRITO',318),(1015,'2023-01-23 07:58:15',NULL,NULL,NULL,0,'ENABLED','051012','VILCANCHOS',NULL,'UG_DISTRITO',318),(1016,'2023-01-23 07:58:15',NULL,NULL,NULL,0,'ENABLED','051101','VILCAS HUAMAN',NULL,'UG_DISTRITO',319),(1017,'2023-01-23 07:58:15',NULL,NULL,NULL,0,'ENABLED','051102','ACCOMARCA',NULL,'UG_DISTRITO',319),(1018,'2023-01-23 07:58:15',NULL,NULL,NULL,0,'ENABLED','051103','CARHUANCA',NULL,'UG_DISTRITO',319),(1019,'2023-01-23 07:58:15',NULL,NULL,NULL,0,'ENABLED','051104','CONCEPCION',NULL,'UG_DISTRITO',319),(1020,'2023-01-23 07:58:15',NULL,NULL,NULL,0,'ENABLED','051105','HUAMBALPA',NULL,'UG_DISTRITO',319),(1021,'2023-01-23 07:58:15',NULL,NULL,NULL,0,'ENABLED','051106','INDEPENDENCIA',NULL,'UG_DISTRITO',319),(1022,'2023-01-23 07:58:15',NULL,NULL,NULL,0,'ENABLED','051107','SAURAMA',NULL,'UG_DISTRITO',319),(1023,'2023-01-23 07:58:15',NULL,NULL,NULL,0,'ENABLED','051108','VISCHONGO',NULL,'UG_DISTRITO',319),(1024,'2023-01-23 07:58:15',NULL,NULL,NULL,0,'ENABLED','060101','CAJAMARCA',NULL,'UG_DISTRITO',320),(1025,'2023-01-23 07:58:15',NULL,NULL,NULL,0,'ENABLED','060102','ASUNCION',NULL,'UG_DISTRITO',320),(1026,'2023-01-23 07:58:15',NULL,NULL,NULL,0,'ENABLED','060103','CHETILLA',NULL,'UG_DISTRITO',320),(1027,'2023-01-23 07:58:15',NULL,NULL,NULL,0,'ENABLED','060104','COSPAN',NULL,'UG_DISTRITO',320),(1028,'2023-01-23 07:58:15',NULL,NULL,NULL,0,'ENABLED','060105','ENCAADA',NULL,'UG_DISTRITO',320),(1029,'2023-01-23 07:58:15',NULL,NULL,NULL,0,'ENABLED','060106','JESUS',NULL,'UG_DISTRITO',320),(1030,'2023-01-23 07:58:15',NULL,NULL,NULL,0,'ENABLED','060107','LLACANORA',NULL,'UG_DISTRITO',320),(1031,'2023-01-23 07:58:15',NULL,NULL,NULL,0,'ENABLED','060108','LOS BAOS DEL INCA',NULL,'UG_DISTRITO',320),(1032,'2023-01-23 07:58:15',NULL,NULL,NULL,0,'ENABLED','060109','MAGDALENA',NULL,'UG_DISTRITO',320),(1033,'2023-01-23 07:58:15',NULL,NULL,NULL,0,'ENABLED','060110','MATARA',NULL,'UG_DISTRITO',320),(1034,'2023-01-23 07:58:15',NULL,NULL,NULL,0,'ENABLED','060111','NAMORA',NULL,'UG_DISTRITO',320),(1035,'2023-01-23 07:58:15',NULL,NULL,NULL,0,'ENABLED','060112','SAN JUAN',NULL,'UG_DISTRITO',320),(1036,'2023-01-23 07:58:15',NULL,NULL,NULL,0,'ENABLED','060201','CAJABAMBA',NULL,'UG_DISTRITO',321),(1037,'2023-01-23 07:58:15',NULL,NULL,NULL,0,'ENABLED','060202','CACHACHI',NULL,'UG_DISTRITO',321),(1038,'2023-01-23 07:58:15',NULL,NULL,NULL,0,'ENABLED','060203','CONDEBAMBA',NULL,'UG_DISTRITO',321),(1039,'2023-01-23 07:58:15',NULL,NULL,NULL,0,'ENABLED','060204','SITACOCHA',NULL,'UG_DISTRITO',321),(1040,'2023-01-23 07:58:15',NULL,NULL,NULL,0,'ENABLED','060301','CELENDIN',NULL,'UG_DISTRITO',322),(1041,'2023-01-23 07:58:15',NULL,NULL,NULL,0,'ENABLED','060302','CHUMUCH',NULL,'UG_DISTRITO',322),(1042,'2023-01-23 07:58:15',NULL,NULL,NULL,0,'ENABLED','060303','CORTEGANA',NULL,'UG_DISTRITO',322),(1043,'2023-01-23 07:58:15',NULL,NULL,NULL,0,'ENABLED','060304','HUASMIN',NULL,'UG_DISTRITO',322),(1044,'2023-01-23 07:58:15',NULL,NULL,NULL,0,'ENABLED','060305','JORGE CHAVEZ',NULL,'UG_DISTRITO',322),(1045,'2023-01-23 07:58:15',NULL,NULL,NULL,0,'ENABLED','060306','JOSE GALVEZ',NULL,'UG_DISTRITO',322),(1046,'2023-01-23 07:58:15',NULL,NULL,NULL,0,'ENABLED','060307','MIGUEL IGLESIAS',NULL,'UG_DISTRITO',322),(1047,'2023-01-23 07:58:15',NULL,NULL,NULL,0,'ENABLED','060308','OXAMARCA',NULL,'UG_DISTRITO',322),(1048,'2023-01-23 07:58:15',NULL,NULL,NULL,0,'ENABLED','060309','SOROCHUCO',NULL,'UG_DISTRITO',322),(1049,'2023-01-23 07:58:15',NULL,NULL,NULL,0,'ENABLED','060310','SUCRE',NULL,'UG_DISTRITO',322),(1050,'2023-01-23 07:58:15',NULL,NULL,NULL,0,'ENABLED','060311','UTCO',NULL,'UG_DISTRITO',322),(1051,'2023-01-23 07:58:15',NULL,NULL,NULL,0,'ENABLED','060312','LA LIBERTAD DE PALLAN',NULL,'UG_DISTRITO',322),(1052,'2023-01-23 07:58:15',NULL,NULL,NULL,0,'ENABLED','060401','CHOTA',NULL,'UG_DISTRITO',323),(1053,'2023-01-23 07:58:15',NULL,NULL,NULL,0,'ENABLED','060402','ANGUIA',NULL,'UG_DISTRITO',323),(1054,'2023-01-23 07:58:15',NULL,NULL,NULL,0,'ENABLED','060403','CHADIN',NULL,'UG_DISTRITO',323),(1055,'2023-01-23 07:58:15',NULL,NULL,NULL,0,'ENABLED','060404','CHIGUIRIP',NULL,'UG_DISTRITO',323),(1056,'2023-01-23 07:58:15',NULL,NULL,NULL,0,'ENABLED','060405','CHIMBAN',NULL,'UG_DISTRITO',323),(1057,'2023-01-23 07:58:15',NULL,NULL,NULL,0,'ENABLED','060406','CHOROPAMPA',NULL,'UG_DISTRITO',323),(1058,'2023-01-23 07:58:15',NULL,NULL,NULL,0,'ENABLED','060407','COCHABAMBA',NULL,'UG_DISTRITO',323),(1059,'2023-01-23 07:58:15',NULL,NULL,NULL,0,'ENABLED','060408','CONCHAN',NULL,'UG_DISTRITO',323),(1060,'2023-01-23 07:58:15',NULL,NULL,NULL,0,'ENABLED','060409','HUAMBOS',NULL,'UG_DISTRITO',323),(1061,'2023-01-23 07:58:15',NULL,NULL,NULL,0,'ENABLED','060410','LAJAS',NULL,'UG_DISTRITO',323),(1062,'2023-01-23 07:58:15',NULL,NULL,NULL,0,'ENABLED','060411','LLAMA',NULL,'UG_DISTRITO',323),(1063,'2023-01-23 07:58:15',NULL,NULL,NULL,0,'ENABLED','060412','MIRACOSTA',NULL,'UG_DISTRITO',323),(1064,'2023-01-23 07:58:15',NULL,NULL,NULL,0,'ENABLED','060413','PACCHA',NULL,'UG_DISTRITO',323),(1065,'2023-01-23 07:58:15',NULL,NULL,NULL,0,'ENABLED','060414','PION',NULL,'UG_DISTRITO',323),(1066,'2023-01-23 07:58:15',NULL,NULL,NULL,0,'ENABLED','060415','QUEROCOTO',NULL,'UG_DISTRITO',323),(1067,'2023-01-23 07:58:15',NULL,NULL,NULL,0,'ENABLED','060416','SAN JUAN DE LICUPIS',NULL,'UG_DISTRITO',323),(1068,'2023-01-23 07:58:15',NULL,NULL,NULL,0,'ENABLED','060417','TACABAMBA',NULL,'UG_DISTRITO',323),(1069,'2023-01-23 07:58:15',NULL,NULL,NULL,0,'ENABLED','060418','TOCMOCHE',NULL,'UG_DISTRITO',323),(1070,'2023-01-23 07:58:15',NULL,NULL,NULL,0,'ENABLED','060419','CHALAMARCA',NULL,'UG_DISTRITO',323),(1071,'2023-01-23 07:58:15',NULL,NULL,NULL,0,'ENABLED','060501','CONTUMAZA',NULL,'UG_DISTRITO',324),(1072,'2023-01-23 07:58:15',NULL,NULL,NULL,0,'ENABLED','060502','CHILETE',NULL,'UG_DISTRITO',324),(1073,'2023-01-23 07:58:15',NULL,NULL,NULL,0,'ENABLED','060503','CUPISNIQUE',NULL,'UG_DISTRITO',324),(1074,'2023-01-23 07:58:15',NULL,NULL,NULL,0,'ENABLED','060504','GUZMANGO',NULL,'UG_DISTRITO',324),(1075,'2023-01-23 07:58:15',NULL,NULL,NULL,0,'ENABLED','060505','SAN BENITO',NULL,'UG_DISTRITO',324),(1076,'2023-01-23 07:58:15',NULL,NULL,NULL,0,'ENABLED','060506','SANTA CRUZ DE TOLEDO',NULL,'UG_DISTRITO',324),(1077,'2023-01-23 07:58:15',NULL,NULL,NULL,0,'ENABLED','060507','TANTARICA',NULL,'UG_DISTRITO',324),(1078,'2023-01-23 07:58:15',NULL,NULL,NULL,0,'ENABLED','060508','YONAN',NULL,'UG_DISTRITO',324),(1079,'2023-01-23 07:58:15',NULL,NULL,NULL,0,'ENABLED','060601','CUTERVO',NULL,'UG_DISTRITO',325),(1080,'2023-01-23 07:58:15',NULL,NULL,NULL,0,'ENABLED','060602','CALLAYUC',NULL,'UG_DISTRITO',325),(1081,'2023-01-23 07:58:15',NULL,NULL,NULL,0,'ENABLED','060603','CHOROS',NULL,'UG_DISTRITO',325),(1082,'2023-01-23 07:58:15',NULL,NULL,NULL,0,'ENABLED','060604','CUJILLO',NULL,'UG_DISTRITO',325),(1083,'2023-01-23 07:58:15',NULL,NULL,NULL,0,'ENABLED','060605','LA RAMADA',NULL,'UG_DISTRITO',325),(1084,'2023-01-23 07:58:15',NULL,NULL,NULL,0,'ENABLED','060606','PIMPINGOS',NULL,'UG_DISTRITO',325),(1085,'2023-01-23 07:58:15',NULL,NULL,NULL,0,'ENABLED','060607','QUEROCOTILLO',NULL,'UG_DISTRITO',325),(1086,'2023-01-23 07:58:15',NULL,NULL,NULL,0,'ENABLED','060608','SAN ANDRES DE CUTERVO',NULL,'UG_DISTRITO',325),(1087,'2023-01-23 07:58:15',NULL,NULL,NULL,0,'ENABLED','060609','SAN JUAN DE CUTERVO',NULL,'UG_DISTRITO',325),(1088,'2023-01-23 07:58:15',NULL,NULL,NULL,0,'ENABLED','060610','SAN LUIS DE LUCMA',NULL,'UG_DISTRITO',325),(1089,'2023-01-23 07:58:15',NULL,NULL,NULL,0,'ENABLED','060611','SANTA CRUZ',NULL,'UG_DISTRITO',325),(1090,'2023-01-23 07:58:15',NULL,NULL,NULL,0,'ENABLED','060612','SANTO DOMINGO DE LA CAPILLA',NULL,'UG_DISTRITO',325),(1091,'2023-01-23 07:58:15',NULL,NULL,NULL,0,'ENABLED','060613','SANTO TOMAS',NULL,'UG_DISTRITO',325),(1092,'2023-01-23 07:58:15',NULL,NULL,NULL,0,'ENABLED','060614','SOCOTA',NULL,'UG_DISTRITO',325),(1093,'2023-01-23 07:58:15',NULL,NULL,NULL,0,'ENABLED','060615','TORIBIO CASANOVA',NULL,'UG_DISTRITO',325),(1094,'2023-01-23 07:58:15',NULL,NULL,NULL,0,'ENABLED','060701','BAMBAMARCA',NULL,'UG_DISTRITO',326),(1095,'2023-01-23 07:58:15',NULL,NULL,NULL,0,'ENABLED','060702','CHUGUR',NULL,'UG_DISTRITO',326),(1096,'2023-01-23 07:58:15',NULL,NULL,NULL,0,'ENABLED','060703','HUALGAYOC',NULL,'UG_DISTRITO',326),(1097,'2023-01-23 07:58:15',NULL,NULL,NULL,0,'ENABLED','060801','JAEN',NULL,'UG_DISTRITO',327),(1098,'2023-01-23 07:58:15',NULL,NULL,NULL,0,'ENABLED','060802','BELLAVISTA',NULL,'UG_DISTRITO',327),(1099,'2023-01-23 07:58:15',NULL,NULL,NULL,0,'ENABLED','060803','CHONTALI',NULL,'UG_DISTRITO',327),(1100,'2023-01-23 07:58:15',NULL,NULL,NULL,0,'ENABLED','060804','COLASAY',NULL,'UG_DISTRITO',327),(1101,'2023-01-23 07:58:15',NULL,NULL,NULL,0,'ENABLED','060805','HUABAL',NULL,'UG_DISTRITO',327),(1102,'2023-01-23 07:58:15',NULL,NULL,NULL,0,'ENABLED','060806','LAS PIRIAS',NULL,'UG_DISTRITO',327),(1103,'2023-01-23 07:58:15',NULL,NULL,NULL,0,'ENABLED','060807','POMAHUACA',NULL,'UG_DISTRITO',327),(1104,'2023-01-23 07:58:15',NULL,NULL,NULL,0,'ENABLED','060808','PUCARA',NULL,'UG_DISTRITO',327),(1105,'2023-01-23 07:58:15',NULL,NULL,NULL,0,'ENABLED','060809','SALLIQUE',NULL,'UG_DISTRITO',327),(1106,'2023-01-23 07:58:15',NULL,NULL,NULL,0,'ENABLED','060810','SAN FELIPE',NULL,'UG_DISTRITO',327),(1107,'2023-01-23 07:58:15',NULL,NULL,NULL,0,'ENABLED','060811','SAN JOSE DEL ALTO',NULL,'UG_DISTRITO',327),(1108,'2023-01-23 07:58:15',NULL,NULL,NULL,0,'ENABLED','060812','SANTA ROSA',NULL,'UG_DISTRITO',327),(1109,'2023-01-23 07:58:15',NULL,NULL,NULL,0,'ENABLED','060901','SAN IGNACIO',NULL,'UG_DISTRITO',328),(1110,'2023-01-23 07:58:15',NULL,NULL,NULL,0,'ENABLED','060902','CHIRINOS',NULL,'UG_DISTRITO',328),(1111,'2023-01-23 07:58:15',NULL,NULL,NULL,0,'ENABLED','060903','HUARANGO',NULL,'UG_DISTRITO',328),(1112,'2023-01-23 07:58:15',NULL,NULL,NULL,0,'ENABLED','060904','LA COIPA',NULL,'UG_DISTRITO',328),(1113,'2023-01-23 07:58:15',NULL,NULL,NULL,0,'ENABLED','060905','NAMBALLE',NULL,'UG_DISTRITO',328),(1114,'2023-01-23 07:58:15',NULL,NULL,NULL,0,'ENABLED','060906','SAN JOSE DE LOURDES',NULL,'UG_DISTRITO',328),(1115,'2023-01-23 07:58:15',NULL,NULL,NULL,0,'ENABLED','060907','TABACONAS',NULL,'UG_DISTRITO',328),(1116,'2023-01-23 07:58:15',NULL,NULL,NULL,0,'ENABLED','061001','PEDRO GALVEZ',NULL,'UG_DISTRITO',329),(1117,'2023-01-23 07:58:15',NULL,NULL,NULL,0,'ENABLED','061002','CHANCAY',NULL,'UG_DISTRITO',329),(1118,'2023-01-23 07:58:15',NULL,NULL,NULL,0,'ENABLED','061003','EDUARDO VILLANUEVA',NULL,'UG_DISTRITO',329),(1119,'2023-01-23 07:58:15',NULL,NULL,NULL,0,'ENABLED','061004','GREGORIO PITA',NULL,'UG_DISTRITO',329),(1120,'2023-01-23 07:58:15',NULL,NULL,NULL,0,'ENABLED','061005','ICHOCAN',NULL,'UG_DISTRITO',329),(1121,'2023-01-23 07:58:15',NULL,NULL,NULL,0,'ENABLED','061006','JOSE MANUEL QUIROZ',NULL,'UG_DISTRITO',329),(1122,'2023-01-23 07:58:15',NULL,NULL,NULL,0,'ENABLED','061007','JOSE SABOGAL',NULL,'UG_DISTRITO',329),(1123,'2023-01-23 07:58:15',NULL,NULL,NULL,0,'ENABLED','061101','SAN MIGUEL',NULL,'UG_DISTRITO',330),(1124,'2023-01-23 07:58:15',NULL,NULL,NULL,0,'ENABLED','061102','BOLIVAR',NULL,'UG_DISTRITO',330),(1125,'2023-01-23 07:58:15',NULL,NULL,NULL,0,'ENABLED','061103','CALQUIS',NULL,'UG_DISTRITO',330),(1126,'2023-01-23 07:58:15',NULL,NULL,NULL,0,'ENABLED','061104','CATILLUC',NULL,'UG_DISTRITO',330),(1127,'2023-01-23 07:58:15',NULL,NULL,NULL,0,'ENABLED','061105','EL PRADO',NULL,'UG_DISTRITO',330),(1128,'2023-01-23 07:58:15',NULL,NULL,NULL,0,'ENABLED','061106','LA FLORIDA',NULL,'UG_DISTRITO',330),(1129,'2023-01-23 07:58:15',NULL,NULL,NULL,0,'ENABLED','061107','LLAPA',NULL,'UG_DISTRITO',330),(1130,'2023-01-23 07:58:15',NULL,NULL,NULL,0,'ENABLED','061108','NANCHOC',NULL,'UG_DISTRITO',330),(1131,'2023-01-23 07:58:15',NULL,NULL,NULL,0,'ENABLED','061109','NIEPOS',NULL,'UG_DISTRITO',330),(1132,'2023-01-23 07:58:15',NULL,NULL,NULL,0,'ENABLED','061110','SAN GREGORIO',NULL,'UG_DISTRITO',330),(1133,'2023-01-23 07:58:15',NULL,NULL,NULL,0,'ENABLED','061111','SAN SILVESTRE DE COCHAN',NULL,'UG_DISTRITO',330),(1134,'2023-01-23 07:58:15',NULL,NULL,NULL,0,'ENABLED','061112','TONGOD',NULL,'UG_DISTRITO',330),(1135,'2023-01-23 07:58:15',NULL,NULL,NULL,0,'ENABLED','061113','UNION AGUA BLANCA',NULL,'UG_DISTRITO',330),(1136,'2023-01-23 07:58:15',NULL,NULL,NULL,0,'ENABLED','061201','SAN PABLO',NULL,'UG_DISTRITO',331),(1137,'2023-01-23 07:58:15',NULL,NULL,NULL,0,'ENABLED','061202','SAN BERNARDINO',NULL,'UG_DISTRITO',331),(1138,'2023-01-23 07:58:15',NULL,NULL,NULL,0,'ENABLED','061203','SAN LUIS',NULL,'UG_DISTRITO',331),(1139,'2023-01-23 07:58:15',NULL,NULL,NULL,0,'ENABLED','061204','TUMBADEN',NULL,'UG_DISTRITO',331),(1140,'2023-01-23 07:58:15',NULL,NULL,NULL,0,'ENABLED','061301','SANTA CRUZ',NULL,'UG_DISTRITO',332),(1141,'2023-01-23 07:58:15',NULL,NULL,NULL,0,'ENABLED','061302','ANDABAMBA',NULL,'UG_DISTRITO',332),(1142,'2023-01-23 07:58:15',NULL,NULL,NULL,0,'ENABLED','061303','CATACHE',NULL,'UG_DISTRITO',332),(1143,'2023-01-23 07:58:15',NULL,NULL,NULL,0,'ENABLED','061304','CHANCAYBAOS',NULL,'UG_DISTRITO',332),(1144,'2023-01-23 07:58:15',NULL,NULL,NULL,0,'ENABLED','061305','LA ESPERANZA',NULL,'UG_DISTRITO',332),(1145,'2023-01-23 07:58:15',NULL,NULL,NULL,0,'ENABLED','061306','NINABAMBA',NULL,'UG_DISTRITO',332),(1146,'2023-01-23 07:58:15',NULL,NULL,NULL,0,'ENABLED','061307','PULAN',NULL,'UG_DISTRITO',332),(1147,'2023-01-23 07:58:15',NULL,NULL,NULL,0,'ENABLED','061308','SAUCEPAMPA',NULL,'UG_DISTRITO',332),(1148,'2023-01-23 07:58:15',NULL,NULL,NULL,0,'ENABLED','061309','SEXI',NULL,'UG_DISTRITO',332),(1149,'2023-01-23 07:58:15',NULL,NULL,NULL,0,'ENABLED','061310','UTICYACU',NULL,'UG_DISTRITO',332),(1150,'2023-01-23 07:58:15',NULL,NULL,NULL,0,'ENABLED','061311','YAUYUCAN',NULL,'UG_DISTRITO',332),(1151,'2023-01-23 07:58:15',NULL,NULL,NULL,0,'ENABLED','070101','CALLAO',NULL,'UG_DISTRITO',333),(1152,'2023-01-23 07:58:15',NULL,NULL,NULL,0,'ENABLED','070102','BELLAVISTA',NULL,'UG_DISTRITO',333),(1153,'2023-01-23 07:58:15',NULL,NULL,NULL,0,'ENABLED','070103','CARMEN DE LA LEGUA REYNOSO',NULL,'UG_DISTRITO',333),(1154,'2023-01-23 07:58:15',NULL,NULL,NULL,0,'ENABLED','070104','LA PERLA',NULL,'UG_DISTRITO',333),(1155,'2023-01-23 07:58:15',NULL,NULL,NULL,0,'ENABLED','070105','LA PUNTA',NULL,'UG_DISTRITO',333),(1156,'2023-01-23 07:58:15',NULL,NULL,NULL,0,'ENABLED','070106','VENTANILLA',NULL,'UG_DISTRITO',333),(1157,'2023-01-23 07:58:15',NULL,NULL,NULL,0,'ENABLED','070107','MI PERU',NULL,'UG_DISTRITO',333),(1158,'2023-01-23 07:58:15',NULL,NULL,NULL,0,'ENABLED','080101','CUSCO',NULL,'UG_DISTRITO',334),(1159,'2023-01-23 07:58:15',NULL,NULL,NULL,0,'ENABLED','080102','CCORCA',NULL,'UG_DISTRITO',334),(1160,'2023-01-23 07:58:15',NULL,NULL,NULL,0,'ENABLED','080103','POROY',NULL,'UG_DISTRITO',334),(1161,'2023-01-23 07:58:15',NULL,NULL,NULL,0,'ENABLED','080104','SAN JERONIMO',NULL,'UG_DISTRITO',334),(1162,'2023-01-23 07:58:15',NULL,NULL,NULL,0,'ENABLED','080105','SAN SEBASTIAN',NULL,'UG_DISTRITO',334),(1163,'2023-01-23 07:58:15',NULL,NULL,NULL,0,'ENABLED','080106','SANTIAGO',NULL,'UG_DISTRITO',334),(1164,'2023-01-23 07:58:15',NULL,NULL,NULL,0,'ENABLED','080107','SAYLLA',NULL,'UG_DISTRITO',334),(1165,'2023-01-23 07:58:15',NULL,NULL,NULL,0,'ENABLED','080108','WANCHAQ',NULL,'UG_DISTRITO',334),(1166,'2023-01-23 07:58:15',NULL,NULL,NULL,0,'ENABLED','080201','ACOMAYO',NULL,'UG_DISTRITO',335),(1167,'2023-01-23 07:58:15',NULL,NULL,NULL,0,'ENABLED','080202','ACOPIA',NULL,'UG_DISTRITO',335),(1168,'2023-01-23 07:58:15',NULL,NULL,NULL,0,'ENABLED','080203','ACOS',NULL,'UG_DISTRITO',335),(1169,'2023-01-23 07:58:15',NULL,NULL,NULL,0,'ENABLED','080204','MOSOC LLACTA',NULL,'UG_DISTRITO',335),(1170,'2023-01-23 07:58:15',NULL,NULL,NULL,0,'ENABLED','080205','POMACANCHI',NULL,'UG_DISTRITO',335),(1171,'2023-01-23 07:58:15',NULL,NULL,NULL,0,'ENABLED','080206','RONDOCAN',NULL,'UG_DISTRITO',335),(1172,'2023-01-23 07:58:15',NULL,NULL,NULL,0,'ENABLED','080207','SANGARARA',NULL,'UG_DISTRITO',335),(1173,'2023-01-23 07:58:15',NULL,NULL,NULL,0,'ENABLED','080301','ANTA',NULL,'UG_DISTRITO',336),(1174,'2023-01-23 07:58:15',NULL,NULL,NULL,0,'ENABLED','080302','ANCAHUASI',NULL,'UG_DISTRITO',336),(1175,'2023-01-23 07:58:15',NULL,NULL,NULL,0,'ENABLED','080303','CACHIMAYO',NULL,'UG_DISTRITO',336),(1176,'2023-01-23 07:58:15',NULL,NULL,NULL,0,'ENABLED','080304','CHINCHAYPUJIO',NULL,'UG_DISTRITO',336),(1177,'2023-01-23 07:58:15',NULL,NULL,NULL,0,'ENABLED','080305','HUAROCONDO',NULL,'UG_DISTRITO',336),(1178,'2023-01-23 07:58:15',NULL,NULL,NULL,0,'ENABLED','080306','LIMATAMBO',NULL,'UG_DISTRITO',336),(1179,'2023-01-23 07:58:15',NULL,NULL,NULL,0,'ENABLED','080307','MOLLEPATA',NULL,'UG_DISTRITO',336),(1180,'2023-01-23 07:58:15',NULL,NULL,NULL,0,'ENABLED','080308','PUCYURA',NULL,'UG_DISTRITO',336),(1181,'2023-01-23 07:58:15',NULL,NULL,NULL,0,'ENABLED','080309','ZURITE',NULL,'UG_DISTRITO',336),(1182,'2023-01-23 07:58:15',NULL,NULL,NULL,0,'ENABLED','080401','CALCA',NULL,'UG_DISTRITO',337),(1183,'2023-01-23 07:58:15',NULL,NULL,NULL,0,'ENABLED','080402','COYA',NULL,'UG_DISTRITO',337),(1184,'2023-01-23 07:58:15',NULL,NULL,NULL,0,'ENABLED','080403','LAMAY',NULL,'UG_DISTRITO',337),(1185,'2023-01-23 07:58:15',NULL,NULL,NULL,0,'ENABLED','080404','LARES',NULL,'UG_DISTRITO',337),(1186,'2023-01-23 07:58:15',NULL,NULL,NULL,0,'ENABLED','080405','PISAC',NULL,'UG_DISTRITO',337),(1187,'2023-01-23 07:58:15',NULL,NULL,NULL,0,'ENABLED','080406','SAN SALVADOR',NULL,'UG_DISTRITO',337),(1188,'2023-01-23 07:58:15',NULL,NULL,NULL,0,'ENABLED','080407','TARAY',NULL,'UG_DISTRITO',337),(1189,'2023-01-23 07:58:15',NULL,NULL,NULL,0,'ENABLED','080408','YANATILE',NULL,'UG_DISTRITO',337),(1190,'2023-01-23 07:58:15',NULL,NULL,NULL,0,'ENABLED','080501','YANAOCA',NULL,'UG_DISTRITO',338),(1191,'2023-01-23 07:58:15',NULL,NULL,NULL,0,'ENABLED','080502','CHECCA',NULL,'UG_DISTRITO',338),(1192,'2023-01-23 07:58:15',NULL,NULL,NULL,0,'ENABLED','080503','KUNTURKANKI',NULL,'UG_DISTRITO',338),(1193,'2023-01-23 07:58:15',NULL,NULL,NULL,0,'ENABLED','080504','LANGUI',NULL,'UG_DISTRITO',338),(1194,'2023-01-23 07:58:15',NULL,NULL,NULL,0,'ENABLED','080505','LAYO',NULL,'UG_DISTRITO',338),(1195,'2023-01-23 07:58:15',NULL,NULL,NULL,0,'ENABLED','080506','PAMPAMARCA',NULL,'UG_DISTRITO',338),(1196,'2023-01-23 07:58:15',NULL,NULL,NULL,0,'ENABLED','080507','QUEHUE',NULL,'UG_DISTRITO',338),(1197,'2023-01-23 07:58:15',NULL,NULL,NULL,0,'ENABLED','080508','TUPAC AMARU',NULL,'UG_DISTRITO',338),(1198,'2023-01-23 07:58:15',NULL,NULL,NULL,0,'ENABLED','080601','SICUANI',NULL,'UG_DISTRITO',339),(1199,'2023-01-23 07:58:15',NULL,NULL,NULL,0,'ENABLED','080602','CHECACUPE',NULL,'UG_DISTRITO',339),(1200,'2023-01-23 07:58:15',NULL,NULL,NULL,0,'ENABLED','080603','COMBAPATA',NULL,'UG_DISTRITO',339),(1201,'2023-01-23 07:58:15',NULL,NULL,NULL,0,'ENABLED','080604','MARANGANI',NULL,'UG_DISTRITO',339),(1202,'2023-01-23 07:58:15',NULL,NULL,NULL,0,'ENABLED','080605','PITUMARCA',NULL,'UG_DISTRITO',339),(1203,'2023-01-23 07:58:15',NULL,NULL,NULL,0,'ENABLED','080606','SAN PABLO',NULL,'UG_DISTRITO',339),(1204,'2023-01-23 07:58:15',NULL,NULL,NULL,0,'ENABLED','080607','SAN PEDRO',NULL,'UG_DISTRITO',339),(1205,'2023-01-23 07:58:15',NULL,NULL,NULL,0,'ENABLED','080608','TINTA',NULL,'UG_DISTRITO',339),(1206,'2023-01-23 07:58:15',NULL,NULL,NULL,0,'ENABLED','080701','SANTO TOMAS',NULL,'UG_DISTRITO',340),(1207,'2023-01-23 07:58:15',NULL,NULL,NULL,0,'ENABLED','080702','CAPACMARCA',NULL,'UG_DISTRITO',340),(1208,'2023-01-23 07:58:15',NULL,NULL,NULL,0,'ENABLED','080703','CHAMACA',NULL,'UG_DISTRITO',340),(1209,'2023-01-23 07:58:15',NULL,NULL,NULL,0,'ENABLED','080704','COLQUEMARCA',NULL,'UG_DISTRITO',340),(1210,'2023-01-23 07:58:15',NULL,NULL,NULL,0,'ENABLED','080705','LIVITACA',NULL,'UG_DISTRITO',340),(1211,'2023-01-23 07:58:15',NULL,NULL,NULL,0,'ENABLED','080706','LLUSCO',NULL,'UG_DISTRITO',340),(1212,'2023-01-23 07:58:15',NULL,NULL,NULL,0,'ENABLED','080707','QUIOTA',NULL,'UG_DISTRITO',340),(1213,'2023-01-23 07:58:15',NULL,NULL,NULL,0,'ENABLED','080708','VELILLE',NULL,'UG_DISTRITO',340),(1214,'2023-01-23 07:58:15',NULL,NULL,NULL,0,'ENABLED','080801','ESPINAR',NULL,'UG_DISTRITO',341),(1215,'2023-01-23 07:58:15',NULL,NULL,NULL,0,'ENABLED','080802','CONDOROMA',NULL,'UG_DISTRITO',341),(1216,'2023-01-23 07:58:15',NULL,NULL,NULL,0,'ENABLED','080803','COPORAQUE',NULL,'UG_DISTRITO',341),(1217,'2023-01-23 07:58:15',NULL,NULL,NULL,0,'ENABLED','080804','OCORURO',NULL,'UG_DISTRITO',341),(1218,'2023-01-23 07:58:15',NULL,NULL,NULL,0,'ENABLED','080805','PALLPATA',NULL,'UG_DISTRITO',341),(1219,'2023-01-23 07:58:15',NULL,NULL,NULL,0,'ENABLED','080806','PICHIGUA',NULL,'UG_DISTRITO',341),(1220,'2023-01-23 07:58:15',NULL,NULL,NULL,0,'ENABLED','080807','SUYCKUTAMBO',NULL,'UG_DISTRITO',341),(1221,'2023-01-23 07:58:15',NULL,NULL,NULL,0,'ENABLED','080808','ALTO PICHIGUA',NULL,'UG_DISTRITO',341),(1222,'2023-01-23 07:58:15',NULL,NULL,NULL,0,'ENABLED','080901','SANTA ANA',NULL,'UG_DISTRITO',342),(1223,'2023-01-23 07:58:15',NULL,NULL,NULL,0,'ENABLED','080902','ECHARATE',NULL,'UG_DISTRITO',342),(1224,'2023-01-23 07:58:15',NULL,NULL,NULL,0,'ENABLED','080903','HUAYOPATA',NULL,'UG_DISTRITO',342),(1225,'2023-01-23 07:58:15',NULL,NULL,NULL,0,'ENABLED','080904','MARANURA',NULL,'UG_DISTRITO',342),(1226,'2023-01-23 07:58:15',NULL,NULL,NULL,0,'ENABLED','080905','OCOBAMBA',NULL,'UG_DISTRITO',342),(1227,'2023-01-23 07:58:15',NULL,NULL,NULL,0,'ENABLED','080906','QUELLOUNO',NULL,'UG_DISTRITO',342),(1228,'2023-01-23 07:58:15',NULL,NULL,NULL,0,'ENABLED','080907','QUIMBIRI',NULL,'UG_DISTRITO',342),(1229,'2023-01-23 07:58:15',NULL,NULL,NULL,0,'ENABLED','080908','SANTA TERESA',NULL,'UG_DISTRITO',342),(1230,'2023-01-23 07:58:15',NULL,NULL,NULL,0,'ENABLED','080909','VILCABAMBA',NULL,'UG_DISTRITO',342),(1231,'2023-01-23 07:58:15',NULL,NULL,NULL,0,'ENABLED','080910','PICHARI',NULL,'UG_DISTRITO',342),(1232,'2023-01-23 07:58:15',NULL,NULL,NULL,0,'ENABLED','080911','INKAWASI',NULL,'UG_DISTRITO',342),(1233,'2023-01-23 07:58:15',NULL,NULL,NULL,0,'ENABLED','080912','VILLA VIRGEN',NULL,'UG_DISTRITO',342),(1234,'2023-01-23 07:58:15',NULL,NULL,NULL,0,'ENABLED','080913','VILLA KINTIARINA',NULL,'UG_DISTRITO',342),(1235,'2023-01-23 07:58:15',NULL,NULL,NULL,0,'ENABLED','080914','MEGANTONI',NULL,'UG_DISTRITO',342),(1236,'2023-01-23 07:58:15',NULL,NULL,NULL,0,'ENABLED','081001','PARURO',NULL,'UG_DISTRITO',343),(1237,'2023-01-23 07:58:15',NULL,NULL,NULL,0,'ENABLED','081002','ACCHA',NULL,'UG_DISTRITO',343),(1238,'2023-01-23 07:58:15',NULL,NULL,NULL,0,'ENABLED','081003','CCAPI',NULL,'UG_DISTRITO',343),(1239,'2023-01-23 07:58:15',NULL,NULL,NULL,0,'ENABLED','081004','COLCHA',NULL,'UG_DISTRITO',343),(1240,'2023-01-23 07:58:15',NULL,NULL,NULL,0,'ENABLED','081005','HUANOQUITE',NULL,'UG_DISTRITO',343),(1241,'2023-01-23 07:58:15',NULL,NULL,NULL,0,'ENABLED','081006','OMACHA',NULL,'UG_DISTRITO',343),(1242,'2023-01-23 07:58:15',NULL,NULL,NULL,0,'ENABLED','081007','PACCARITAMBO',NULL,'UG_DISTRITO',343),(1243,'2023-01-23 07:58:15',NULL,NULL,NULL,0,'ENABLED','081008','PILLPINTO',NULL,'UG_DISTRITO',343),(1244,'2023-01-23 07:58:15',NULL,NULL,NULL,0,'ENABLED','081009','YAURISQUE',NULL,'UG_DISTRITO',343),(1245,'2023-01-23 07:58:15',NULL,NULL,NULL,0,'ENABLED','081101','PAUCARTAMBO',NULL,'UG_DISTRITO',344),(1246,'2023-01-23 07:58:15',NULL,NULL,NULL,0,'ENABLED','081102','CAICAY',NULL,'UG_DISTRITO',344),(1247,'2023-01-23 07:58:15',NULL,NULL,NULL,0,'ENABLED','081103','CHALLABAMBA',NULL,'UG_DISTRITO',344),(1248,'2023-01-23 07:58:15',NULL,NULL,NULL,0,'ENABLED','081104','COLQUEPATA',NULL,'UG_DISTRITO',344),(1249,'2023-01-23 07:58:15',NULL,NULL,NULL,0,'ENABLED','081105','HUANCARANI',NULL,'UG_DISTRITO',344),(1250,'2023-01-23 07:58:15',NULL,NULL,NULL,0,'ENABLED','081106','KOSIPATA',NULL,'UG_DISTRITO',344),(1251,'2023-01-23 07:58:15',NULL,NULL,NULL,0,'ENABLED','081201','URCOS',NULL,'UG_DISTRITO',345),(1252,'2023-01-23 07:58:15',NULL,NULL,NULL,0,'ENABLED','081202','ANDAHUAYLILLAS',NULL,'UG_DISTRITO',345),(1253,'2023-01-23 07:58:15',NULL,NULL,NULL,0,'ENABLED','081203','CAMANTI',NULL,'UG_DISTRITO',345),(1254,'2023-01-23 07:58:15',NULL,NULL,NULL,0,'ENABLED','081204','CCARHUAYO',NULL,'UG_DISTRITO',345),(1255,'2023-01-23 07:58:15',NULL,NULL,NULL,0,'ENABLED','081205','CCATCA',NULL,'UG_DISTRITO',345),(1256,'2023-01-23 07:58:15',NULL,NULL,NULL,0,'ENABLED','081206','CUSIPATA',NULL,'UG_DISTRITO',345),(1257,'2023-01-23 07:58:15',NULL,NULL,NULL,0,'ENABLED','081207','HUARO',NULL,'UG_DISTRITO',345),(1258,'2023-01-23 07:58:15',NULL,NULL,NULL,0,'ENABLED','081208','LUCRE',NULL,'UG_DISTRITO',345),(1259,'2023-01-23 07:58:15',NULL,NULL,NULL,0,'ENABLED','081209','MARCAPATA',NULL,'UG_DISTRITO',345),(1260,'2023-01-23 07:58:15',NULL,NULL,NULL,0,'ENABLED','081210','OCONGATE',NULL,'UG_DISTRITO',345),(1261,'2023-01-23 07:58:15',NULL,NULL,NULL,0,'ENABLED','081211','OROPESA',NULL,'UG_DISTRITO',345),(1262,'2023-01-23 07:58:15',NULL,NULL,NULL,0,'ENABLED','081212','QUIQUIJANA',NULL,'UG_DISTRITO',345),(1263,'2023-01-23 07:58:15',NULL,NULL,NULL,0,'ENABLED','081301','URUBAMBA',NULL,'UG_DISTRITO',346),(1264,'2023-01-23 07:58:15',NULL,NULL,NULL,0,'ENABLED','081302','CHINCHERO',NULL,'UG_DISTRITO',346),(1265,'2023-01-23 07:58:15',NULL,NULL,NULL,0,'ENABLED','081303','HUAYLLABAMBA',NULL,'UG_DISTRITO',346),(1266,'2023-01-23 07:58:15',NULL,NULL,NULL,0,'ENABLED','081304','MACHUPICCHU',NULL,'UG_DISTRITO',346),(1267,'2023-01-23 07:58:15',NULL,NULL,NULL,0,'ENABLED','081305','MARAS',NULL,'UG_DISTRITO',346),(1268,'2023-01-23 07:58:15',NULL,NULL,NULL,0,'ENABLED','081306','OLLANTAYTAMBO',NULL,'UG_DISTRITO',346),(1269,'2023-01-23 07:58:15',NULL,NULL,NULL,0,'ENABLED','081307','YUCAY',NULL,'UG_DISTRITO',346),(1270,'2023-01-23 07:58:15',NULL,NULL,NULL,0,'ENABLED','090101','HUANCAVELICA',NULL,'UG_DISTRITO',347),(1271,'2023-01-23 07:58:15',NULL,NULL,NULL,0,'ENABLED','090102','ACOBAMBILLA',NULL,'UG_DISTRITO',347),(1272,'2023-01-23 07:58:15',NULL,NULL,NULL,0,'ENABLED','090103','ACORIA',NULL,'UG_DISTRITO',347),(1273,'2023-01-23 07:58:15',NULL,NULL,NULL,0,'ENABLED','090104','CONAYCA',NULL,'UG_DISTRITO',347),(1274,'2023-01-23 07:58:15',NULL,NULL,NULL,0,'ENABLED','090105','CUENCA',NULL,'UG_DISTRITO',347),(1275,'2023-01-23 07:58:15',NULL,NULL,NULL,0,'ENABLED','090106','HUACHOCOLPA',NULL,'UG_DISTRITO',347),(1276,'2023-01-23 07:58:15',NULL,NULL,NULL,0,'ENABLED','090107','HUAYLLAHUARA',NULL,'UG_DISTRITO',347),(1277,'2023-01-23 07:58:15',NULL,NULL,NULL,0,'ENABLED','090108','IZCUCHACA',NULL,'UG_DISTRITO',347),(1278,'2023-01-23 07:58:15',NULL,NULL,NULL,0,'ENABLED','090109','LARIA',NULL,'UG_DISTRITO',347),(1279,'2023-01-23 07:58:15',NULL,NULL,NULL,0,'ENABLED','090110','MANTA',NULL,'UG_DISTRITO',347),(1280,'2023-01-23 07:58:15',NULL,NULL,NULL,0,'ENABLED','090111','MARISCAL CACERES',NULL,'UG_DISTRITO',347),(1281,'2023-01-23 07:58:15',NULL,NULL,NULL,0,'ENABLED','090112','MOYA',NULL,'UG_DISTRITO',347),(1282,'2023-01-23 07:58:15',NULL,NULL,NULL,0,'ENABLED','090113','NUEVO OCCORO',NULL,'UG_DISTRITO',347),(1283,'2023-01-23 07:58:15',NULL,NULL,NULL,0,'ENABLED','090114','PALCA',NULL,'UG_DISTRITO',347),(1284,'2023-01-23 07:58:15',NULL,NULL,NULL,0,'ENABLED','090115','PILCHACA',NULL,'UG_DISTRITO',347),(1285,'2023-01-23 07:58:15',NULL,NULL,NULL,0,'ENABLED','090116','VILCA',NULL,'UG_DISTRITO',347),(1286,'2023-01-23 07:58:15',NULL,NULL,NULL,0,'ENABLED','090117','YAULI',NULL,'UG_DISTRITO',347),(1287,'2023-01-23 07:58:15',NULL,NULL,NULL,0,'ENABLED','090118','ASCENSION',NULL,'UG_DISTRITO',347),(1288,'2023-01-23 07:58:15',NULL,NULL,NULL,0,'ENABLED','090119','HUANDO',NULL,'UG_DISTRITO',347),(1289,'2023-01-23 07:58:15',NULL,NULL,NULL,0,'ENABLED','090201','ACOBAMBA',NULL,'UG_DISTRITO',348),(1290,'2023-01-23 07:58:15',NULL,NULL,NULL,0,'ENABLED','090202','ANDABAMBA',NULL,'UG_DISTRITO',348),(1291,'2023-01-23 07:58:15',NULL,NULL,NULL,0,'ENABLED','090203','ANTA',NULL,'UG_DISTRITO',348),(1292,'2023-01-23 07:58:15',NULL,NULL,NULL,0,'ENABLED','090204','CAJA',NULL,'UG_DISTRITO',348),(1293,'2023-01-23 07:58:15',NULL,NULL,NULL,0,'ENABLED','090205','MARCAS',NULL,'UG_DISTRITO',348),(1294,'2023-01-23 07:58:15',NULL,NULL,NULL,0,'ENABLED','090206','PAUCARA',NULL,'UG_DISTRITO',348),(1295,'2023-01-23 07:58:15',NULL,NULL,NULL,0,'ENABLED','090207','POMACOCHA',NULL,'UG_DISTRITO',348),(1296,'2023-01-23 07:58:15',NULL,NULL,NULL,0,'ENABLED','090208','ROSARIO',NULL,'UG_DISTRITO',348),(1297,'2023-01-23 07:58:15',NULL,NULL,NULL,0,'ENABLED','090301','LIRCAY',NULL,'UG_DISTRITO',349),(1298,'2023-01-23 07:58:15',NULL,NULL,NULL,0,'ENABLED','090302','ANCHONGA',NULL,'UG_DISTRITO',349),(1299,'2023-01-23 07:58:15',NULL,NULL,NULL,0,'ENABLED','090303','CALLANMARCA',NULL,'UG_DISTRITO',349),(1300,'2023-01-23 07:58:15',NULL,NULL,NULL,0,'ENABLED','090304','CCOCHACCASA',NULL,'UG_DISTRITO',349),(1301,'2023-01-23 07:58:15',NULL,NULL,NULL,0,'ENABLED','090305','CHINCHO',NULL,'UG_DISTRITO',349),(1302,'2023-01-23 07:58:15',NULL,NULL,NULL,0,'ENABLED','090306','CONGALLA',NULL,'UG_DISTRITO',349),(1303,'2023-01-23 07:58:15',NULL,NULL,NULL,0,'ENABLED','090307','HUANCA-HUANCA',NULL,'UG_DISTRITO',349),(1304,'2023-01-23 07:58:15',NULL,NULL,NULL,0,'ENABLED','090308','HUAYLLAY GRANDE',NULL,'UG_DISTRITO',349),(1305,'2023-01-23 07:58:15',NULL,NULL,NULL,0,'ENABLED','090309','JULCAMARCA',NULL,'UG_DISTRITO',349),(1306,'2023-01-23 07:58:15',NULL,NULL,NULL,0,'ENABLED','090310','SAN ANTONIO DE ANTAPARCO',NULL,'UG_DISTRITO',349),(1307,'2023-01-23 07:58:15',NULL,NULL,NULL,0,'ENABLED','090311','SANTO TOMAS DE PATA',NULL,'UG_DISTRITO',349),(1308,'2023-01-23 07:58:15',NULL,NULL,NULL,0,'ENABLED','090312','SECCLLA',NULL,'UG_DISTRITO',349),(1309,'2023-01-23 07:58:15',NULL,NULL,NULL,0,'ENABLED','090401','CASTROVIRREYNA',NULL,'UG_DISTRITO',350),(1310,'2023-01-23 07:58:15',NULL,NULL,NULL,0,'ENABLED','090402','ARMA',NULL,'UG_DISTRITO',350),(1311,'2023-01-23 07:58:15',NULL,NULL,NULL,0,'ENABLED','090403','AURAHUA',NULL,'UG_DISTRITO',350),(1312,'2023-01-23 07:58:15',NULL,NULL,NULL,0,'ENABLED','090404','CAPILLAS',NULL,'UG_DISTRITO',350),(1313,'2023-01-23 07:58:15',NULL,NULL,NULL,0,'ENABLED','090405','CHUPAMARCA',NULL,'UG_DISTRITO',350),(1314,'2023-01-23 07:58:15',NULL,NULL,NULL,0,'ENABLED','090406','COCAS',NULL,'UG_DISTRITO',350),(1315,'2023-01-23 07:58:15',NULL,NULL,NULL,0,'ENABLED','090407','HUACHOS',NULL,'UG_DISTRITO',350),(1316,'2023-01-23 07:58:15',NULL,NULL,NULL,0,'ENABLED','090408','HUAMATAMBO',NULL,'UG_DISTRITO',350),(1317,'2023-01-23 07:58:15',NULL,NULL,NULL,0,'ENABLED','090409','MOLLEPAMPA',NULL,'UG_DISTRITO',350),(1318,'2023-01-23 07:58:15',NULL,NULL,NULL,0,'ENABLED','090410','SAN JUAN',NULL,'UG_DISTRITO',350),(1319,'2023-01-23 07:58:15',NULL,NULL,NULL,0,'ENABLED','090411','SANTA ANA',NULL,'UG_DISTRITO',350),(1320,'2023-01-23 07:58:15',NULL,NULL,NULL,0,'ENABLED','090412','TANTARA',NULL,'UG_DISTRITO',350),(1321,'2023-01-23 07:58:15',NULL,NULL,NULL,0,'ENABLED','090413','TICRAPO',NULL,'UG_DISTRITO',350),(1322,'2023-01-23 07:58:15',NULL,NULL,NULL,0,'ENABLED','090501','CHURCAMPA',NULL,'UG_DISTRITO',351),(1323,'2023-01-23 07:58:15',NULL,NULL,NULL,0,'ENABLED','090502','ANCO',NULL,'UG_DISTRITO',351),(1324,'2023-01-23 07:58:15',NULL,NULL,NULL,0,'ENABLED','090503','CHINCHIHUASI',NULL,'UG_DISTRITO',351),(1325,'2023-01-23 07:58:15',NULL,NULL,NULL,0,'ENABLED','090504','EL CARMEN',NULL,'UG_DISTRITO',351),(1326,'2023-01-23 07:58:15',NULL,NULL,NULL,0,'ENABLED','090505','LA MERCED',NULL,'UG_DISTRITO',351),(1327,'2023-01-23 07:58:15',NULL,NULL,NULL,0,'ENABLED','090506','LOCROJA',NULL,'UG_DISTRITO',351),(1328,'2023-01-23 07:58:15',NULL,NULL,NULL,0,'ENABLED','090507','PAUCARBAMBA',NULL,'UG_DISTRITO',351),(1329,'2023-01-23 07:58:15',NULL,NULL,NULL,0,'ENABLED','090508','SAN MIGUEL DE MAYOCC',NULL,'UG_DISTRITO',351),(1330,'2023-01-23 07:58:15',NULL,NULL,NULL,0,'ENABLED','090509','SAN PEDRO DE CORIS',NULL,'UG_DISTRITO',351),(1331,'2023-01-23 07:58:15',NULL,NULL,NULL,0,'ENABLED','090510','PACHAMARCA',NULL,'UG_DISTRITO',351),(1332,'2023-01-23 07:58:15',NULL,NULL,NULL,0,'ENABLED','090511','COSME',NULL,'UG_DISTRITO',351),(1333,'2023-01-23 07:58:15',NULL,NULL,NULL,0,'ENABLED','090601','HUAYTARA',NULL,'UG_DISTRITO',352),(1334,'2023-01-23 07:58:15',NULL,NULL,NULL,0,'ENABLED','090602','AYAVI',NULL,'UG_DISTRITO',352),(1335,'2023-01-23 07:58:15',NULL,NULL,NULL,0,'ENABLED','090603','CORDOVA',NULL,'UG_DISTRITO',352),(1336,'2023-01-23 07:58:15',NULL,NULL,NULL,0,'ENABLED','090604','HUAYACUNDO ARMA',NULL,'UG_DISTRITO',352),(1337,'2023-01-23 07:58:15',NULL,NULL,NULL,0,'ENABLED','090605','LARAMARCA',NULL,'UG_DISTRITO',352),(1338,'2023-01-23 07:58:15',NULL,NULL,NULL,0,'ENABLED','090606','OCOYO',NULL,'UG_DISTRITO',352),(1339,'2023-01-23 07:58:15',NULL,NULL,NULL,0,'ENABLED','090607','PILPICHACA',NULL,'UG_DISTRITO',352),(1340,'2023-01-23 07:58:15',NULL,NULL,NULL,0,'ENABLED','090608','QUERCO',NULL,'UG_DISTRITO',352),(1341,'2023-01-23 07:58:15',NULL,NULL,NULL,0,'ENABLED','090609','QUITO-ARMA',NULL,'UG_DISTRITO',352),(1342,'2023-01-23 07:58:15',NULL,NULL,NULL,0,'ENABLED','090610','SAN ANTONIO DE CUSICANCHA',NULL,'UG_DISTRITO',352),(1343,'2023-01-23 07:58:15',NULL,NULL,NULL,0,'ENABLED','090611','SAN FRANCISCO DE SANGAYAICO',NULL,'UG_DISTRITO',352),(1344,'2023-01-23 07:58:15',NULL,NULL,NULL,0,'ENABLED','090612','SAN ISIDRO',NULL,'UG_DISTRITO',352),(1345,'2023-01-23 07:58:15',NULL,NULL,NULL,0,'ENABLED','090613','SANTIAGO DE CHOCORVOS',NULL,'UG_DISTRITO',352),(1346,'2023-01-23 07:58:15',NULL,NULL,NULL,0,'ENABLED','090614','SANTIAGO DE QUIRAHUARA',NULL,'UG_DISTRITO',352),(1347,'2023-01-23 07:58:15',NULL,NULL,NULL,0,'ENABLED','090615','SANTO DOMINGO DE CAPILLAS',NULL,'UG_DISTRITO',352),(1348,'2023-01-23 07:58:15',NULL,NULL,NULL,0,'ENABLED','090616','TAMBO',NULL,'UG_DISTRITO',352),(1349,'2023-01-23 07:58:15',NULL,NULL,NULL,0,'ENABLED','090701','PAMPAS',NULL,'UG_DISTRITO',353),(1350,'2023-01-23 07:58:15',NULL,NULL,NULL,0,'ENABLED','090702','ACOSTAMBO',NULL,'UG_DISTRITO',353),(1351,'2023-01-23 07:58:15',NULL,NULL,NULL,0,'ENABLED','090703','ACRAQUIA',NULL,'UG_DISTRITO',353),(1352,'2023-01-23 07:58:15',NULL,NULL,NULL,0,'ENABLED','090704','AHUAYCHA',NULL,'UG_DISTRITO',353),(1353,'2023-01-23 07:58:15',NULL,NULL,NULL,0,'ENABLED','090705','COLCABAMBA',NULL,'UG_DISTRITO',353),(1354,'2023-01-23 07:58:15',NULL,NULL,NULL,0,'ENABLED','090706','DANIEL HERNANDEZ',NULL,'UG_DISTRITO',353),(1355,'2023-01-23 07:58:15',NULL,NULL,NULL,0,'ENABLED','090707','HUACHOCOLPA',NULL,'UG_DISTRITO',353),(1356,'2023-01-23 07:58:15',NULL,NULL,NULL,0,'ENABLED','090709','HUARIBAMBA',NULL,'UG_DISTRITO',353),(1357,'2023-01-23 07:58:15',NULL,NULL,NULL,0,'ENABLED','090710','AHUIMPUQUIO',NULL,'UG_DISTRITO',353),(1358,'2023-01-23 07:58:15',NULL,NULL,NULL,0,'ENABLED','090711','PAZOS',NULL,'UG_DISTRITO',353),(1359,'2023-01-23 07:58:15',NULL,NULL,NULL,0,'ENABLED','090713','QUISHUAR',NULL,'UG_DISTRITO',353),(1360,'2023-01-23 07:58:15',NULL,NULL,NULL,0,'ENABLED','090714','SALCABAMBA',NULL,'UG_DISTRITO',353),(1361,'2023-01-23 07:58:15',NULL,NULL,NULL,0,'ENABLED','090715','SALCAHUASI',NULL,'UG_DISTRITO',353),(1362,'2023-01-23 07:58:15',NULL,NULL,NULL,0,'ENABLED','090716','SAN MARCOS DE ROCCHAC',NULL,'UG_DISTRITO',353),(1363,'2023-01-23 07:58:15',NULL,NULL,NULL,0,'ENABLED','090717','SURCUBAMBA',NULL,'UG_DISTRITO',353),(1364,'2023-01-23 07:58:15',NULL,NULL,NULL,0,'ENABLED','090718','TINTAY PUNCU',NULL,'UG_DISTRITO',353),(1365,'2023-01-23 07:58:15',NULL,NULL,NULL,0,'ENABLED','090719','QUICHUAS',NULL,'UG_DISTRITO',353),(1366,'2023-01-23 07:58:15',NULL,NULL,NULL,0,'ENABLED','090720','ANDAYMARCA',NULL,'UG_DISTRITO',353),(1367,'2023-01-23 07:58:15',NULL,NULL,NULL,0,'ENABLED','090721','ROBLE',NULL,'UG_DISTRITO',353),(1368,'2023-01-23 07:58:15',NULL,NULL,NULL,0,'ENABLED','090722','PICHOS',NULL,'UG_DISTRITO',353),(1369,'2023-01-23 07:58:15',NULL,NULL,NULL,0,'ENABLED','090723','SANTIAGO DE TUCUMA',NULL,'UG_DISTRITO',353),(1370,'2023-01-23 07:58:15',NULL,NULL,NULL,0,'ENABLED','100101','HUANUCO',NULL,'UG_DISTRITO',354),(1371,'2023-01-23 07:58:15',NULL,NULL,NULL,0,'ENABLED','100102','AMARILIS',NULL,'UG_DISTRITO',354),(1372,'2023-01-23 07:58:15',NULL,NULL,NULL,0,'ENABLED','100103','CHINCHAO',NULL,'UG_DISTRITO',354),(1373,'2023-01-23 07:58:15',NULL,NULL,NULL,0,'ENABLED','100104','CHURUBAMBA',NULL,'UG_DISTRITO',354),(1374,'2023-01-23 07:58:15',NULL,NULL,NULL,0,'ENABLED','100105','MARGOS',NULL,'UG_DISTRITO',354),(1375,'2023-01-23 07:58:15',NULL,NULL,NULL,0,'ENABLED','100106','QUISQUI',NULL,'UG_DISTRITO',354),(1376,'2023-01-23 07:58:15',NULL,NULL,NULL,0,'ENABLED','100107','SAN FRANCISCO DE CAYRAN',NULL,'UG_DISTRITO',354),(1377,'2023-01-23 07:58:15',NULL,NULL,NULL,0,'ENABLED','100108','SAN PEDRO DE CHAULAN',NULL,'UG_DISTRITO',354),(1378,'2023-01-23 07:58:15',NULL,NULL,NULL,0,'ENABLED','100109','SANTA MARIA DEL VALLE',NULL,'UG_DISTRITO',354),(1379,'2023-01-23 07:58:15',NULL,NULL,NULL,0,'ENABLED','100110','YARUMAYO',NULL,'UG_DISTRITO',354),(1380,'2023-01-23 07:58:15',NULL,NULL,NULL,0,'ENABLED','100111','PILLCO MARCA',NULL,'UG_DISTRITO',354),(1381,'2023-01-23 07:58:15',NULL,NULL,NULL,0,'ENABLED','100112','YACUS',NULL,'UG_DISTRITO',354),(1382,'2023-01-23 07:58:15',NULL,NULL,NULL,0,'ENABLED','100113','SAN PABLO DE PILLAO',NULL,'UG_DISTRITO',354),(1383,'2023-01-23 07:58:15',NULL,NULL,NULL,0,'ENABLED','100201','AMBO',NULL,'UG_DISTRITO',355),(1384,'2023-01-23 07:58:15',NULL,NULL,NULL,0,'ENABLED','100202','CAYNA',NULL,'UG_DISTRITO',355),(1385,'2023-01-23 07:58:15',NULL,NULL,NULL,0,'ENABLED','100203','COLPAS',NULL,'UG_DISTRITO',355),(1386,'2023-01-23 07:58:15',NULL,NULL,NULL,0,'ENABLED','100204','CONCHAMARCA',NULL,'UG_DISTRITO',355),(1387,'2023-01-23 07:58:15',NULL,NULL,NULL,0,'ENABLED','100205','HUACAR',NULL,'UG_DISTRITO',355),(1388,'2023-01-23 07:58:15',NULL,NULL,NULL,0,'ENABLED','100206','SAN FRANCISCO',NULL,'UG_DISTRITO',355),(1389,'2023-01-23 07:58:15',NULL,NULL,NULL,0,'ENABLED','100207','SAN RAFAEL',NULL,'UG_DISTRITO',355),(1390,'2023-01-23 07:58:15',NULL,NULL,NULL,0,'ENABLED','100208','TOMAY KICHWA',NULL,'UG_DISTRITO',355),(1391,'2023-01-23 07:58:15',NULL,NULL,NULL,0,'ENABLED','100301','LA UNION',NULL,'UG_DISTRITO',356),(1392,'2023-01-23 07:58:15',NULL,NULL,NULL,0,'ENABLED','100307','CHUQUIS',NULL,'UG_DISTRITO',356),(1393,'2023-01-23 07:58:15',NULL,NULL,NULL,0,'ENABLED','100311','MARIAS',NULL,'UG_DISTRITO',356),(1394,'2023-01-23 07:58:15',NULL,NULL,NULL,0,'ENABLED','100313','PACHAS',NULL,'UG_DISTRITO',356),(1395,'2023-01-23 07:58:15',NULL,NULL,NULL,0,'ENABLED','100316','QUIVILLA',NULL,'UG_DISTRITO',356),(1396,'2023-01-23 07:58:15',NULL,NULL,NULL,0,'ENABLED','100317','RIPAN',NULL,'UG_DISTRITO',356),(1397,'2023-01-23 07:58:15',NULL,NULL,NULL,0,'ENABLED','100321','SHUNQUI',NULL,'UG_DISTRITO',356),(1398,'2023-01-23 07:58:15',NULL,NULL,NULL,0,'ENABLED','100322','SILLAPATA',NULL,'UG_DISTRITO',356),(1399,'2023-01-23 07:58:15',NULL,NULL,NULL,0,'ENABLED','100323','YANAS',NULL,'UG_DISTRITO',356),(1400,'2023-01-23 07:58:15',NULL,NULL,NULL,0,'ENABLED','100401','HUACAYBAMBA',NULL,'UG_DISTRITO',357),(1401,'2023-01-23 07:58:15',NULL,NULL,NULL,0,'ENABLED','100402','CANCHABAMBA',NULL,'UG_DISTRITO',357),(1402,'2023-01-23 07:58:15',NULL,NULL,NULL,0,'ENABLED','100403','COCHABAMBA',NULL,'UG_DISTRITO',357),(1403,'2023-01-23 07:58:15',NULL,NULL,NULL,0,'ENABLED','100404','PINRA',NULL,'UG_DISTRITO',357),(1404,'2023-01-23 07:58:15',NULL,NULL,NULL,0,'ENABLED','100501','LLATA',NULL,'UG_DISTRITO',358),(1405,'2023-01-23 07:58:15',NULL,NULL,NULL,0,'ENABLED','100502','ARANCAY',NULL,'UG_DISTRITO',358),(1406,'2023-01-23 07:58:15',NULL,NULL,NULL,0,'ENABLED','100503','CHAVIN DE PARIARCA',NULL,'UG_DISTRITO',358),(1407,'2023-01-23 07:58:15',NULL,NULL,NULL,0,'ENABLED','100504','JACAS GRANDE',NULL,'UG_DISTRITO',358),(1408,'2023-01-23 07:58:15',NULL,NULL,NULL,0,'ENABLED','100505','JIRCAN',NULL,'UG_DISTRITO',358),(1409,'2023-01-23 07:58:15',NULL,NULL,NULL,0,'ENABLED','100506','MIRAFLORES',NULL,'UG_DISTRITO',358),(1410,'2023-01-23 07:58:15',NULL,NULL,NULL,0,'ENABLED','100507','MONZON',NULL,'UG_DISTRITO',358),(1411,'2023-01-23 07:58:15',NULL,NULL,NULL,0,'ENABLED','100508','PUNCHAO',NULL,'UG_DISTRITO',358),(1412,'2023-01-23 07:58:15',NULL,NULL,NULL,0,'ENABLED','100509','PUOS',NULL,'UG_DISTRITO',358),(1413,'2023-01-23 07:58:15',NULL,NULL,NULL,0,'ENABLED','100510','SINGA',NULL,'UG_DISTRITO',358),(1414,'2023-01-23 07:58:15',NULL,NULL,NULL,0,'ENABLED','100511','TANTAMAYO',NULL,'UG_DISTRITO',358),(1415,'2023-01-23 07:58:15',NULL,NULL,NULL,0,'ENABLED','100601','RUPA-RUPA',NULL,'UG_DISTRITO',359),(1416,'2023-01-23 07:58:15',NULL,NULL,NULL,0,'ENABLED','100602','DANIEL ALOMIAS ROBLES',NULL,'UG_DISTRITO',359),(1417,'2023-01-23 07:58:15',NULL,NULL,NULL,0,'ENABLED','100603','HERMILIO VALDIZAN',NULL,'UG_DISTRITO',359),(1418,'2023-01-23 07:58:15',NULL,NULL,NULL,0,'ENABLED','100604','JOSE CRESPO Y CASTILLO',NULL,'UG_DISTRITO',359),(1419,'2023-01-23 07:58:15',NULL,NULL,NULL,0,'ENABLED','100605','LUYANDO',NULL,'UG_DISTRITO',359),(1420,'2023-01-23 07:58:15',NULL,NULL,NULL,0,'ENABLED','100606','MARIANO DAMASO BERAUN',NULL,'UG_DISTRITO',359),(1421,'2023-01-23 07:58:15',NULL,NULL,NULL,0,'ENABLED','100607','PUCAYACU',NULL,'UG_DISTRITO',359),(1422,'2023-01-23 07:58:15',NULL,NULL,NULL,0,'ENABLED','100608','CASTILLO GRANDE',NULL,'UG_DISTRITO',359),(1423,'2023-01-23 07:58:15',NULL,NULL,NULL,0,'ENABLED','100609','PUEBLO NUEVO',NULL,'UG_DISTRITO',359),(1424,'2023-01-23 07:58:15',NULL,NULL,NULL,0,'ENABLED','100610','SANTO DOMINGO DE ANDA',NULL,'UG_DISTRITO',359),(1425,'2023-01-23 07:58:15',NULL,NULL,NULL,0,'ENABLED','100701','HUACRACHUCO',NULL,'UG_DISTRITO',360),(1426,'2023-01-23 07:58:15',NULL,NULL,NULL,0,'ENABLED','100702','CHOLON',NULL,'UG_DISTRITO',360),(1427,'2023-01-23 07:58:15',NULL,NULL,NULL,0,'ENABLED','100703','SAN BUENAVENTURA',NULL,'UG_DISTRITO',360),(1428,'2023-01-23 07:58:15',NULL,NULL,NULL,0,'ENABLED','100704','LA MORADA',NULL,'UG_DISTRITO',360),(1429,'2023-01-23 07:58:15',NULL,NULL,NULL,0,'ENABLED','100705','SANTA ROSA DE ALTO YANAJANCA',NULL,'UG_DISTRITO',360),(1430,'2023-01-23 07:58:15',NULL,NULL,NULL,0,'ENABLED','100801','PANAO',NULL,'UG_DISTRITO',361),(1431,'2023-01-23 07:58:15',NULL,NULL,NULL,0,'ENABLED','100802','CHAGLLA',NULL,'UG_DISTRITO',361),(1432,'2023-01-23 07:58:15',NULL,NULL,NULL,0,'ENABLED','100803','MOLINO',NULL,'UG_DISTRITO',361),(1433,'2023-01-23 07:58:15',NULL,NULL,NULL,0,'ENABLED','100804','UMARI',NULL,'UG_DISTRITO',361),(1434,'2023-01-23 07:58:15',NULL,NULL,NULL,0,'ENABLED','100901','PUERTO INCA',NULL,'UG_DISTRITO',362),(1435,'2023-01-23 07:58:15',NULL,NULL,NULL,0,'ENABLED','100902','CODO DEL POZUZO',NULL,'UG_DISTRITO',362),(1436,'2023-01-23 07:58:15',NULL,NULL,NULL,0,'ENABLED','100903','HONORIA',NULL,'UG_DISTRITO',362),(1437,'2023-01-23 07:58:15',NULL,NULL,NULL,0,'ENABLED','100904','TOURNAVISTA',NULL,'UG_DISTRITO',362),(1438,'2023-01-23 07:58:15',NULL,NULL,NULL,0,'ENABLED','100905','YUYAPICHIS',NULL,'UG_DISTRITO',362),(1439,'2023-01-23 07:58:15',NULL,NULL,NULL,0,'ENABLED','101001','JESUS',NULL,'UG_DISTRITO',363),(1440,'2023-01-23 07:58:15',NULL,NULL,NULL,0,'ENABLED','101002','BAOS',NULL,'UG_DISTRITO',363),(1441,'2023-01-23 07:58:15',NULL,NULL,NULL,0,'ENABLED','101003','JIVIA',NULL,'UG_DISTRITO',363),(1442,'2023-01-23 07:58:15',NULL,NULL,NULL,0,'ENABLED','101004','QUEROPALCA',NULL,'UG_DISTRITO',363),(1443,'2023-01-23 07:58:15',NULL,NULL,NULL,0,'ENABLED','101005','RONDOS',NULL,'UG_DISTRITO',363),(1444,'2023-01-23 07:58:15',NULL,NULL,NULL,0,'ENABLED','101006','SAN FRANCISCO DE ASIS',NULL,'UG_DISTRITO',363),(1445,'2023-01-23 07:58:15',NULL,NULL,NULL,0,'ENABLED','101007','SAN MIGUEL DE CAURI',NULL,'UG_DISTRITO',363),(1446,'2023-01-23 07:58:15',NULL,NULL,NULL,0,'ENABLED','101101','CHAVINILLO',NULL,'UG_DISTRITO',364),(1447,'2023-01-23 07:58:15',NULL,NULL,NULL,0,'ENABLED','101102','CAHUAC',NULL,'UG_DISTRITO',364),(1448,'2023-01-23 07:58:15',NULL,NULL,NULL,0,'ENABLED','101103','CHACABAMBA',NULL,'UG_DISTRITO',364),(1449,'2023-01-23 07:58:15',NULL,NULL,NULL,0,'ENABLED','101104','APARICIO POMARES',NULL,'UG_DISTRITO',364),(1450,'2023-01-23 07:58:15',NULL,NULL,NULL,0,'ENABLED','101105','JACAS CHICO',NULL,'UG_DISTRITO',364),(1451,'2023-01-23 07:58:15',NULL,NULL,NULL,0,'ENABLED','101106','OBAS',NULL,'UG_DISTRITO',364),(1452,'2023-01-23 07:58:15',NULL,NULL,NULL,0,'ENABLED','101107','PAMPAMARCA',NULL,'UG_DISTRITO',364),(1453,'2023-01-23 07:58:15',NULL,NULL,NULL,0,'ENABLED','101108','CHORAS',NULL,'UG_DISTRITO',364),(1454,'2023-01-23 07:58:15',NULL,NULL,NULL,0,'ENABLED','110101','ICA',NULL,'UG_DISTRITO',365),(1455,'2023-01-23 07:58:15',NULL,NULL,NULL,0,'ENABLED','110102','LA TINGUIA',NULL,'UG_DISTRITO',365),(1456,'2023-01-23 07:58:15',NULL,NULL,NULL,0,'ENABLED','110103','LOS AQUIJES',NULL,'UG_DISTRITO',365),(1457,'2023-01-23 07:58:15',NULL,NULL,NULL,0,'ENABLED','110104','OCUCAJE',NULL,'UG_DISTRITO',365),(1458,'2023-01-23 07:58:15',NULL,NULL,NULL,0,'ENABLED','110105','PACHACUTEC',NULL,'UG_DISTRITO',365),(1459,'2023-01-23 07:58:15',NULL,NULL,NULL,0,'ENABLED','110106','PARCONA',NULL,'UG_DISTRITO',365),(1460,'2023-01-23 07:58:15',NULL,NULL,NULL,0,'ENABLED','110107','PUEBLO NUEVO',NULL,'UG_DISTRITO',365),(1461,'2023-01-23 07:58:15',NULL,NULL,NULL,0,'ENABLED','110108','SALAS',NULL,'UG_DISTRITO',365),(1462,'2023-01-23 07:58:15',NULL,NULL,NULL,0,'ENABLED','110109','SAN JOSE DE LOS MOLINOS',NULL,'UG_DISTRITO',365),(1463,'2023-01-23 07:58:15',NULL,NULL,NULL,0,'ENABLED','110110','SAN JUAN BAUTISTA',NULL,'UG_DISTRITO',365),(1464,'2023-01-23 07:58:15',NULL,NULL,NULL,0,'ENABLED','110111','SANTIAGO',NULL,'UG_DISTRITO',365),(1465,'2023-01-23 07:58:15',NULL,NULL,NULL,0,'ENABLED','110112','SUBTANJALLA',NULL,'UG_DISTRITO',365),(1466,'2023-01-23 07:58:15',NULL,NULL,NULL,0,'ENABLED','110113','TATE',NULL,'UG_DISTRITO',365),(1467,'2023-01-23 07:58:15',NULL,NULL,NULL,0,'ENABLED','110114','YAUCA DEL ROSARIO',NULL,'UG_DISTRITO',365),(1468,'2023-01-23 07:58:15',NULL,NULL,NULL,0,'ENABLED','110201','CHINCHA ALTA',NULL,'UG_DISTRITO',366),(1469,'2023-01-23 07:58:15',NULL,NULL,NULL,0,'ENABLED','110202','ALTO LARAN',NULL,'UG_DISTRITO',366),(1470,'2023-01-23 07:58:15',NULL,NULL,NULL,0,'ENABLED','110203','CHAVIN',NULL,'UG_DISTRITO',366),(1471,'2023-01-23 07:58:15',NULL,NULL,NULL,0,'ENABLED','110204','CHINCHA BAJA',NULL,'UG_DISTRITO',366),(1472,'2023-01-23 07:58:15',NULL,NULL,NULL,0,'ENABLED','110205','EL CARMEN',NULL,'UG_DISTRITO',366),(1473,'2023-01-23 07:58:15',NULL,NULL,NULL,0,'ENABLED','110206','GROCIO PRADO',NULL,'UG_DISTRITO',366),(1474,'2023-01-23 07:58:15',NULL,NULL,NULL,0,'ENABLED','110207','PUEBLO NUEVO',NULL,'UG_DISTRITO',366),(1475,'2023-01-23 07:58:15',NULL,NULL,NULL,0,'ENABLED','110208','SAN JUAN DE YANAC',NULL,'UG_DISTRITO',366),(1476,'2023-01-23 07:58:15',NULL,NULL,NULL,0,'ENABLED','110209','SAN PEDRO DE HUACARPANA',NULL,'UG_DISTRITO',366),(1477,'2023-01-23 07:58:15',NULL,NULL,NULL,0,'ENABLED','110210','SUNAMPE',NULL,'UG_DISTRITO',366),(1478,'2023-01-23 07:58:15',NULL,NULL,NULL,0,'ENABLED','110211','TAMBO DE MORA',NULL,'UG_DISTRITO',366),(1479,'2023-01-23 07:58:15',NULL,NULL,NULL,0,'ENABLED','110301','NAZCA',NULL,'UG_DISTRITO',375),(1480,'2023-01-23 07:58:15',NULL,NULL,NULL,0,'ENABLED','110302','CHANGUILLO',NULL,'UG_DISTRITO',375),(1481,'2023-01-23 07:58:15',NULL,NULL,NULL,0,'ENABLED','110303','EL INGENIO',NULL,'UG_DISTRITO',375),(1482,'2023-01-23 07:58:15',NULL,NULL,NULL,0,'ENABLED','110304','MARCONA',NULL,'UG_DISTRITO',375),(1483,'2023-01-23 07:58:15',NULL,NULL,NULL,0,'ENABLED','110305','VISTA ALEGRE',NULL,'UG_DISTRITO',375),(1484,'2023-01-23 07:58:15',NULL,NULL,NULL,0,'ENABLED','110401','PALPA',NULL,'UG_DISTRITO',381),(1485,'2023-01-23 07:58:15',NULL,NULL,NULL,0,'ENABLED','110402','LLIPATA',NULL,'UG_DISTRITO',381),(1486,'2023-01-23 07:58:15',NULL,NULL,NULL,0,'ENABLED','110403','RIO GRANDE',NULL,'UG_DISTRITO',381),(1487,'2023-01-23 07:58:15',NULL,NULL,NULL,0,'ENABLED','110404','SANTA CRUZ',NULL,'UG_DISTRITO',381),(1488,'2023-01-23 07:58:15',NULL,NULL,NULL,0,'ENABLED','110405','TIBILLO',NULL,'UG_DISTRITO',381),(1489,'2023-01-23 07:58:15',NULL,NULL,NULL,0,'ENABLED','110501','PISCO',NULL,'UG_DISTRITO',384),(1490,'2023-01-23 07:58:15',NULL,NULL,NULL,0,'ENABLED','110502','HUANCANO',NULL,'UG_DISTRITO',384),(1491,'2023-01-23 07:58:15',NULL,NULL,NULL,0,'ENABLED','110503','HUMAY',NULL,'UG_DISTRITO',384),(1492,'2023-01-23 07:58:15',NULL,NULL,NULL,0,'ENABLED','110504','INDEPENDENCIA',NULL,'UG_DISTRITO',384),(1493,'2023-01-23 07:58:15',NULL,NULL,NULL,0,'ENABLED','110505','PARACAS',NULL,'UG_DISTRITO',384),(1494,'2023-01-23 07:58:15',NULL,NULL,NULL,0,'ENABLED','110506','SAN ANDRES',NULL,'UG_DISTRITO',384),(1495,'2023-01-23 07:58:15',NULL,NULL,NULL,0,'ENABLED','110507','SAN CLEMENTE',NULL,'UG_DISTRITO',384),(1496,'2023-01-23 07:58:15',NULL,NULL,NULL,0,'ENABLED','110508','TUPAC AMARU INCA',NULL,'UG_DISTRITO',384),(1497,'2023-01-23 07:58:15',NULL,NULL,NULL,0,'ENABLED','120101','HUANCAYO',NULL,'UG_DISTRITO',389),(1498,'2023-01-23 07:58:15',NULL,NULL,NULL,0,'ENABLED','120104','CARHUACALLANGA',NULL,'UG_DISTRITO',389),(1499,'2023-01-23 07:58:15',NULL,NULL,NULL,0,'ENABLED','120105','CHACAPAMPA',NULL,'UG_DISTRITO',389),(1500,'2023-01-23 07:58:15',NULL,NULL,NULL,0,'ENABLED','120106','CHICCHE',NULL,'UG_DISTRITO',389),(1501,'2023-01-23 07:58:15',NULL,NULL,NULL,0,'ENABLED','120107','CHILCA',NULL,'UG_DISTRITO',389),(1502,'2023-01-23 07:58:15',NULL,NULL,NULL,0,'ENABLED','120108','CHONGOS ALTO',NULL,'UG_DISTRITO',389),(1503,'2023-01-23 07:58:15',NULL,NULL,NULL,0,'ENABLED','120111','CHUPURO',NULL,'UG_DISTRITO',389),(1504,'2023-01-23 07:58:15',NULL,NULL,NULL,0,'ENABLED','120112','COLCA',NULL,'UG_DISTRITO',389),(1505,'2023-01-23 07:58:15',NULL,NULL,NULL,0,'ENABLED','120113','CULLHUAS',NULL,'UG_DISTRITO',389),(1506,'2023-01-23 07:58:15',NULL,NULL,NULL,0,'ENABLED','120114','EL TAMBO',NULL,'UG_DISTRITO',389),(1507,'2023-01-23 07:58:15',NULL,NULL,NULL,0,'ENABLED','120116','HUACRAPUQUIO',NULL,'UG_DISTRITO',389),(1508,'2023-01-23 07:58:15',NULL,NULL,NULL,0,'ENABLED','120117','HUALHUAS',NULL,'UG_DISTRITO',389),(1509,'2023-01-23 07:58:15',NULL,NULL,NULL,0,'ENABLED','120119','HUANCAN',NULL,'UG_DISTRITO',389),(1510,'2023-01-23 07:58:15',NULL,NULL,NULL,0,'ENABLED','120120','HUASICANCHA',NULL,'UG_DISTRITO',389),(1511,'2023-01-23 07:58:15',NULL,NULL,NULL,0,'ENABLED','120121','HUAYUCACHI',NULL,'UG_DISTRITO',389),(1512,'2023-01-23 07:58:15',NULL,NULL,NULL,0,'ENABLED','120122','INGENIO',NULL,'UG_DISTRITO',389),(1513,'2023-01-23 07:58:15',NULL,NULL,NULL,0,'ENABLED','120124','PARIAHUANCA',NULL,'UG_DISTRITO',389),(1514,'2023-01-23 07:58:15',NULL,NULL,NULL,0,'ENABLED','120125','PILCOMAYO',NULL,'UG_DISTRITO',389),(1515,'2023-01-23 07:58:15',NULL,NULL,NULL,0,'ENABLED','120126','PUCARA',NULL,'UG_DISTRITO',389),(1516,'2023-01-23 07:58:15',NULL,NULL,NULL,0,'ENABLED','120127','QUICHUAY',NULL,'UG_DISTRITO',389),(1517,'2023-01-23 07:58:15',NULL,NULL,NULL,0,'ENABLED','120128','QUILCAS',NULL,'UG_DISTRITO',389),(1518,'2023-01-23 07:58:15',NULL,NULL,NULL,0,'ENABLED','120129','SAN AGUSTIN',NULL,'UG_DISTRITO',389),(1519,'2023-01-23 07:58:15',NULL,NULL,NULL,0,'ENABLED','120130','SAN JERONIMO DE TUNAN',NULL,'UG_DISTRITO',389),(1520,'2023-01-23 07:58:15',NULL,NULL,NULL,0,'ENABLED','120132','SAO',NULL,'UG_DISTRITO',389),(1521,'2023-01-23 07:58:15',NULL,NULL,NULL,0,'ENABLED','120133','SAPALLANGA',NULL,'UG_DISTRITO',389),(1522,'2023-01-23 07:58:15',NULL,NULL,NULL,0,'ENABLED','120134','SICAYA',NULL,'UG_DISTRITO',389),(1523,'2023-01-23 07:58:15',NULL,NULL,NULL,0,'ENABLED','120135','SANTO DOMINGO DE ACOBAMBA',NULL,'UG_DISTRITO',389),(1524,'2023-01-23 07:58:15',NULL,NULL,NULL,0,'ENABLED','120136','VIQUES',NULL,'UG_DISTRITO',389),(1525,'2023-01-23 07:58:15',NULL,NULL,NULL,0,'ENABLED','120201','CONCEPCION',NULL,'UG_DISTRITO',405),(1526,'2023-01-23 07:58:15',NULL,NULL,NULL,0,'ENABLED','120202','ACO',NULL,'UG_DISTRITO',405),(1527,'2023-01-23 07:58:15',NULL,NULL,NULL,0,'ENABLED','120203','ANDAMARCA',NULL,'UG_DISTRITO',405),(1528,'2023-01-23 07:58:15',NULL,NULL,NULL,0,'ENABLED','120204','CHAMBARA',NULL,'UG_DISTRITO',405),(1529,'2023-01-23 07:58:15',NULL,NULL,NULL,0,'ENABLED','120205','COCHAS',NULL,'UG_DISTRITO',405),(1530,'2023-01-23 07:58:15',NULL,NULL,NULL,0,'ENABLED','120206','COMAS',NULL,'UG_DISTRITO',405),(1531,'2023-01-23 07:58:15',NULL,NULL,NULL,0,'ENABLED','120207','HEROINAS TOLEDO',NULL,'UG_DISTRITO',405),(1532,'2023-01-23 07:58:15',NULL,NULL,NULL,0,'ENABLED','120208','MANZANARES',NULL,'UG_DISTRITO',405),(1533,'2023-01-23 07:58:15',NULL,NULL,NULL,0,'ENABLED','120209','MARISCAL CASTILLA',NULL,'UG_DISTRITO',405),(1534,'2023-01-23 07:58:15',NULL,NULL,NULL,0,'ENABLED','120210','MATAHUASI',NULL,'UG_DISTRITO',405),(1535,'2023-01-23 07:58:15',NULL,NULL,NULL,0,'ENABLED','120211','MITO',NULL,'UG_DISTRITO',405),(1536,'2023-01-23 07:58:15',NULL,NULL,NULL,0,'ENABLED','120212','NUEVE DE JULIO',NULL,'UG_DISTRITO',405),(1537,'2023-01-23 07:58:15',NULL,NULL,NULL,0,'ENABLED','120213','ORCOTUNA',NULL,'UG_DISTRITO',405),(1538,'2023-01-23 07:58:15',NULL,NULL,NULL,0,'ENABLED','120214','SAN JOSE DE QUERO',NULL,'UG_DISTRITO',405),(1539,'2023-01-23 07:58:15',NULL,NULL,NULL,0,'ENABLED','120215','SANTA ROSA DE OCOPA',NULL,'UG_DISTRITO',405),(1540,'2023-01-23 07:58:15',NULL,NULL,NULL,0,'ENABLED','120301','CHANCHAMAYO',NULL,'UG_DISTRITO',413),(1541,'2023-01-23 07:58:15',NULL,NULL,NULL,0,'ENABLED','120302','PERENE',NULL,'UG_DISTRITO',413),(1542,'2023-01-23 07:58:15',NULL,NULL,NULL,0,'ENABLED','120303','PICHANAQUI',NULL,'UG_DISTRITO',413),(1543,'2023-01-23 07:58:15',NULL,NULL,NULL,0,'ENABLED','120304','SAN LUIS DE SHUARO',NULL,'UG_DISTRITO',413),(1544,'2023-01-23 07:58:15',NULL,NULL,NULL,0,'ENABLED','120305','SAN RAMON',NULL,'UG_DISTRITO',413),(1545,'2023-01-23 07:58:15',NULL,NULL,NULL,0,'ENABLED','120306','VITOC',NULL,'UG_DISTRITO',413),(1546,'2023-01-23 07:58:15',NULL,NULL,NULL,0,'ENABLED','120401','JAUJA',NULL,'UG_DISTRITO',418),(1547,'2023-01-23 07:58:15',NULL,NULL,NULL,0,'ENABLED','120402','ACOLLA',NULL,'UG_DISTRITO',418),(1548,'2023-01-23 07:58:15',NULL,NULL,NULL,0,'ENABLED','120403','APATA',NULL,'UG_DISTRITO',418),(1549,'2023-01-23 07:58:15',NULL,NULL,NULL,0,'ENABLED','120404','ATAURA',NULL,'UG_DISTRITO',418),(1550,'2023-01-23 07:58:15',NULL,NULL,NULL,0,'ENABLED','120405','CANCHAYLLO',NULL,'UG_DISTRITO',418),(1551,'2023-01-23 07:58:15',NULL,NULL,NULL,0,'ENABLED','120406','CURICACA',NULL,'UG_DISTRITO',418),(1552,'2023-01-23 07:58:15',NULL,NULL,NULL,0,'ENABLED','120407','EL MANTARO',NULL,'UG_DISTRITO',418),(1553,'2023-01-23 07:58:15',NULL,NULL,NULL,0,'ENABLED','120408','HUAMALI',NULL,'UG_DISTRITO',418),(1554,'2023-01-23 07:58:15',NULL,NULL,NULL,0,'ENABLED','120409','HUARIPAMPA',NULL,'UG_DISTRITO',418),(1555,'2023-01-23 07:58:15',NULL,NULL,NULL,0,'ENABLED','120410','HUERTAS',NULL,'UG_DISTRITO',418),(1556,'2023-01-23 07:58:15',NULL,NULL,NULL,0,'ENABLED','120411','JANJAILLO',NULL,'UG_DISTRITO',418),(1557,'2023-01-23 07:58:15',NULL,NULL,NULL,0,'ENABLED','120412','JULCAN',NULL,'UG_DISTRITO',418),(1558,'2023-01-23 07:58:15',NULL,NULL,NULL,0,'ENABLED','120413','LEONOR ORDOEZ',NULL,'UG_DISTRITO',418),(1559,'2023-01-23 07:58:15',NULL,NULL,NULL,0,'ENABLED','120414','LLOCLLAPAMPA',NULL,'UG_DISTRITO',418),(1560,'2023-01-23 07:58:15',NULL,NULL,NULL,0,'ENABLED','120415','MARCO',NULL,'UG_DISTRITO',418),(1561,'2023-01-23 07:58:15',NULL,NULL,NULL,0,'ENABLED','120416','MASMA',NULL,'UG_DISTRITO',418),(1562,'2023-01-23 07:58:15',NULL,NULL,NULL,0,'ENABLED','120417','MASMA CHICCHE',NULL,'UG_DISTRITO',418),(1563,'2023-01-23 07:58:15',NULL,NULL,NULL,0,'ENABLED','120418','MOLINOS',NULL,'UG_DISTRITO',418),(1564,'2023-01-23 07:58:15',NULL,NULL,NULL,0,'ENABLED','120419','MONOBAMBA',NULL,'UG_DISTRITO',418),(1565,'2023-01-23 07:58:15',NULL,NULL,NULL,0,'ENABLED','120420','MUQUI',NULL,'UG_DISTRITO',418),(1566,'2023-01-23 07:58:15',NULL,NULL,NULL,0,'ENABLED','120421','MUQUIYAUYO',NULL,'UG_DISTRITO',418),(1567,'2023-01-23 07:58:15',NULL,NULL,NULL,0,'ENABLED','120422','PACA',NULL,'UG_DISTRITO',418),(1568,'2023-01-23 07:58:15',NULL,NULL,NULL,0,'ENABLED','120423','PACCHA',NULL,'UG_DISTRITO',418),(1569,'2023-01-23 07:58:15',NULL,NULL,NULL,0,'ENABLED','120424','PANCAN',NULL,'UG_DISTRITO',418),(1570,'2023-01-23 07:58:15',NULL,NULL,NULL,0,'ENABLED','120425','PARCO',NULL,'UG_DISTRITO',418),(1571,'2023-01-23 07:58:15',NULL,NULL,NULL,0,'ENABLED','120426','POMACANCHA',NULL,'UG_DISTRITO',418),(1572,'2023-01-23 07:58:15',NULL,NULL,NULL,0,'ENABLED','120427','RICRAN',NULL,'UG_DISTRITO',418),(1573,'2023-01-23 07:58:15',NULL,NULL,NULL,0,'ENABLED','120428','SAN LORENZO',NULL,'UG_DISTRITO',418),(1574,'2023-01-23 07:58:15',NULL,NULL,NULL,0,'ENABLED','120429','SAN PEDRO DE CHUNAN',NULL,'UG_DISTRITO',418),(1575,'2023-01-23 07:58:15',NULL,NULL,NULL,0,'ENABLED','120430','SAUSA',NULL,'UG_DISTRITO',418),(1576,'2023-01-23 07:58:15',NULL,NULL,NULL,0,'ENABLED','120431','SINCOS',NULL,'UG_DISTRITO',418),(1577,'2023-01-23 07:58:15',NULL,NULL,NULL,0,'ENABLED','120432','TUNAN MARCA',NULL,'UG_DISTRITO',418),(1578,'2023-01-23 07:58:15',NULL,NULL,NULL,0,'ENABLED','120433','YAULI',NULL,'UG_DISTRITO',418),(1579,'2023-01-23 07:58:15',NULL,NULL,NULL,0,'ENABLED','120434','YAUYOS',NULL,'UG_DISTRITO',418),(1580,'2023-01-23 07:58:15',NULL,NULL,NULL,0,'ENABLED','120501','JUNIN',NULL,'UG_DISTRITO',436),(1581,'2023-01-23 07:58:15',NULL,NULL,NULL,0,'ENABLED','120502','CARHUAMAYO',NULL,'UG_DISTRITO',436),(1582,'2023-01-23 07:58:15',NULL,NULL,NULL,0,'ENABLED','120503','ONDORES',NULL,'UG_DISTRITO',436),(1583,'2023-01-23 07:58:15',NULL,NULL,NULL,0,'ENABLED','120504','ULCUMAYO',NULL,'UG_DISTRITO',436),(1584,'2023-01-23 07:58:15',NULL,NULL,NULL,0,'ENABLED','120601','SATIPO',NULL,'UG_DISTRITO',440),(1585,'2023-01-23 07:58:15',NULL,NULL,NULL,0,'ENABLED','120602','COVIRIALI',NULL,'UG_DISTRITO',440),(1586,'2023-01-23 07:58:15',NULL,NULL,NULL,0,'ENABLED','120603','LLAYLLA',NULL,'UG_DISTRITO',440),(1587,'2023-01-23 07:58:15',NULL,NULL,NULL,0,'ENABLED','120604','MAZAMARI',NULL,'UG_DISTRITO',440),(1588,'2023-01-23 07:58:15',NULL,NULL,NULL,0,'ENABLED','120605','PAMPA HERMOSA',NULL,'UG_DISTRITO',440),(1589,'2023-01-23 07:58:15',NULL,NULL,NULL,0,'ENABLED','120606','PANGOA',NULL,'UG_DISTRITO',440),(1590,'2023-01-23 07:58:15',NULL,NULL,NULL,0,'ENABLED','120607','RIO NEGRO',NULL,'UG_DISTRITO',440),(1591,'2023-01-23 07:58:15',NULL,NULL,NULL,0,'ENABLED','120608','RIO TAMBO',NULL,'UG_DISTRITO',440),(1592,'2023-01-23 07:58:15',NULL,NULL,NULL,0,'ENABLED','120609','VIZCATAN DEL ENE',NULL,'UG_DISTRITO',440),(1593,'2023-01-23 07:58:15',NULL,NULL,NULL,0,'ENABLED','120701','TARMA',NULL,'UG_DISTRITO',446),(1594,'2023-01-23 07:58:15',NULL,NULL,NULL,0,'ENABLED','120702','ACOBAMBA',NULL,'UG_DISTRITO',446),(1595,'2023-01-23 07:58:15',NULL,NULL,NULL,0,'ENABLED','120703','HUARICOLCA',NULL,'UG_DISTRITO',446),(1596,'2023-01-23 07:58:15',NULL,NULL,NULL,0,'ENABLED','120704','HUASAHUASI',NULL,'UG_DISTRITO',446),(1597,'2023-01-23 07:58:15',NULL,NULL,NULL,0,'ENABLED','120705','LA UNION',NULL,'UG_DISTRITO',446),(1598,'2023-01-23 07:58:15',NULL,NULL,NULL,0,'ENABLED','120706','PALCA',NULL,'UG_DISTRITO',446),(1599,'2023-01-23 07:58:15',NULL,NULL,NULL,0,'ENABLED','120707','PALCAMAYO',NULL,'UG_DISTRITO',446),(1600,'2023-01-23 07:58:15',NULL,NULL,NULL,0,'ENABLED','120708','SAN PEDRO DE CAJAS',NULL,'UG_DISTRITO',446),(1601,'2023-01-23 07:58:15',NULL,NULL,NULL,0,'ENABLED','120709','TAPO',NULL,'UG_DISTRITO',446),(1602,'2023-01-23 07:58:15',NULL,NULL,NULL,0,'ENABLED','120801','LA OROYA',NULL,'UG_DISTRITO',451),(1603,'2023-01-23 07:58:15',NULL,NULL,NULL,0,'ENABLED','120802','CHACAPALPA',NULL,'UG_DISTRITO',451),(1604,'2023-01-23 07:58:15',NULL,NULL,NULL,0,'ENABLED','120803','HUAY-HUAY',NULL,'UG_DISTRITO',451),(1605,'2023-01-23 07:58:15',NULL,NULL,NULL,0,'ENABLED','120804','MARCAPOMACOCHA',NULL,'UG_DISTRITO',451),(1606,'2023-01-23 07:58:15',NULL,NULL,NULL,0,'ENABLED','120805','MOROCOCHA',NULL,'UG_DISTRITO',451),(1607,'2023-01-23 07:58:15',NULL,NULL,NULL,0,'ENABLED','120806','PACCHA',NULL,'UG_DISTRITO',451),(1608,'2023-01-23 07:58:15',NULL,NULL,NULL,0,'ENABLED','120807','SANTA BARBARA DE CARHUACAYAN',NULL,'UG_DISTRITO',451),(1609,'2023-01-23 07:58:15',NULL,NULL,NULL,0,'ENABLED','120808','SANTA ROSA DE SACCO',NULL,'UG_DISTRITO',451),(1610,'2023-01-23 07:58:15',NULL,NULL,NULL,0,'ENABLED','120809','SUITUCANCHA',NULL,'UG_DISTRITO',451),(1611,'2023-01-23 07:58:15',NULL,NULL,NULL,0,'ENABLED','120810','YAULI',NULL,'UG_DISTRITO',451),(1612,'2023-01-23 07:58:15',NULL,NULL,NULL,0,'ENABLED','120901','CHUPACA',NULL,'UG_DISTRITO',458),(1613,'2023-01-23 07:58:15',NULL,NULL,NULL,0,'ENABLED','120902','AHUAC',NULL,'UG_DISTRITO',458),(1614,'2023-01-23 07:58:15',NULL,NULL,NULL,0,'ENABLED','120903','CHONGOS BAJO',NULL,'UG_DISTRITO',458),(1615,'2023-01-23 07:58:15',NULL,NULL,NULL,0,'ENABLED','120904','HUACHAC',NULL,'UG_DISTRITO',458),(1616,'2023-01-23 07:58:15',NULL,NULL,NULL,0,'ENABLED','120905','HUAMANCACA CHICO',NULL,'UG_DISTRITO',458),(1617,'2023-01-23 07:58:15',NULL,NULL,NULL,0,'ENABLED','120906','SAN JUAN DE YSCOS',NULL,'UG_DISTRITO',458),(1618,'2023-01-23 07:58:15',NULL,NULL,NULL,0,'ENABLED','120907','SAN JUAN DE JARPA',NULL,'UG_DISTRITO',458),(1619,'2023-01-23 07:58:15',NULL,NULL,NULL,0,'ENABLED','120908','TRES DE DICIEMBRE',NULL,'UG_DISTRITO',458),(1620,'2023-01-23 07:58:15',NULL,NULL,NULL,0,'ENABLED','120909','YANACANCHA',NULL,'UG_DISTRITO',458),(1621,'2023-01-23 07:58:15',NULL,NULL,NULL,0,'ENABLED','130101','TRUJILLO',NULL,'UG_DISTRITO',464),(1622,'2023-01-23 07:58:15',NULL,NULL,NULL,0,'ENABLED','130102','EL PORVENIR',NULL,'UG_DISTRITO',464),(1623,'2023-01-23 07:58:15',NULL,NULL,NULL,0,'ENABLED','130103','FLORENCIA DE MORA',NULL,'UG_DISTRITO',464),(1624,'2023-01-23 07:58:15',NULL,NULL,NULL,0,'ENABLED','130104','HUANCHACO',NULL,'UG_DISTRITO',464),(1625,'2023-01-23 07:58:15',NULL,NULL,NULL,0,'ENABLED','130105','LA ESPERANZA',NULL,'UG_DISTRITO',464),(1626,'2023-01-23 07:58:15',NULL,NULL,NULL,0,'ENABLED','130106','LAREDO',NULL,'UG_DISTRITO',464),(1627,'2023-01-23 07:58:15',NULL,NULL,NULL,0,'ENABLED','130107','MOCHE',NULL,'UG_DISTRITO',464),(1628,'2023-01-23 07:58:15',NULL,NULL,NULL,0,'ENABLED','130108','POROTO',NULL,'UG_DISTRITO',464),(1629,'2023-01-23 07:58:15',NULL,NULL,NULL,0,'ENABLED','130109','SALAVERRY',NULL,'UG_DISTRITO',464),(1630,'2023-01-23 07:58:15',NULL,NULL,NULL,0,'ENABLED','130110','SIMBAL',NULL,'UG_DISTRITO',464),(1631,'2023-01-23 07:58:15',NULL,NULL,NULL,0,'ENABLED','130111','VICTOR LARCO HERRERA',NULL,'UG_DISTRITO',464),(1632,'2023-01-23 07:58:15',NULL,NULL,NULL,0,'ENABLED','130201','ASCOPE',NULL,'UG_DISTRITO',471),(1633,'2023-01-23 07:58:15',NULL,NULL,NULL,0,'ENABLED','130202','CHICAMA',NULL,'UG_DISTRITO',471),(1634,'2023-01-23 07:58:15',NULL,NULL,NULL,0,'ENABLED','130203','CHOCOPE',NULL,'UG_DISTRITO',471),(1635,'2023-01-23 07:58:15',NULL,NULL,NULL,0,'ENABLED','130204','MAGDALENA DE CAO',NULL,'UG_DISTRITO',471),(1636,'2023-01-23 07:58:15',NULL,NULL,NULL,0,'ENABLED','130205','PAIJAN',NULL,'UG_DISTRITO',471),(1637,'2023-01-23 07:58:15',NULL,NULL,NULL,0,'ENABLED','130206','RAZURI',NULL,'UG_DISTRITO',471),(1638,'2023-01-23 07:58:15',NULL,NULL,NULL,0,'ENABLED','130207','SANTIAGO DE CAO',NULL,'UG_DISTRITO',471),(1639,'2023-01-23 07:58:15',NULL,NULL,NULL,0,'ENABLED','130208','CASA GRANDE',NULL,'UG_DISTRITO',471),(1640,'2023-01-23 07:58:15',NULL,NULL,NULL,0,'ENABLED','130301','BOLIVAR',NULL,'UG_DISTRITO',477),(1641,'2023-01-23 07:58:15',NULL,NULL,NULL,0,'ENABLED','130302','BAMBAMARCA',NULL,'UG_DISTRITO',477),(1642,'2023-01-23 07:58:15',NULL,NULL,NULL,0,'ENABLED','130303','CONDORMARCA',NULL,'UG_DISTRITO',477),(1643,'2023-01-23 07:58:15',NULL,NULL,NULL,0,'ENABLED','130304','LONGOTEA',NULL,'UG_DISTRITO',477),(1644,'2023-01-23 07:58:15',NULL,NULL,NULL,0,'ENABLED','130305','UCHUMARCA',NULL,'UG_DISTRITO',477),(1645,'2023-01-23 07:58:15',NULL,NULL,NULL,0,'ENABLED','130306','UCUNCHA',NULL,'UG_DISTRITO',477),(1646,'2023-01-23 07:58:15',NULL,NULL,NULL,0,'ENABLED','130401','CHEPEN',NULL,'UG_DISTRITO',481),(1647,'2023-01-23 07:58:15',NULL,NULL,NULL,0,'ENABLED','130402','PACANGA',NULL,'UG_DISTRITO',481),(1648,'2023-01-23 07:58:15',NULL,NULL,NULL,0,'ENABLED','130403','PUEBLO NUEVO',NULL,'UG_DISTRITO',481),(1649,'2023-01-23 07:58:15',NULL,NULL,NULL,0,'ENABLED','130501','JULCAN',NULL,'UG_DISTRITO',482),(1650,'2023-01-23 07:58:15',NULL,NULL,NULL,0,'ENABLED','130502','CALAMARCA',NULL,'UG_DISTRITO',482),(1651,'2023-01-23 07:58:15',NULL,NULL,NULL,0,'ENABLED','130503','CARABAMBA',NULL,'UG_DISTRITO',482),(1652,'2023-01-23 07:58:15',NULL,NULL,NULL,0,'ENABLED','130504','HUASO',NULL,'UG_DISTRITO',482),(1653,'2023-01-23 07:58:15',NULL,NULL,NULL,0,'ENABLED','130601','OTUZCO',NULL,'UG_DISTRITO',484),(1654,'2023-01-23 07:58:15',NULL,NULL,NULL,0,'ENABLED','130602','AGALLPAMPA',NULL,'UG_DISTRITO',484),(1655,'2023-01-23 07:58:15',NULL,NULL,NULL,0,'ENABLED','130604','CHARAT',NULL,'UG_DISTRITO',484),(1656,'2023-01-23 07:58:15',NULL,NULL,NULL,0,'ENABLED','130605','HUARANCHAL',NULL,'UG_DISTRITO',484),(1657,'2023-01-23 07:58:15',NULL,NULL,NULL,0,'ENABLED','130606','LA CUESTA',NULL,'UG_DISTRITO',484),(1658,'2023-01-23 07:58:15',NULL,NULL,NULL,0,'ENABLED','130608','MACHE',NULL,'UG_DISTRITO',484),(1659,'2023-01-23 07:58:15',NULL,NULL,NULL,0,'ENABLED','130610','PARANDAY',NULL,'UG_DISTRITO',484),(1660,'2023-01-23 07:58:15',NULL,NULL,NULL,0,'ENABLED','130611','SALPO',NULL,'UG_DISTRITO',484),(1661,'2023-01-23 07:58:15',NULL,NULL,NULL,0,'ENABLED','130613','SINSICAP',NULL,'UG_DISTRITO',484),(1662,'2023-01-23 07:58:15',NULL,NULL,NULL,0,'ENABLED','130614','USQUIL',NULL,'UG_DISTRITO',484),(1663,'2023-01-23 07:58:15',NULL,NULL,NULL,0,'ENABLED','130701','SAN PEDRO DE LLOC',NULL,'UG_DISTRITO',490),(1664,'2023-01-23 07:58:15',NULL,NULL,NULL,0,'ENABLED','130702','GUADALUPE',NULL,'UG_DISTRITO',490),(1665,'2023-01-23 07:58:15',NULL,NULL,NULL,0,'ENABLED','130703','JEQUETEPEQUE',NULL,'UG_DISTRITO',490),(1666,'2023-01-23 07:58:15',NULL,NULL,NULL,0,'ENABLED','130704','PACASMAYO',NULL,'UG_DISTRITO',490),(1667,'2023-01-23 07:58:15',NULL,NULL,NULL,0,'ENABLED','130705','SAN JOSE',NULL,'UG_DISTRITO',490),(1668,'2023-01-23 07:58:15',NULL,NULL,NULL,0,'ENABLED','130801','TAYABAMBA',NULL,'UG_DISTRITO',494),(1669,'2023-01-23 07:58:15',NULL,NULL,NULL,0,'ENABLED','130802','BULDIBUYO',NULL,'UG_DISTRITO',494),(1670,'2023-01-23 07:58:15',NULL,NULL,NULL,0,'ENABLED','130803','CHILLIA',NULL,'UG_DISTRITO',494),(1671,'2023-01-23 07:58:15',NULL,NULL,NULL,0,'ENABLED','130804','HUANCASPATA',NULL,'UG_DISTRITO',494),(1672,'2023-01-23 07:58:15',NULL,NULL,NULL,0,'ENABLED','130805','HUAYLILLAS',NULL,'UG_DISTRITO',494),(1673,'2023-01-23 07:58:15',NULL,NULL,NULL,0,'ENABLED','130806','HUAYO',NULL,'UG_DISTRITO',494),(1674,'2023-01-23 07:58:15',NULL,NULL,NULL,0,'ENABLED','130807','ONGON',NULL,'UG_DISTRITO',494),(1675,'2023-01-23 07:58:15',NULL,NULL,NULL,0,'ENABLED','130808','PARCOY',NULL,'UG_DISTRITO',494),(1676,'2023-01-23 07:58:15',NULL,NULL,NULL,0,'ENABLED','130809','PATAZ',NULL,'UG_DISTRITO',494),(1677,'2023-01-23 07:58:15',NULL,NULL,NULL,0,'ENABLED','130810','PIAS',NULL,'UG_DISTRITO',494),(1678,'2023-01-23 07:58:15',NULL,NULL,NULL,0,'ENABLED','130811','SANTIAGO DE CHALLAS',NULL,'UG_DISTRITO',494),(1679,'2023-01-23 07:58:15',NULL,NULL,NULL,0,'ENABLED','130812','TAURIJA',NULL,'UG_DISTRITO',494),(1680,'2023-01-23 07:58:15',NULL,NULL,NULL,0,'ENABLED','130813','URPAY',NULL,'UG_DISTRITO',494),(1681,'2023-01-23 07:58:15',NULL,NULL,NULL,0,'ENABLED','130901','HUAMACHUCO',NULL,'UG_DISTRITO',503),(1682,'2023-01-23 07:58:15',NULL,NULL,NULL,0,'ENABLED','130902','CHUGAY',NULL,'UG_DISTRITO',503),(1683,'2023-01-23 07:58:15',NULL,NULL,NULL,0,'ENABLED','130903','COCHORCO',NULL,'UG_DISTRITO',503),(1684,'2023-01-23 07:58:15',NULL,NULL,NULL,0,'ENABLED','130904','CURGOS',NULL,'UG_DISTRITO',503),(1685,'2023-01-23 07:58:15',NULL,NULL,NULL,0,'ENABLED','130905','MARCABAL',NULL,'UG_DISTRITO',503),(1686,'2023-01-23 07:58:15',NULL,NULL,NULL,0,'ENABLED','130906','SANAGORAN',NULL,'UG_DISTRITO',503),(1687,'2023-01-23 07:58:15',NULL,NULL,NULL,0,'ENABLED','130907','SARIN',NULL,'UG_DISTRITO',503),(1688,'2023-01-23 07:58:15',NULL,NULL,NULL,0,'ENABLED','130908','SARTIMBAMBA',NULL,'UG_DISTRITO',503),(1689,'2023-01-23 07:58:15',NULL,NULL,NULL,0,'ENABLED','131001','SANTIAGO DE CHUCO',NULL,'UG_DISTRITO',508),(1690,'2023-01-23 07:58:15',NULL,NULL,NULL,0,'ENABLED','131002','ANGASMARCA',NULL,'UG_DISTRITO',508),(1691,'2023-01-23 07:58:15',NULL,NULL,NULL,0,'ENABLED','131003','CACHICADAN',NULL,'UG_DISTRITO',508),(1692,'2023-01-23 07:58:15',NULL,NULL,NULL,0,'ENABLED','131004','MOLLEBAMBA',NULL,'UG_DISTRITO',508),(1693,'2023-01-23 07:58:15',NULL,NULL,NULL,0,'ENABLED','131005','MOLLEPATA',NULL,'UG_DISTRITO',508),(1694,'2023-01-23 07:58:15',NULL,NULL,NULL,0,'ENABLED','131006','QUIRUVILCA',NULL,'UG_DISTRITO',508),(1695,'2023-01-23 07:58:15',NULL,NULL,NULL,0,'ENABLED','131007','SANTA CRUZ DE CHUCA',NULL,'UG_DISTRITO',508),(1696,'2023-01-23 07:58:15',NULL,NULL,NULL,0,'ENABLED','131008','SITABAMBA',NULL,'UG_DISTRITO',508),(1697,'2023-01-23 07:58:15',NULL,NULL,NULL,0,'ENABLED','131101','CASCAS',NULL,'UG_DISTRITO',514),(1698,'2023-01-23 07:58:15',NULL,NULL,NULL,0,'ENABLED','131102','LUCMA',NULL,'UG_DISTRITO',514),(1699,'2023-01-23 07:58:15',NULL,NULL,NULL,0,'ENABLED','131103','MARMOT',NULL,'UG_DISTRITO',514),(1700,'2023-01-23 07:58:15',NULL,NULL,NULL,0,'ENABLED','131104','SAYAPULLO',NULL,'UG_DISTRITO',514),(1701,'2023-01-23 07:58:15',NULL,NULL,NULL,0,'ENABLED','131201','VIRU',NULL,'UG_DISTRITO',518),(1702,'2023-01-23 07:58:15',NULL,NULL,NULL,0,'ENABLED','131202','CHAO',NULL,'UG_DISTRITO',518),(1703,'2023-01-23 07:58:15',NULL,NULL,NULL,0,'ENABLED','131203','GUADALUPITO',NULL,'UG_DISTRITO',518),(1704,'2023-01-23 07:58:15',NULL,NULL,NULL,0,'ENABLED','140101','CHICLAYO',NULL,'UG_DISTRITO',521),(1705,'2023-01-23 07:58:15',NULL,NULL,NULL,0,'ENABLED','140102','CHONGOYAPE',NULL,'UG_DISTRITO',521),(1706,'2023-01-23 07:58:15',NULL,NULL,NULL,0,'ENABLED','140103','ETEN',NULL,'UG_DISTRITO',521),(1707,'2023-01-23 07:58:15',NULL,NULL,NULL,0,'ENABLED','140104','ETEN PUERTO',NULL,'UG_DISTRITO',521),(1708,'2023-01-23 07:58:15',NULL,NULL,NULL,0,'ENABLED','140105','JOSE LEONARDO ORTIZ',NULL,'UG_DISTRITO',521),(1709,'2023-01-23 07:58:15',NULL,NULL,NULL,0,'ENABLED','140106','LA VICTORIA',NULL,'UG_DISTRITO',521),(1710,'2023-01-23 07:58:15',NULL,NULL,NULL,0,'ENABLED','140107','LAGUNAS',NULL,'UG_DISTRITO',521),(1711,'2023-01-23 07:58:15',NULL,NULL,NULL,0,'ENABLED','140108','MONSEFU',NULL,'UG_DISTRITO',521),(1712,'2023-01-23 07:58:15',NULL,NULL,NULL,0,'ENABLED','140109','NUEVA ARICA',NULL,'UG_DISTRITO',521),(1713,'2023-01-23 07:58:15',NULL,NULL,NULL,0,'ENABLED','140110','OYOTUN',NULL,'UG_DISTRITO',521),(1714,'2023-01-23 07:58:15',NULL,NULL,NULL,0,'ENABLED','140111','PICSI',NULL,'UG_DISTRITO',521),(1715,'2023-01-23 07:58:15',NULL,NULL,NULL,0,'ENABLED','140112','PIMENTEL',NULL,'UG_DISTRITO',521),(1716,'2023-01-23 07:58:15',NULL,NULL,NULL,0,'ENABLED','140113','REQUE',NULL,'UG_DISTRITO',521),(1717,'2023-01-23 07:58:15',NULL,NULL,NULL,0,'ENABLED','140114','SANTA ROSA',NULL,'UG_DISTRITO',521),(1718,'2023-01-23 07:58:15',NULL,NULL,NULL,0,'ENABLED','140115','SAA',NULL,'UG_DISTRITO',521),(1719,'2023-01-23 07:58:15',NULL,NULL,NULL,0,'ENABLED','140116','CAYALTI',NULL,'UG_DISTRITO',521),(1720,'2023-01-23 07:58:15',NULL,NULL,NULL,0,'ENABLED','140117','PATAPO',NULL,'UG_DISTRITO',521),(1721,'2023-01-23 07:58:15',NULL,NULL,NULL,0,'ENABLED','140118','POMALCA',NULL,'UG_DISTRITO',521),(1722,'2023-01-23 07:58:15',NULL,NULL,NULL,0,'ENABLED','140119','PUCALA',NULL,'UG_DISTRITO',521),(1723,'2023-01-23 07:58:15',NULL,NULL,NULL,0,'ENABLED','140120','TUMAN',NULL,'UG_DISTRITO',521),(1724,'2023-01-23 07:58:15',NULL,NULL,NULL,0,'ENABLED','140201','FERREAFE',NULL,'UG_DISTRITO',533),(1725,'2023-01-23 07:58:15',NULL,NULL,NULL,0,'ENABLED','140202','CAARIS',NULL,'UG_DISTRITO',533),(1726,'2023-01-23 07:58:15',NULL,NULL,NULL,0,'ENABLED','140203','INCAHUASI',NULL,'UG_DISTRITO',533),(1727,'2023-01-23 07:58:15',NULL,NULL,NULL,0,'ENABLED','140204','MANUEL ANTONIO MESONES MURO',NULL,'UG_DISTRITO',533),(1728,'2023-01-23 07:58:15',NULL,NULL,NULL,0,'ENABLED','140205','PITIPO',NULL,'UG_DISTRITO',533),(1729,'2023-01-23 07:58:15',NULL,NULL,NULL,0,'ENABLED','140206','PUEBLO NUEVO',NULL,'UG_DISTRITO',533),(1730,'2023-01-23 07:58:15',NULL,NULL,NULL,0,'ENABLED','140301','LAMBAYEQUE',NULL,'UG_DISTRITO',538),(1731,'2023-01-23 07:58:15',NULL,NULL,NULL,0,'ENABLED','140302','CHOCHOPE',NULL,'UG_DISTRITO',538),(1732,'2023-01-23 07:58:15',NULL,NULL,NULL,0,'ENABLED','140303','ILLIMO',NULL,'UG_DISTRITO',538),(1733,'2023-01-23 07:58:15',NULL,NULL,NULL,0,'ENABLED','140304','JAYANCA',NULL,'UG_DISTRITO',538),(1734,'2023-01-23 07:58:15',NULL,NULL,NULL,0,'ENABLED','140305','MOCHUMI',NULL,'UG_DISTRITO',538),(1735,'2023-01-23 07:58:15',NULL,NULL,NULL,0,'ENABLED','140306','MORROPE',NULL,'UG_DISTRITO',538),(1736,'2023-01-23 07:58:15',NULL,NULL,NULL,0,'ENABLED','140307','MOTUPE',NULL,'UG_DISTRITO',538),(1737,'2023-01-23 07:58:15',NULL,NULL,NULL,0,'ENABLED','140308','OLMOS',NULL,'UG_DISTRITO',538),(1738,'2023-01-23 07:58:15',NULL,NULL,NULL,0,'ENABLED','140309','PACORA',NULL,'UG_DISTRITO',538),(1739,'2023-01-23 07:58:15',NULL,NULL,NULL,0,'ENABLED','140310','SALAS',NULL,'UG_DISTRITO',538),(1740,'2023-01-23 07:58:15',NULL,NULL,NULL,0,'ENABLED','140311','SAN JOSE',NULL,'UG_DISTRITO',538),(1741,'2023-01-23 07:58:15',NULL,NULL,NULL,0,'ENABLED','140312','TUCUME',NULL,'UG_DISTRITO',538),(1742,'2023-01-23 07:58:15',NULL,NULL,NULL,0,'ENABLED','150101','LIMA',NULL,'UG_DISTRITO',545),(1743,'2023-01-23 07:58:15',NULL,NULL,NULL,0,'ENABLED','150102','ANCON',NULL,'UG_DISTRITO',545),(1744,'2023-01-23 07:58:15',NULL,NULL,NULL,0,'ENABLED','150103','ATE',NULL,'UG_DISTRITO',545),(1745,'2023-01-23 07:58:15',NULL,NULL,NULL,0,'ENABLED','150104','BARRANCO',NULL,'UG_DISTRITO',545),(1746,'2023-01-23 07:58:15',NULL,NULL,NULL,0,'ENABLED','150105','BREA',NULL,'UG_DISTRITO',545),(1747,'2023-01-23 07:58:15',NULL,NULL,NULL,0,'ENABLED','150106','CARABAYLLO',NULL,'UG_DISTRITO',545),(1748,'2023-01-23 07:58:15',NULL,NULL,NULL,0,'ENABLED','150107','CHACLACAYO',NULL,'UG_DISTRITO',545),(1749,'2023-01-23 07:58:15',NULL,NULL,NULL,0,'ENABLED','150108','CHORRILLOS',NULL,'UG_DISTRITO',545),(1750,'2023-01-23 07:58:15',NULL,NULL,NULL,0,'ENABLED','150109','CIENEGUILLA',NULL,'UG_DISTRITO',545),(1751,'2023-01-23 07:58:15',NULL,NULL,NULL,0,'ENABLED','150110','COMAS',NULL,'UG_DISTRITO',545),(1752,'2023-01-23 07:58:15',NULL,NULL,NULL,0,'ENABLED','150111','EL AGUSTINO',NULL,'UG_DISTRITO',545),(1753,'2023-01-23 07:58:15',NULL,NULL,NULL,0,'ENABLED','150112','INDEPENDENCIA',NULL,'UG_DISTRITO',545),(1754,'2023-01-23 07:58:15',NULL,NULL,NULL,0,'ENABLED','150113','JESUS MARIA',NULL,'UG_DISTRITO',545),(1755,'2023-01-23 07:58:15',NULL,NULL,NULL,0,'ENABLED','150114','LA MOLINA',NULL,'UG_DISTRITO',545),(1756,'2023-01-23 07:58:15',NULL,NULL,NULL,0,'ENABLED','150115','LA VICTORIA',NULL,'UG_DISTRITO',545),(1757,'2023-01-23 07:58:15',NULL,NULL,NULL,0,'ENABLED','150116','LINCE',NULL,'UG_DISTRITO',545),(1758,'2023-01-23 07:58:15',NULL,NULL,NULL,0,'ENABLED','150117','LOS OLIVOS',NULL,'UG_DISTRITO',545),(1759,'2023-01-23 07:58:15',NULL,NULL,NULL,0,'ENABLED','150118','LURIGANCHO',NULL,'UG_DISTRITO',545),(1760,'2023-01-23 07:58:15',NULL,NULL,NULL,0,'ENABLED','150119','LURIN',NULL,'UG_DISTRITO',545),(1761,'2023-01-23 07:58:15',NULL,NULL,NULL,0,'ENABLED','150120','MAGDALENA DEL MAR',NULL,'UG_DISTRITO',545),(1762,'2023-01-23 07:58:15',NULL,NULL,NULL,0,'ENABLED','150121','PUEBLO LIBRE',NULL,'UG_DISTRITO',545),(1763,'2023-01-23 07:58:15',NULL,NULL,NULL,0,'ENABLED','150122','MIRAFLORES',NULL,'UG_DISTRITO',545),(1764,'2023-01-23 07:58:15',NULL,NULL,NULL,0,'ENABLED','150123','PACHACAMAC',NULL,'UG_DISTRITO',545),(1765,'2023-01-23 07:58:15',NULL,NULL,NULL,0,'ENABLED','150124','PUCUSANA',NULL,'UG_DISTRITO',545),(1766,'2023-01-23 07:58:15',NULL,NULL,NULL,0,'ENABLED','150125','PUENTE PIEDRA',NULL,'UG_DISTRITO',545),(1767,'2023-01-23 07:58:15',NULL,NULL,NULL,0,'ENABLED','150126','PUNTA HERMOSA',NULL,'UG_DISTRITO',545),(1768,'2023-01-23 07:58:15',NULL,NULL,NULL,0,'ENABLED','150127','PUNTA NEGRA',NULL,'UG_DISTRITO',545),(1769,'2023-01-23 07:58:15',NULL,NULL,NULL,0,'ENABLED','150128','RIMAC',NULL,'UG_DISTRITO',545),(1770,'2023-01-23 07:58:15',NULL,NULL,NULL,0,'ENABLED','150129','SAN BARTOLO',NULL,'UG_DISTRITO',545),(1771,'2023-01-23 07:58:15',NULL,NULL,NULL,0,'ENABLED','150130','SAN BORJA',NULL,'UG_DISTRITO',545),(1772,'2023-01-23 07:58:15',NULL,NULL,NULL,0,'ENABLED','150131','SAN ISIDRO',NULL,'UG_DISTRITO',545),(1773,'2023-01-23 07:58:15',NULL,NULL,NULL,0,'ENABLED','150132','SAN JUAN DE LURIGANCHO',NULL,'UG_DISTRITO',545),(1774,'2023-01-23 07:58:15',NULL,NULL,NULL,0,'ENABLED','150133','SAN JUAN DE MIRAFLORES',NULL,'UG_DISTRITO',545),(1775,'2023-01-23 07:58:15',NULL,NULL,NULL,0,'ENABLED','150134','SAN LUIS',NULL,'UG_DISTRITO',545),(1776,'2023-01-23 07:58:15',NULL,NULL,NULL,0,'ENABLED','150135','SAN MARTIN DE PORRES',NULL,'UG_DISTRITO',545),(1777,'2023-01-23 07:58:15',NULL,NULL,NULL,0,'ENABLED','150136','SAN MIGUEL',NULL,'UG_DISTRITO',545),(1778,'2023-01-23 07:58:15',NULL,NULL,NULL,0,'ENABLED','150137','SANTA ANITA',NULL,'UG_DISTRITO',545),(1779,'2023-01-23 07:58:15',NULL,NULL,NULL,0,'ENABLED','150138','SANTA MARIA DEL MAR',NULL,'UG_DISTRITO',545),(1780,'2023-01-23 07:58:15',NULL,NULL,NULL,0,'ENABLED','150139','SANTA ROSA',NULL,'UG_DISTRITO',545),(1781,'2023-01-23 07:58:15',NULL,NULL,NULL,0,'ENABLED','150140','SANTIAGO DE SURCO',NULL,'UG_DISTRITO',545),(1782,'2023-01-23 07:58:15',NULL,NULL,NULL,0,'ENABLED','150141','SURQUILLO',NULL,'UG_DISTRITO',545),(1783,'2023-01-23 07:58:15',NULL,NULL,NULL,0,'ENABLED','150142','VILLA EL SALVADOR',NULL,'UG_DISTRITO',545),(1784,'2023-01-23 07:58:15',NULL,NULL,NULL,0,'ENABLED','150143','VILLA MARIA DEL TRIUNFO',NULL,'UG_DISTRITO',545),(1785,'2023-01-23 07:58:15',NULL,NULL,NULL,0,'ENABLED','150201','BARRANCA',NULL,'UG_DISTRITO',569),(1786,'2023-01-23 07:58:15',NULL,NULL,NULL,0,'ENABLED','150202','PARAMONGA',NULL,'UG_DISTRITO',569),(1787,'2023-01-23 07:58:15',NULL,NULL,NULL,0,'ENABLED','150203','PATIVILCA',NULL,'UG_DISTRITO',569),(1788,'2023-01-23 07:58:15',NULL,NULL,NULL,0,'ENABLED','150204','SUPE',NULL,'UG_DISTRITO',569),(1789,'2023-01-23 07:58:15',NULL,NULL,NULL,0,'ENABLED','150205','SUPE PUERTO',NULL,'UG_DISTRITO',569),(1790,'2023-01-23 07:58:15',NULL,NULL,NULL,0,'ENABLED','150301','CAJATAMBO',NULL,'UG_DISTRITO',572),(1791,'2023-01-23 07:58:15',NULL,NULL,NULL,0,'ENABLED','150302','COPA',NULL,'UG_DISTRITO',572),(1792,'2023-01-23 07:58:15',NULL,NULL,NULL,0,'ENABLED','150303','GORGOR',NULL,'UG_DISTRITO',572),(1793,'2023-01-23 07:58:15',NULL,NULL,NULL,0,'ENABLED','150304','HUANCAPON',NULL,'UG_DISTRITO',572),(1794,'2023-01-23 07:58:15',NULL,NULL,NULL,0,'ENABLED','150305','MANAS',NULL,'UG_DISTRITO',572),(1795,'2023-01-23 07:58:15',NULL,NULL,NULL,0,'ENABLED','150401','CANTA',NULL,'UG_DISTRITO',577),(1796,'2023-01-23 07:58:15',NULL,NULL,NULL,0,'ENABLED','150402','ARAHUAY',NULL,'UG_DISTRITO',577),(1797,'2023-01-23 07:58:15',NULL,NULL,NULL,0,'ENABLED','150403','HUAMANTANGA',NULL,'UG_DISTRITO',577),(1798,'2023-01-23 07:58:15',NULL,NULL,NULL,0,'ENABLED','150404','HUAROS',NULL,'UG_DISTRITO',577),(1799,'2023-01-23 07:58:15',NULL,NULL,NULL,0,'ENABLED','150405','LACHAQUI',NULL,'UG_DISTRITO',577),(1800,'2023-01-23 07:58:15',NULL,NULL,NULL,0,'ENABLED','150406','SAN BUENAVENTURA',NULL,'UG_DISTRITO',577),(1801,'2023-01-23 07:58:15',NULL,NULL,NULL,0,'ENABLED','150407','SANTA ROSA DE QUIVES',NULL,'UG_DISTRITO',577),(1802,'2023-01-23 07:58:15',NULL,NULL,NULL,0,'ENABLED','150501','SAN VICENTE DE CAETE',NULL,'UG_DISTRITO',581),(1803,'2023-01-23 07:58:15',NULL,NULL,NULL,0,'ENABLED','150502','ASIA',NULL,'UG_DISTRITO',581),(1804,'2023-01-23 07:58:15',NULL,NULL,NULL,0,'ENABLED','150503','CALANGO',NULL,'UG_DISTRITO',581),(1805,'2023-01-23 07:58:15',NULL,NULL,NULL,0,'ENABLED','150504','CERRO AZUL',NULL,'UG_DISTRITO',581),(1806,'2023-01-23 07:58:15',NULL,NULL,NULL,0,'ENABLED','150505','CHILCA',NULL,'UG_DISTRITO',581),(1807,'2023-01-23 07:58:15',NULL,NULL,NULL,0,'ENABLED','150506','COAYLLO',NULL,'UG_DISTRITO',581),(1808,'2023-01-23 07:58:15',NULL,NULL,NULL,0,'ENABLED','150507','IMPERIAL',NULL,'UG_DISTRITO',581),(1809,'2023-01-23 07:58:15',NULL,NULL,NULL,0,'ENABLED','150508','LUNAHUANA',NULL,'UG_DISTRITO',581),(1810,'2023-01-23 07:58:15',NULL,NULL,NULL,0,'ENABLED','150509','MALA',NULL,'UG_DISTRITO',581),(1811,'2023-01-23 07:58:15',NULL,NULL,NULL,0,'ENABLED','150510','NUEVO IMPERIAL',NULL,'UG_DISTRITO',581),(1812,'2023-01-23 07:58:15',NULL,NULL,NULL,0,'ENABLED','150511','PACARAN',NULL,'UG_DISTRITO',581),(1813,'2023-01-23 07:58:15',NULL,NULL,NULL,0,'ENABLED','150512','QUILMANA',NULL,'UG_DISTRITO',581),(1814,'2023-01-23 07:58:15',NULL,NULL,NULL,0,'ENABLED','150513','SAN ANTONIO',NULL,'UG_DISTRITO',581),(1815,'2023-01-23 07:58:15',NULL,NULL,NULL,0,'ENABLED','150514','SAN LUIS',NULL,'UG_DISTRITO',581),(1816,'2023-01-23 07:58:15',NULL,NULL,NULL,0,'ENABLED','150515','SANTA CRUZ DE FLORES',NULL,'UG_DISTRITO',581),(1817,'2023-01-23 07:58:15',NULL,NULL,NULL,0,'ENABLED','150516','ZUIGA',NULL,'UG_DISTRITO',581),(1818,'2023-01-23 07:58:15',NULL,NULL,NULL,0,'ENABLED','150601','HUARAL',NULL,'UG_DISTRITO',591),(1819,'2023-01-23 07:58:15',NULL,NULL,NULL,0,'ENABLED','150602','ATAVILLOS ALTO',NULL,'UG_DISTRITO',591),(1820,'2023-01-23 07:58:15',NULL,NULL,NULL,0,'ENABLED','150603','ATAVILLOS BAJO',NULL,'UG_DISTRITO',591),(1821,'2023-01-23 07:58:15',NULL,NULL,NULL,0,'ENABLED','150604','AUCALLAMA',NULL,'UG_DISTRITO',591),(1822,'2023-01-23 07:58:15',NULL,NULL,NULL,0,'ENABLED','150605','CHANCAY',NULL,'UG_DISTRITO',591),(1823,'2023-01-23 07:58:15',NULL,NULL,NULL,0,'ENABLED','150606','IHUARI',NULL,'UG_DISTRITO',591),(1824,'2023-01-23 07:58:15',NULL,NULL,NULL,0,'ENABLED','150607','LAMPIAN',NULL,'UG_DISTRITO',591),(1825,'2023-01-23 07:58:15',NULL,NULL,NULL,0,'ENABLED','150608','PACARAOS',NULL,'UG_DISTRITO',591),(1826,'2023-01-23 07:58:15',NULL,NULL,NULL,0,'ENABLED','150609','SAN MIGUEL DE ACOS',NULL,'UG_DISTRITO',591),(1827,'2023-01-23 07:58:15',NULL,NULL,NULL,0,'ENABLED','150610','SANTA CRUZ DE ANDAMARCA',NULL,'UG_DISTRITO',591),(1828,'2023-01-23 07:58:15',NULL,NULL,NULL,0,'ENABLED','150611','SUMBILCA',NULL,'UG_DISTRITO',591),(1829,'2023-01-23 07:58:15',NULL,NULL,NULL,0,'ENABLED','150612','VEINTISIETE DE NOVIEMBRE',NULL,'UG_DISTRITO',591),(1830,'2023-01-23 07:58:15',NULL,NULL,NULL,0,'ENABLED','150701','MATUCANA',NULL,'UG_DISTRITO',599),(1831,'2023-01-23 07:58:15',NULL,NULL,NULL,0,'ENABLED','150702','ANTIOQUIA',NULL,'UG_DISTRITO',599),(1832,'2023-01-23 07:58:15',NULL,NULL,NULL,0,'ENABLED','150703','CALLAHUANCA',NULL,'UG_DISTRITO',599),(1833,'2023-01-23 07:58:15',NULL,NULL,NULL,0,'ENABLED','150704','CARAMPOMA',NULL,'UG_DISTRITO',599),(1834,'2023-01-23 07:58:15',NULL,NULL,NULL,0,'ENABLED','150705','CHICLA',NULL,'UG_DISTRITO',599),(1835,'2023-01-23 07:58:15',NULL,NULL,NULL,0,'ENABLED','150706','CUENCA',NULL,'UG_DISTRITO',599),(1836,'2023-01-23 07:58:15',NULL,NULL,NULL,0,'ENABLED','150707','HUACHUPAMPA',NULL,'UG_DISTRITO',599),(1837,'2023-01-23 07:58:15',NULL,NULL,NULL,0,'ENABLED','150708','HUANZA',NULL,'UG_DISTRITO',599),(1838,'2023-01-23 07:58:15',NULL,NULL,NULL,0,'ENABLED','150709','HUAROCHIRI',NULL,'UG_DISTRITO',599),(1839,'2023-01-23 07:58:15',NULL,NULL,NULL,0,'ENABLED','150710','LAHUAYTAMBO',NULL,'UG_DISTRITO',599),(1840,'2023-01-23 07:58:15',NULL,NULL,NULL,0,'ENABLED','150711','LANGA',NULL,'UG_DISTRITO',599),(1841,'2023-01-23 07:58:15',NULL,NULL,NULL,0,'ENABLED','150712','LARAOS',NULL,'UG_DISTRITO',599),(1842,'2023-01-23 07:58:15',NULL,NULL,NULL,0,'ENABLED','150713','MARIATANA',NULL,'UG_DISTRITO',599),(1843,'2023-01-23 07:58:15',NULL,NULL,NULL,0,'ENABLED','150714','RICARDO PALMA',NULL,'UG_DISTRITO',599),(1844,'2023-01-23 07:58:15',NULL,NULL,NULL,0,'ENABLED','150715','SAN ANDRES DE TUPICOCHA',NULL,'UG_DISTRITO',599),(1845,'2023-01-23 07:58:15',NULL,NULL,NULL,0,'ENABLED','150716','SAN ANTONIO',NULL,'UG_DISTRITO',599),(1846,'2023-01-23 07:58:15',NULL,NULL,NULL,0,'ENABLED','150717','SAN BARTOLOME',NULL,'UG_DISTRITO',599),(1847,'2023-01-23 07:58:15',NULL,NULL,NULL,0,'ENABLED','150718','SAN DAMIAN',NULL,'UG_DISTRITO',599),(1848,'2023-01-23 07:58:15',NULL,NULL,NULL,0,'ENABLED','150719','SAN JUAN DE IRIS',NULL,'UG_DISTRITO',599),(1849,'2023-01-23 07:58:15',NULL,NULL,NULL,0,'ENABLED','150720','SAN JUAN DE TANTARANCHE',NULL,'UG_DISTRITO',599),(1850,'2023-01-23 07:58:15',NULL,NULL,NULL,0,'ENABLED','150721','SAN LORENZO DE QUINTI',NULL,'UG_DISTRITO',599),(1851,'2023-01-23 07:58:15',NULL,NULL,NULL,0,'ENABLED','150722','SAN MATEO',NULL,'UG_DISTRITO',599),(1852,'2023-01-23 07:58:15',NULL,NULL,NULL,0,'ENABLED','150723','SAN MATEO DE OTAO',NULL,'UG_DISTRITO',599),(1853,'2023-01-23 07:58:15',NULL,NULL,NULL,0,'ENABLED','150724','SAN PEDRO DE CASTA',NULL,'UG_DISTRITO',599),(1854,'2023-01-23 07:58:15',NULL,NULL,NULL,0,'ENABLED','150725','SAN PEDRO DE HUANCAYRE',NULL,'UG_DISTRITO',599),(1855,'2023-01-23 07:58:15',NULL,NULL,NULL,0,'ENABLED','150726','SANGALLAYA',NULL,'UG_DISTRITO',599),(1856,'2023-01-23 07:58:15',NULL,NULL,NULL,0,'ENABLED','150727','SANTA CRUZ DE COCACHACRA',NULL,'UG_DISTRITO',599),(1857,'2023-01-23 07:58:15',NULL,NULL,NULL,0,'ENABLED','150728','SANTA EULALIA',NULL,'UG_DISTRITO',599),(1858,'2023-01-23 07:58:15',NULL,NULL,NULL,0,'ENABLED','150729','SANTIAGO DE ANCHUCAYA',NULL,'UG_DISTRITO',599),(1859,'2023-01-23 07:58:15',NULL,NULL,NULL,0,'ENABLED','150730','SANTIAGO DE TUNA',NULL,'UG_DISTRITO',599),(1860,'2023-01-23 07:58:15',NULL,NULL,NULL,0,'ENABLED','150731','SANTO DOMINGO DE LOS OLLEROS',NULL,'UG_DISTRITO',599),(1861,'2023-01-23 07:58:15',NULL,NULL,NULL,0,'ENABLED','150732','SURCO',NULL,'UG_DISTRITO',599),(1862,'2023-01-23 07:58:15',NULL,NULL,NULL,0,'ENABLED','150801','HUACHO',NULL,'UG_DISTRITO',614),(1863,'2023-01-23 07:58:15',NULL,NULL,NULL,0,'ENABLED','150802','AMBAR',NULL,'UG_DISTRITO',614),(1864,'2023-01-23 07:58:15',NULL,NULL,NULL,0,'ENABLED','150803','CALETA DE CARQUIN',NULL,'UG_DISTRITO',614),(1865,'2023-01-23 07:58:15',NULL,NULL,NULL,0,'ENABLED','150804','CHECRAS',NULL,'UG_DISTRITO',614),(1866,'2023-01-23 07:58:15',NULL,NULL,NULL,0,'ENABLED','150805','HUALMAY',NULL,'UG_DISTRITO',614),(1867,'2023-01-23 07:58:15',NULL,NULL,NULL,0,'ENABLED','150806','HUAURA',NULL,'UG_DISTRITO',614),(1868,'2023-01-23 07:58:15',NULL,NULL,NULL,0,'ENABLED','150807','LEONCIO PRADO',NULL,'UG_DISTRITO',614),(1869,'2023-01-23 07:58:15',NULL,NULL,NULL,0,'ENABLED','150808','PACCHO',NULL,'UG_DISTRITO',614),(1870,'2023-01-23 07:58:15',NULL,NULL,NULL,0,'ENABLED','150809','SANTA LEONOR',NULL,'UG_DISTRITO',614),(1871,'2023-01-23 07:58:15',NULL,NULL,NULL,0,'ENABLED','150810','SANTA MARIA',NULL,'UG_DISTRITO',614),(1872,'2023-01-23 07:58:15',NULL,NULL,NULL,0,'ENABLED','150811','SAYAN',NULL,'UG_DISTRITO',614),(1873,'2023-01-23 07:58:15',NULL,NULL,NULL,0,'ENABLED','150812','VEGUETA',NULL,'UG_DISTRITO',614),(1874,'2023-01-23 07:58:15',NULL,NULL,NULL,0,'ENABLED','150901','OYON',NULL,'UG_DISTRITO',622),(1875,'2023-01-23 07:58:15',NULL,NULL,NULL,0,'ENABLED','150902','ANDAJES',NULL,'UG_DISTRITO',622),(1876,'2023-01-23 07:58:15',NULL,NULL,NULL,0,'ENABLED','150903','CAUJUL',NULL,'UG_DISTRITO',622),(1877,'2023-01-23 07:58:15',NULL,NULL,NULL,0,'ENABLED','150904','COCHAMARCA',NULL,'UG_DISTRITO',622),(1878,'2023-01-23 07:58:15',NULL,NULL,NULL,0,'ENABLED','150905','NAVAN',NULL,'UG_DISTRITO',622),(1879,'2023-01-23 07:58:16',NULL,NULL,NULL,0,'ENABLED','150906','PACHANGARA',NULL,'UG_DISTRITO',622),(1880,'2023-01-23 07:58:16',NULL,NULL,NULL,0,'ENABLED','151001','YAUYOS',NULL,'UG_DISTRITO',625),(1881,'2023-01-23 07:58:16',NULL,NULL,NULL,0,'ENABLED','151002','ALIS',NULL,'UG_DISTRITO',625),(1882,'2023-01-23 07:58:16',NULL,NULL,NULL,0,'ENABLED','151003','AYAUCA',NULL,'UG_DISTRITO',625),(1883,'2023-01-23 07:58:16',NULL,NULL,NULL,0,'ENABLED','151004','AYAVIRI',NULL,'UG_DISTRITO',625),(1884,'2023-01-23 07:58:16',NULL,NULL,NULL,0,'ENABLED','151005','AZANGARO',NULL,'UG_DISTRITO',625),(1885,'2023-01-23 07:58:16',NULL,NULL,NULL,0,'ENABLED','151006','CACRA',NULL,'UG_DISTRITO',625),(1886,'2023-01-23 07:58:16',NULL,NULL,NULL,0,'ENABLED','151007','CARANIA',NULL,'UG_DISTRITO',625),(1887,'2023-01-23 07:58:16',NULL,NULL,NULL,0,'ENABLED','151008','CATAHUASI',NULL,'UG_DISTRITO',625),(1888,'2023-01-23 07:58:16',NULL,NULL,NULL,0,'ENABLED','151009','CHOCOS',NULL,'UG_DISTRITO',625),(1889,'2023-01-23 07:58:16',NULL,NULL,NULL,0,'ENABLED','151010','COCHAS',NULL,'UG_DISTRITO',625),(1890,'2023-01-23 07:58:16',NULL,NULL,NULL,0,'ENABLED','151011','COLONIA',NULL,'UG_DISTRITO',625),(1891,'2023-01-23 07:58:16',NULL,NULL,NULL,0,'ENABLED','151012','HONGOS',NULL,'UG_DISTRITO',625),(1892,'2023-01-23 07:58:16',NULL,NULL,NULL,0,'ENABLED','151013','HUAMPARA',NULL,'UG_DISTRITO',625),(1893,'2023-01-23 07:58:16',NULL,NULL,NULL,0,'ENABLED','151014','HUANCAYA',NULL,'UG_DISTRITO',625),(1894,'2023-01-23 07:58:16',NULL,NULL,NULL,0,'ENABLED','151015','HUANGASCAR',NULL,'UG_DISTRITO',625),(1895,'2023-01-23 07:58:16',NULL,NULL,NULL,0,'ENABLED','151016','HUANTAN',NULL,'UG_DISTRITO',625),(1896,'2023-01-23 07:58:16',NULL,NULL,NULL,0,'ENABLED','151017','HUAEC',NULL,'UG_DISTRITO',625),(1897,'2023-01-23 07:58:16',NULL,NULL,NULL,0,'ENABLED','151018','LARAOS',NULL,'UG_DISTRITO',625),(1898,'2023-01-23 07:58:16',NULL,NULL,NULL,0,'ENABLED','151019','LINCHA',NULL,'UG_DISTRITO',625),(1899,'2023-01-23 07:58:16',NULL,NULL,NULL,0,'ENABLED','151020','MADEAN',NULL,'UG_DISTRITO',625),(1900,'2023-01-23 07:58:16',NULL,NULL,NULL,0,'ENABLED','151021','MIRAFLORES',NULL,'UG_DISTRITO',625),(1901,'2023-01-23 07:58:16',NULL,NULL,NULL,0,'ENABLED','151022','OMAS',NULL,'UG_DISTRITO',625),(1902,'2023-01-23 07:58:16',NULL,NULL,NULL,0,'ENABLED','151023','PUTINZA',NULL,'UG_DISTRITO',625),(1903,'2023-01-23 07:58:16',NULL,NULL,NULL,0,'ENABLED','151024','QUINCHES',NULL,'UG_DISTRITO',625),(1904,'2023-01-23 07:58:16',NULL,NULL,NULL,0,'ENABLED','151025','QUINOCAY',NULL,'UG_DISTRITO',625),(1905,'2023-01-23 07:58:16',NULL,NULL,NULL,0,'ENABLED','151026','SAN JOAQUIN',NULL,'UG_DISTRITO',625),(1906,'2023-01-23 07:58:16',NULL,NULL,NULL,0,'ENABLED','151027','SAN PEDRO DE PILAS',NULL,'UG_DISTRITO',625),(1907,'2023-01-23 07:58:16',NULL,NULL,NULL,0,'ENABLED','151028','TANTA',NULL,'UG_DISTRITO',625),(1908,'2023-01-23 07:58:16',NULL,NULL,NULL,0,'ENABLED','151029','TAURIPAMPA',NULL,'UG_DISTRITO',625),(1909,'2023-01-23 07:58:16',NULL,NULL,NULL,0,'ENABLED','151030','TOMAS',NULL,'UG_DISTRITO',625),(1910,'2023-01-23 07:58:16',NULL,NULL,NULL,0,'ENABLED','151031','TUPE',NULL,'UG_DISTRITO',625),(1911,'2023-01-23 07:58:16',NULL,NULL,NULL,0,'ENABLED','151032','VIAC',NULL,'UG_DISTRITO',625),(1912,'2023-01-23 07:58:16',NULL,NULL,NULL,0,'ENABLED','151033','VITIS',NULL,'UG_DISTRITO',625),(1913,'2023-01-23 07:58:16',NULL,NULL,NULL,0,'ENABLED','160101','IQUITOS',NULL,'UG_DISTRITO',642),(1914,'2023-01-23 07:58:16',NULL,NULL,NULL,0,'ENABLED','160102','ALTO NANAY',NULL,'UG_DISTRITO',642),(1915,'2023-01-23 07:58:16',NULL,NULL,NULL,0,'ENABLED','160103','FERNANDO LORES',NULL,'UG_DISTRITO',642),(1916,'2023-01-23 07:58:16',NULL,NULL,NULL,0,'ENABLED','160104','INDIANA',NULL,'UG_DISTRITO',642),(1917,'2023-01-23 07:58:16',NULL,NULL,NULL,0,'ENABLED','160105','LAS AMAZONAS',NULL,'UG_DISTRITO',642),(1918,'2023-01-23 07:58:16',NULL,NULL,NULL,0,'ENABLED','160106','MAZAN',NULL,'UG_DISTRITO',642),(1919,'2023-01-23 07:58:16',NULL,NULL,NULL,0,'ENABLED','160107','NAPO',NULL,'UG_DISTRITO',642),(1920,'2023-01-23 07:58:16',NULL,NULL,NULL,0,'ENABLED','160108','PUNCHANA',NULL,'UG_DISTRITO',642),(1921,'2023-01-23 07:58:16',NULL,NULL,NULL,0,'ENABLED','160110','TORRES CAUSANA',NULL,'UG_DISTRITO',642),(1922,'2023-01-23 07:58:16',NULL,NULL,NULL,0,'ENABLED','160112','BELEN',NULL,'UG_DISTRITO',642),(1923,'2023-01-23 07:58:16',NULL,NULL,NULL,0,'ENABLED','160113','SAN JUAN BAUTISTA',NULL,'UG_DISTRITO',642),(1924,'2023-01-23 07:58:16',NULL,NULL,NULL,0,'ENABLED','160201','YURIMAGUAS',NULL,'UG_DISTRITO',649),(1925,'2023-01-23 07:58:16',NULL,NULL,NULL,0,'ENABLED','160202','BALSAPUERTO',NULL,'UG_DISTRITO',649),(1926,'2023-01-23 07:58:16',NULL,NULL,NULL,0,'ENABLED','160205','JEBEROS',NULL,'UG_DISTRITO',649),(1927,'2023-01-23 07:58:16',NULL,NULL,NULL,0,'ENABLED','160206','LAGUNAS',NULL,'UG_DISTRITO',649),(1928,'2023-01-23 07:58:16',NULL,NULL,NULL,0,'ENABLED','240201','ZORRITOS',NULL,'UG_DISTRITO',652),(1929,'2023-01-23 07:58:16',NULL,NULL,NULL,0,'ENABLED','240202','CASITAS',NULL,'UG_DISTRITO',652),(1930,'2023-01-23 07:58:16',NULL,NULL,NULL,0,'ENABLED','240203','CANOAS DE PUNTA SAL',NULL,'UG_DISTRITO',652),(1931,'2023-01-23 07:58:16',NULL,NULL,NULL,0,'ENABLED','240301','ZARUMILLA',NULL,'UG_DISTRITO',656),(1932,'2023-01-23 07:58:16',NULL,NULL,NULL,0,'ENABLED','240302','AGUAS VERDES',NULL,'UG_DISTRITO',656),(1933,'2023-01-23 07:58:16',NULL,NULL,NULL,0,'ENABLED','240303','MATAPALO',NULL,'UG_DISTRITO',656),(1934,'2023-01-23 07:58:16',NULL,NULL,NULL,0,'ENABLED','240304','PAPAYAL',NULL,'UG_DISTRITO',656),(1935,'2023-01-23 07:58:16',NULL,NULL,NULL,0,'ENABLED','250101','CALLERIA',NULL,'UG_DISTRITO',659),(1936,'2023-01-23 07:58:16',NULL,NULL,NULL,0,'ENABLED','250102','CAMPOVERDE',NULL,'UG_DISTRITO',659),(1937,'2023-01-23 07:58:16',NULL,NULL,NULL,0,'ENABLED','250103','IPARIA',NULL,'UG_DISTRITO',659),(1938,'2023-01-23 07:58:16',NULL,NULL,NULL,0,'ENABLED','250104','MASISEA',NULL,'UG_DISTRITO',659),(1939,'2023-01-23 07:58:16',NULL,NULL,NULL,0,'ENABLED','250105','YARINACOCHA',NULL,'UG_DISTRITO',659),(1940,'2023-01-23 07:58:16',NULL,NULL,NULL,0,'ENABLED','250106','NUEVA REQUENA',NULL,'UG_DISTRITO',659),(1941,'2023-01-23 07:58:16',NULL,NULL,NULL,0,'ENABLED','250107','MANANTAY',NULL,'UG_DISTRITO',659),(1942,'2023-01-23 07:58:16',NULL,NULL,NULL,0,'ENABLED','250201','RAYMONDI',NULL,'UG_DISTRITO',664),(1943,'2023-01-23 07:58:16',NULL,NULL,NULL,0,'ENABLED','250202','SEPAHUA',NULL,'UG_DISTRITO',664),(1944,'2023-01-23 07:58:16',NULL,NULL,NULL,0,'ENABLED','250203','TAHUANIA',NULL,'UG_DISTRITO',664),(1945,'2023-01-23 07:58:16',NULL,NULL,NULL,0,'ENABLED','250204','YURUA',NULL,'UG_DISTRITO',664),(1946,'2023-01-23 07:58:16',NULL,NULL,NULL,0,'ENABLED','250301','PADRE ABAD',NULL,'UG_DISTRITO',667),(1947,'2023-01-23 07:58:16',NULL,NULL,NULL,0,'ENABLED','250302','IRAZOLA',NULL,'UG_DISTRITO',667),(1948,'2023-01-23 07:58:16',NULL,NULL,NULL,0,'ENABLED','250303','CURIMANA',NULL,'UG_DISTRITO',667),(1949,'2023-01-23 07:58:16',NULL,NULL,NULL,0,'ENABLED','250304','NESHUYA',NULL,'UG_DISTRITO',667),(1950,'2023-01-23 07:58:16',NULL,NULL,NULL,0,'ENABLED','250305','ALEXANDER VON HUMBOLDT',NULL,'UG_DISTRITO',667),(1951,'2023-01-23 07:58:16',NULL,NULL,NULL,0,'ENABLED','250401','PURUS',NULL,'UG_DISTRITO',671),(1952,'2023-01-23 07:58:16',NULL,NULL,NULL,0,'ENABLED','050413','PUTIS',NULL,'UG_DISTRITO',312),(1953,'2023-01-23 07:58:16',NULL,NULL,NULL,0,'ENABLED','050512','UNION PROGRESO',NULL,'UG_DISTRITO',313),(1954,'2023-01-23 07:58:16',NULL,NULL,NULL,0,'ENABLED','050513','RIO MAGDALENA',NULL,'UG_DISTRITO',313),(1955,'2023-01-23 07:58:16',NULL,NULL,NULL,0,'ENABLED','050514','NINABAMBA',NULL,'UG_DISTRITO',313),(1956,'2023-01-23 07:58:16',NULL,NULL,NULL,0,'ENABLED','050515','PATIBAMBA',NULL,'UG_DISTRITO',313),(1957,'2023-01-23 07:58:16',NULL,NULL,NULL,0,'ENABLED','250306','HUIPOCA',NULL,'UG_DISTRITO',667),(1958,'2023-01-23 07:58:16',NULL,NULL,NULL,0,'ENABLED','250307','BOQUERON',NULL,'UG_DISTRITO',667),(1959,'2023-01-23 07:58:16',NULL,NULL,NULL,0,'ENABLED','180199','SAN ANTONIO',NULL,'UG_DISTRITO',677),(1960,'2023-01-23 07:58:16',NULL,NULL,NULL,0,'ENABLED','090724','LAMBRAS',NULL,'UG_DISTRITO',353),(1961,'2023-01-23 07:58:16',NULL,NULL,NULL,0,'ENABLED','090725','COCHABAMBA',NULL,'UG_DISTRITO',353),(1962,'2023-01-23 07:58:16',NULL,NULL,NULL,0,'ENABLED','150144','SANTA MARIA DE HUACHIPA',NULL,'UG_DISTRITO',545),(1963,'2023-01-23 07:58:16',NULL,NULL,NULL,0,'ENABLED','080915','KUMPIRUSHIATO',NULL,'UG_DISTRITO',342),(1964,'2023-01-23 07:58:16',NULL,NULL,NULL,0,'ENABLED','080916','CIELO PUNCO',NULL,'UG_DISTRITO',342),(1965,'2023-01-23 07:58:16',NULL,NULL,NULL,0,'ENABLED','080917','MANITEA',NULL,'UG_DISTRITO',342),(1966,'2023-01-23 07:58:16',NULL,NULL,NULL,0,'ENABLED','080918','UNION ASHNINKA',NULL,'UG_DISTRITO',342),(1967,'2023-01-23 07:58:16',NULL,NULL,NULL,0,'ENABLED','030612','AHUAYRO',NULL,'UG_DISTRITO',299),(1968,'2023-01-23 07:58:16',NULL,NULL,NULL,0,'ENABLED','221006','SANTA LUCIA',NULL,'UG_DISTRITO',682),(1969,'2023-01-23 07:58:16',NULL,NULL,NULL,0,'ENABLED','160109','PUTUMAYO',NULL,'UG_DISTRITO',642),(1970,'2023-01-23 07:58:16',NULL,NULL,NULL,0,'ENABLED','160114','TENIENTE MANUEL CLAVERO',NULL,'UG_DISTRITO',642),(1971,'2023-01-23 07:58:16',NULL,NULL,NULL,0,'ENABLED','160210','SANTA CRUZ',NULL,'UG_DISTRITO',649),(1972,'2023-01-23 07:58:16',NULL,NULL,NULL,0,'ENABLED','160211','TENIENTE CESAR LOPEZ ROJAS',NULL,'UG_DISTRITO',649),(1973,'2023-01-23 07:58:16',NULL,NULL,NULL,0,'ENABLED','160301','NAUTA',NULL,'UG_DISTRITO',686),(1974,'2023-01-23 07:58:16',NULL,NULL,NULL,0,'ENABLED','160302','PARINARI',NULL,'UG_DISTRITO',686),(1975,'2023-01-23 07:58:16',NULL,NULL,NULL,0,'ENABLED','160303','TIGRE',NULL,'UG_DISTRITO',686),(1976,'2023-01-23 07:58:16',NULL,NULL,NULL,0,'ENABLED','160304','TROMPETEROS',NULL,'UG_DISTRITO',686),(1977,'2023-01-23 07:58:16',NULL,NULL,NULL,0,'ENABLED','160305','URARINAS',NULL,'UG_DISTRITO',686),(1978,'2023-01-23 07:58:16',NULL,NULL,NULL,0,'ENABLED','160401','RAMON CASTILLA',NULL,'UG_DISTRITO',690),(1979,'2023-01-23 07:58:16',NULL,NULL,NULL,0,'ENABLED','160402','PEBAS',NULL,'UG_DISTRITO',690),(1980,'2023-01-23 07:58:16',NULL,NULL,NULL,0,'ENABLED','160403','YAVARI',NULL,'UG_DISTRITO',690),(1981,'2023-01-23 07:58:16',NULL,NULL,NULL,0,'ENABLED','160404','SAN PABLO',NULL,'UG_DISTRITO',690),(1982,'2023-01-23 07:58:16',NULL,NULL,NULL,0,'ENABLED','160501','REQUENA',NULL,'UG_DISTRITO',693),(1983,'2023-01-23 07:58:16',NULL,NULL,NULL,0,'ENABLED','160502','ALTO TAPICHE',NULL,'UG_DISTRITO',693),(1984,'2023-01-23 07:58:16',NULL,NULL,NULL,0,'ENABLED','160503','CAPELO',NULL,'UG_DISTRITO',693),(1985,'2023-01-23 07:58:16',NULL,NULL,NULL,0,'ENABLED','160504','EMILIO SAN MARTIN',NULL,'UG_DISTRITO',693),(1986,'2023-01-23 07:58:16',NULL,NULL,NULL,0,'ENABLED','160505','MAQUIA',NULL,'UG_DISTRITO',693),(1987,'2023-01-23 07:58:16',NULL,NULL,NULL,0,'ENABLED','160506','PUINAHUA',NULL,'UG_DISTRITO',693),(1988,'2023-01-23 07:58:16',NULL,NULL,NULL,0,'ENABLED','160507','SAQUENA',NULL,'UG_DISTRITO',693),(1989,'2023-01-23 07:58:16',NULL,NULL,NULL,0,'ENABLED','160508','SOPLIN',NULL,'UG_DISTRITO',693),(1990,'2023-01-23 07:58:16',NULL,NULL,NULL,0,'ENABLED','160509','TAPICHE',NULL,'UG_DISTRITO',693),(1991,'2023-01-23 07:58:16',NULL,NULL,NULL,0,'ENABLED','160510','JENARO HERRERA',NULL,'UG_DISTRITO',693),(1992,'2023-01-23 07:58:16',NULL,NULL,NULL,0,'ENABLED','160511','YAQUERANA',NULL,'UG_DISTRITO',693),(1993,'2023-01-23 07:58:16',NULL,NULL,NULL,0,'ENABLED','160601','CONTAMANA',NULL,'UG_DISTRITO',701),(1994,'2023-01-23 07:58:16',NULL,NULL,NULL,0,'ENABLED','160602','INAHUAYA',NULL,'UG_DISTRITO',701),(1995,'2023-01-23 07:58:16',NULL,NULL,NULL,0,'ENABLED','160603','PADRE MARQUEZ',NULL,'UG_DISTRITO',701),(1996,'2023-01-23 07:58:16',NULL,NULL,NULL,0,'ENABLED','160604','PAMPA HERMOSA',NULL,'UG_DISTRITO',701),(1997,'2023-01-23 07:58:16',NULL,NULL,NULL,0,'ENABLED','160605','SARAYACU',NULL,'UG_DISTRITO',701),(1998,'2023-01-23 07:58:16',NULL,NULL,NULL,0,'ENABLED','160606','VARGAS GUERRA',NULL,'UG_DISTRITO',701),(1999,'2023-01-23 07:58:16',NULL,NULL,NULL,0,'ENABLED','160701','BARRANCA',NULL,'UG_DISTRITO',705),(2000,'2023-01-23 07:58:16',NULL,NULL,NULL,0,'ENABLED','160702','CAHUAPANAS',NULL,'UG_DISTRITO',705),(2001,'2023-01-23 07:58:16',NULL,NULL,NULL,0,'ENABLED','160703','MANSERICHE',NULL,'UG_DISTRITO',705),(2002,'2023-01-23 07:58:16',NULL,NULL,NULL,0,'ENABLED','160704','MORONA',NULL,'UG_DISTRITO',705),(2003,'2023-01-23 07:58:16',NULL,NULL,NULL,0,'ENABLED','160705','PASTAZA',NULL,'UG_DISTRITO',705),(2004,'2023-01-23 07:58:16',NULL,NULL,NULL,0,'ENABLED','160706','ANDOAS',NULL,'UG_DISTRITO',705),(2005,'2023-01-23 07:58:16',NULL,NULL,NULL,0,'ENABLED','160801','PUTUMAYO',NULL,'UG_DISTRITO',710),(2006,'2023-01-23 07:58:16',NULL,NULL,NULL,0,'ENABLED','160802','ROSA PANDURO',NULL,'UG_DISTRITO',710),(2007,'2023-01-23 07:58:16',NULL,NULL,NULL,0,'ENABLED','160803','TENIENTE MANUEL CLAVERO',NULL,'UG_DISTRITO',710),(2008,'2023-01-23 07:58:16',NULL,NULL,NULL,0,'ENABLED','160804','YAGUAS',NULL,'UG_DISTRITO',710),(2009,'2023-01-23 07:58:16',NULL,NULL,NULL,0,'ENABLED','170101','TAMBOPATA',NULL,'UG_DISTRITO',714),(2010,'2023-01-23 07:58:16',NULL,NULL,NULL,0,'ENABLED','170102','INAMBARI',NULL,'UG_DISTRITO',714),(2011,'2023-01-23 07:58:16',NULL,NULL,NULL,0,'ENABLED','170103','LAS PIEDRAS',NULL,'UG_DISTRITO',714),(2012,'2023-01-23 07:58:16',NULL,NULL,NULL,0,'ENABLED','170104','LABERINTO',NULL,'UG_DISTRITO',714),(2013,'2023-01-23 07:58:16',NULL,NULL,NULL,0,'ENABLED','170201','MANU',NULL,'UG_DISTRITO',717),(2014,'2023-01-23 07:58:16',NULL,NULL,NULL,0,'ENABLED','170202','FITZCARRALD',NULL,'UG_DISTRITO',717),(2015,'2023-01-23 07:58:16',NULL,NULL,NULL,0,'ENABLED','170203','MADRE DE DIOS',NULL,'UG_DISTRITO',717),(2016,'2023-01-23 07:58:16',NULL,NULL,NULL,0,'ENABLED','170204','HUEPETUHE',NULL,'UG_DISTRITO',717),(2017,'2023-01-23 07:58:16',NULL,NULL,NULL,0,'ENABLED','170301','IAPARI',NULL,'UG_DISTRITO',720),(2018,'2023-01-23 07:58:16',NULL,NULL,NULL,0,'ENABLED','170302','IBERIA',NULL,'UG_DISTRITO',720),(2019,'2023-01-23 07:58:16',NULL,NULL,NULL,0,'ENABLED','170303','TAHUAMANU',NULL,'UG_DISTRITO',720),(2020,'2023-01-23 07:58:16',NULL,NULL,NULL,0,'ENABLED','180101','MOQUEGUA',NULL,'UG_DISTRITO',677),(2021,'2023-01-23 07:58:16',NULL,NULL,NULL,0,'ENABLED','180102','CARUMAS',NULL,'UG_DISTRITO',677),(2022,'2023-01-23 07:58:16',NULL,NULL,NULL,0,'ENABLED','180103','CUCHUMBAYA',NULL,'UG_DISTRITO',677),(2023,'2023-01-23 07:58:16',NULL,NULL,NULL,0,'ENABLED','180104','SAMEGUA',NULL,'UG_DISTRITO',677),(2024,'2023-01-23 07:58:16',NULL,NULL,NULL,0,'ENABLED','180105','SAN CRISTOBAL',NULL,'UG_DISTRITO',677),(2025,'2023-01-23 07:58:16',NULL,NULL,NULL,0,'ENABLED','180106','TORATA',NULL,'UG_DISTRITO',677),(2026,'2023-01-23 07:58:16',NULL,NULL,NULL,0,'ENABLED','180201','OMATE',NULL,'UG_DISTRITO',722),(2027,'2023-01-23 07:58:16',NULL,NULL,NULL,0,'ENABLED','180202','CHOJATA',NULL,'UG_DISTRITO',722),(2028,'2023-01-23 07:58:16',NULL,NULL,NULL,0,'ENABLED','180203','COALAQUE',NULL,'UG_DISTRITO',722),(2029,'2023-01-23 07:58:16',NULL,NULL,NULL,0,'ENABLED','180204','ICHUA',NULL,'UG_DISTRITO',722),(2030,'2023-01-23 07:58:16',NULL,NULL,NULL,0,'ENABLED','180205','LA CAPILLA',NULL,'UG_DISTRITO',722),(2031,'2023-01-23 07:58:16',NULL,NULL,NULL,0,'ENABLED','180206','LLOQUE',NULL,'UG_DISTRITO',722),(2032,'2023-01-23 07:58:16',NULL,NULL,NULL,0,'ENABLED','180207','MATALAQUE',NULL,'UG_DISTRITO',722),(2033,'2023-01-23 07:58:16',NULL,NULL,NULL,0,'ENABLED','180208','PUQUINA',NULL,'UG_DISTRITO',722),(2034,'2023-01-23 07:58:16',NULL,NULL,NULL,0,'ENABLED','180209','QUINISTAQUILLAS',NULL,'UG_DISTRITO',722),(2035,'2023-01-23 07:58:16',NULL,NULL,NULL,0,'ENABLED','180210','UBINAS',NULL,'UG_DISTRITO',722),(2036,'2023-01-23 07:58:16',NULL,NULL,NULL,0,'ENABLED','180211','YUNGA',NULL,'UG_DISTRITO',722),(2037,'2023-01-23 07:58:16',NULL,NULL,NULL,0,'ENABLED','180301','ILO',NULL,'UG_DISTRITO',728),(2038,'2023-01-23 07:58:16',NULL,NULL,NULL,0,'ENABLED','180302','EL ALGARROBAL',NULL,'UG_DISTRITO',728),(2039,'2023-01-23 07:58:16',NULL,NULL,NULL,0,'ENABLED','180303','PACOCHA',NULL,'UG_DISTRITO',728),(2040,'2023-01-23 07:58:16',NULL,NULL,NULL,0,'ENABLED','190101','CHAUPIMARCA',NULL,'UG_DISTRITO',731),(2041,'2023-01-23 07:58:16',NULL,NULL,NULL,0,'ENABLED','190102','HUACHON',NULL,'UG_DISTRITO',731),(2042,'2023-01-23 07:58:16',NULL,NULL,NULL,0,'ENABLED','190103','HUARIACA',NULL,'UG_DISTRITO',731),(2043,'2023-01-23 07:58:16',NULL,NULL,NULL,0,'ENABLED','190104','HUAYLLAY',NULL,'UG_DISTRITO',731),(2044,'2023-01-23 07:58:16',NULL,NULL,NULL,0,'ENABLED','190105','NINACACA',NULL,'UG_DISTRITO',731),(2045,'2023-01-23 07:58:16',NULL,NULL,NULL,0,'ENABLED','190106','PALLANCHACRA',NULL,'UG_DISTRITO',731),(2046,'2023-01-23 07:58:16',NULL,NULL,NULL,0,'ENABLED','190107','PAUCARTAMBO',NULL,'UG_DISTRITO',731),(2047,'2023-01-23 07:58:16',NULL,NULL,NULL,0,'ENABLED','190108','SAN FRANCISCO DE ASIS DE YARUSYACAN',NULL,'UG_DISTRITO',731),(2048,'2023-01-23 07:58:16',NULL,NULL,NULL,0,'ENABLED','190109','SIMON BOLIVAR',NULL,'UG_DISTRITO',731),(2049,'2023-01-23 07:58:16',NULL,NULL,NULL,0,'ENABLED','190110','TICLACAYAN',NULL,'UG_DISTRITO',731),(2050,'2023-01-23 07:58:16',NULL,NULL,NULL,0,'ENABLED','190111','TINYAHUARCO',NULL,'UG_DISTRITO',731),(2051,'2023-01-23 07:58:16',NULL,NULL,NULL,0,'ENABLED','190112','VICCO',NULL,'UG_DISTRITO',731),(2052,'2023-01-23 07:58:16',NULL,NULL,NULL,0,'ENABLED','190113','YANACANCHA',NULL,'UG_DISTRITO',731),(2053,'2023-01-23 07:58:16',NULL,NULL,NULL,0,'ENABLED','190201','YANAHUANCA',NULL,'UG_DISTRITO',739),(2054,'2023-01-23 07:58:16',NULL,NULL,NULL,0,'ENABLED','190202','CHACAYAN',NULL,'UG_DISTRITO',739),(2055,'2023-01-23 07:58:16',NULL,NULL,NULL,0,'ENABLED','190203','GOYLLARISQUIZGA',NULL,'UG_DISTRITO',739),(2056,'2023-01-23 07:58:16',NULL,NULL,NULL,0,'ENABLED','190204','PAUCAR',NULL,'UG_DISTRITO',739),(2057,'2023-01-23 07:58:16',NULL,NULL,NULL,0,'ENABLED','190205','SAN PEDRO DE PILLAO',NULL,'UG_DISTRITO',739),(2058,'2023-01-23 07:58:16',NULL,NULL,NULL,0,'ENABLED','190206','SANTA ANA DE TUSI',NULL,'UG_DISTRITO',739),(2059,'2023-01-23 07:58:16',NULL,NULL,NULL,0,'ENABLED','190207','TAPUC',NULL,'UG_DISTRITO',739),(2060,'2023-01-23 07:58:16',NULL,NULL,NULL,0,'ENABLED','190208','VILCABAMBA',NULL,'UG_DISTRITO',739),(2061,'2023-01-23 07:58:16',NULL,NULL,NULL,0,'ENABLED','190301','OXAPAMPA',NULL,'UG_DISTRITO',744),(2062,'2023-01-23 07:58:16',NULL,NULL,NULL,0,'ENABLED','190302','CHONTABAMBA',NULL,'UG_DISTRITO',744),(2063,'2023-01-23 07:58:16',NULL,NULL,NULL,0,'ENABLED','190303','HUANCABAMBA',NULL,'UG_DISTRITO',744),(2064,'2023-01-23 07:58:16',NULL,NULL,NULL,0,'ENABLED','190304','PALCAZU',NULL,'UG_DISTRITO',744),(2065,'2023-01-23 07:58:16',NULL,NULL,NULL,0,'ENABLED','190305','POZUZO',NULL,'UG_DISTRITO',744),(2066,'2023-01-23 07:58:16',NULL,NULL,NULL,0,'ENABLED','190306','PUERTO BERMUDEZ',NULL,'UG_DISTRITO',744),(2067,'2023-01-23 07:58:16',NULL,NULL,NULL,0,'ENABLED','190307','VILLA RICA',NULL,'UG_DISTRITO',744),(2068,'2023-01-23 07:58:16',NULL,NULL,NULL,0,'ENABLED','190308','CONSTITUCION',NULL,'UG_DISTRITO',744),(2069,'2023-01-23 07:58:16',NULL,NULL,NULL,0,'ENABLED','200101','PIURA',NULL,'UG_DISTRITO',749),(2070,'2023-01-23 07:58:16',NULL,NULL,NULL,0,'ENABLED','200104','CASTILLA',NULL,'UG_DISTRITO',749),(2071,'2023-01-23 07:58:16',NULL,NULL,NULL,0,'ENABLED','200105','CATACAOS',NULL,'UG_DISTRITO',749),(2072,'2023-01-23 07:58:16',NULL,NULL,NULL,0,'ENABLED','200107','CURA MORI',NULL,'UG_DISTRITO',749),(2073,'2023-01-23 07:58:16',NULL,NULL,NULL,0,'ENABLED','200108','EL TALLAN',NULL,'UG_DISTRITO',749),(2074,'2023-01-23 07:58:16',NULL,NULL,NULL,0,'ENABLED','200109','LA ARENA',NULL,'UG_DISTRITO',749),(2075,'2023-01-23 07:58:16',NULL,NULL,NULL,0,'ENABLED','200110','LA UNION',NULL,'UG_DISTRITO',749),(2076,'2023-01-23 07:58:16',NULL,NULL,NULL,0,'ENABLED','200111','LAS LOMAS',NULL,'UG_DISTRITO',749),(2077,'2023-01-23 07:58:16',NULL,NULL,NULL,0,'ENABLED','200114','TAMBO GRANDE',NULL,'UG_DISTRITO',749),(2078,'2023-01-23 07:58:16',NULL,NULL,NULL,0,'ENABLED','200115','VEINTISEIS DE OCTUBRE',NULL,'UG_DISTRITO',749),(2079,'2023-01-23 07:58:16',NULL,NULL,NULL,0,'ENABLED','200201','AYABACA',NULL,'UG_DISTRITO',755),(2080,'2023-01-23 07:58:16',NULL,NULL,NULL,0,'ENABLED','200202','FRIAS',NULL,'UG_DISTRITO',755),(2081,'2023-01-23 07:58:16',NULL,NULL,NULL,0,'ENABLED','200203','JILILI',NULL,'UG_DISTRITO',755),(2082,'2023-01-23 07:58:16',NULL,NULL,NULL,0,'ENABLED','200204','LAGUNAS',NULL,'UG_DISTRITO',755),(2083,'2023-01-23 07:58:16',NULL,NULL,NULL,0,'ENABLED','200205','MONTERO',NULL,'UG_DISTRITO',755),(2084,'2023-01-23 07:58:16',NULL,NULL,NULL,0,'ENABLED','200206','PACAIPAMPA',NULL,'UG_DISTRITO',755),(2085,'2023-01-23 07:58:16',NULL,NULL,NULL,0,'ENABLED','200207','PAIMAS',NULL,'UG_DISTRITO',755),(2086,'2023-01-23 07:58:16',NULL,NULL,NULL,0,'ENABLED','200208','SAPILLICA',NULL,'UG_DISTRITO',755),(2087,'2023-01-23 07:58:16',NULL,NULL,NULL,0,'ENABLED','200209','SICCHEZ',NULL,'UG_DISTRITO',755),(2088,'2023-01-23 07:58:16',NULL,NULL,NULL,0,'ENABLED','200210','SUYO',NULL,'UG_DISTRITO',755),(2089,'2023-01-23 07:58:16',NULL,NULL,NULL,0,'ENABLED','200301','HUANCABAMBA',NULL,'UG_DISTRITO',762),(2090,'2023-01-23 07:58:16',NULL,NULL,NULL,0,'ENABLED','200302','CANCHAQUE',NULL,'UG_DISTRITO',762),(2091,'2023-01-23 07:58:16',NULL,NULL,NULL,0,'ENABLED','200303','EL CARMEN DE LA FRONTERA',NULL,'UG_DISTRITO',762),(2092,'2023-01-23 07:58:16',NULL,NULL,NULL,0,'ENABLED','200304','HUARMACA',NULL,'UG_DISTRITO',762),(2093,'2023-01-23 07:58:16',NULL,NULL,NULL,0,'ENABLED','200305','LALAQUIZ',NULL,'UG_DISTRITO',762),(2094,'2023-01-23 07:58:16',NULL,NULL,NULL,0,'ENABLED','200306','SAN MIGUEL DE EL FAIQUE',NULL,'UG_DISTRITO',762),(2095,'2023-01-23 07:58:16',NULL,NULL,NULL,0,'ENABLED','200307','SONDOR',NULL,'UG_DISTRITO',762),(2096,'2023-01-23 07:58:16',NULL,NULL,NULL,0,'ENABLED','200308','SONDORILLO',NULL,'UG_DISTRITO',762),(2097,'2023-01-23 07:58:16',NULL,NULL,NULL,0,'ENABLED','200401','CHULUCANAS',NULL,'UG_DISTRITO',768),(2098,'2023-01-23 07:58:16',NULL,NULL,NULL,0,'ENABLED','200402','BUENOS AIRES',NULL,'UG_DISTRITO',768),(2099,'2023-01-23 07:58:16',NULL,NULL,NULL,0,'ENABLED','200403','CHALACO',NULL,'UG_DISTRITO',768),(2100,'2023-01-23 07:58:16',NULL,NULL,NULL,0,'ENABLED','200404','LA MATANZA',NULL,'UG_DISTRITO',768),(2101,'2023-01-23 07:58:16',NULL,NULL,NULL,0,'ENABLED','200405','MORROPON',NULL,'UG_DISTRITO',768),(2102,'2023-01-23 07:58:16',NULL,NULL,NULL,0,'ENABLED','200406','SALITRAL',NULL,'UG_DISTRITO',768),(2103,'2023-01-23 07:58:16',NULL,NULL,NULL,0,'ENABLED','200407','SAN JUAN DE BIGOTE',NULL,'UG_DISTRITO',768),(2104,'2023-01-23 07:58:16',NULL,NULL,NULL,0,'ENABLED','200408','SANTA CATALINA DE MOSSA',NULL,'UG_DISTRITO',768),(2105,'2023-01-23 07:58:16',NULL,NULL,NULL,0,'ENABLED','200409','SANTO DOMINGO',NULL,'UG_DISTRITO',768),(2106,'2023-01-23 07:58:16',NULL,NULL,NULL,0,'ENABLED','200410','YAMANGO',NULL,'UG_DISTRITO',768),(2107,'2023-01-23 07:58:16',NULL,NULL,NULL,0,'ENABLED','200501','PAITA',NULL,'UG_DISTRITO',774),(2108,'2023-01-23 07:58:16',NULL,NULL,NULL,0,'ENABLED','200502','AMOTAPE',NULL,'UG_DISTRITO',774),(2109,'2023-01-23 07:58:16',NULL,NULL,NULL,0,'ENABLED','200503','ARENAL',NULL,'UG_DISTRITO',774),(2110,'2023-01-23 07:58:16',NULL,NULL,NULL,0,'ENABLED','200504','COLAN',NULL,'UG_DISTRITO',774),(2111,'2023-01-23 07:58:16',NULL,NULL,NULL,0,'ENABLED','200505','LA HUACA',NULL,'UG_DISTRITO',774),(2112,'2023-01-23 07:58:16',NULL,NULL,NULL,0,'ENABLED','200506','TAMARINDO',NULL,'UG_DISTRITO',774),(2113,'2023-01-23 07:58:16',NULL,NULL,NULL,0,'ENABLED','200507','VICHAYAL',NULL,'UG_DISTRITO',774),(2114,'2023-01-23 07:58:16',NULL,NULL,NULL,0,'ENABLED','200601','SULLANA',NULL,'UG_DISTRITO',779),(2115,'2023-01-23 07:58:16',NULL,NULL,NULL,0,'ENABLED','200602','BELLAVISTA',NULL,'UG_DISTRITO',779),(2116,'2023-01-23 07:58:16',NULL,NULL,NULL,0,'ENABLED','200603','IGNACIO ESCUDERO',NULL,'UG_DISTRITO',779),(2117,'2023-01-23 07:58:16',NULL,NULL,NULL,0,'ENABLED','200604','LANCONES',NULL,'UG_DISTRITO',779),(2118,'2023-01-23 07:58:16',NULL,NULL,NULL,0,'ENABLED','200605','MARCAVELICA',NULL,'UG_DISTRITO',779),(2119,'2023-01-23 07:58:16',NULL,NULL,NULL,0,'ENABLED','200606','MIGUEL CHECA',NULL,'UG_DISTRITO',779),(2120,'2023-01-23 07:58:16',NULL,NULL,NULL,0,'ENABLED','200607','QUERECOTILLO',NULL,'UG_DISTRITO',779),(2121,'2023-01-23 07:58:16',NULL,NULL,NULL,0,'ENABLED','200608','SALITRAL',NULL,'UG_DISTRITO',779),(2122,'2023-01-23 07:58:16',NULL,NULL,NULL,0,'ENABLED','200701','PARIAS',NULL,'UG_DISTRITO',784),(2123,'2023-01-23 07:58:16',NULL,NULL,NULL,0,'ENABLED','200702','EL ALTO',NULL,'UG_DISTRITO',784),(2124,'2023-01-23 07:58:16',NULL,NULL,NULL,0,'ENABLED','200703','LA BREA',NULL,'UG_DISTRITO',784),(2125,'2023-01-23 07:58:16',NULL,NULL,NULL,0,'ENABLED','200704','LOBITOS',NULL,'UG_DISTRITO',784),(2126,'2023-01-23 07:58:16',NULL,NULL,NULL,0,'ENABLED','200705','LOS ORGANOS',NULL,'UG_DISTRITO',784),(2127,'2023-01-23 07:58:16',NULL,NULL,NULL,0,'ENABLED','200706','MANCORA',NULL,'UG_DISTRITO',784),(2128,'2023-01-23 07:58:16',NULL,NULL,NULL,0,'ENABLED','200801','SECHURA',NULL,'UG_DISTRITO',789),(2129,'2023-01-23 07:58:16',NULL,NULL,NULL,0,'ENABLED','200802','BELLAVISTA DE LA UNION',NULL,'UG_DISTRITO',789),(2130,'2023-01-23 07:58:16',NULL,NULL,NULL,0,'ENABLED','200803','BERNAL',NULL,'UG_DISTRITO',789),(2131,'2023-01-23 07:58:16',NULL,NULL,NULL,0,'ENABLED','200804','CRISTO NOS VALGA',NULL,'UG_DISTRITO',789),(2132,'2023-01-23 07:58:16',NULL,NULL,NULL,0,'ENABLED','200805','VICE',NULL,'UG_DISTRITO',789),(2133,'2023-01-23 07:58:16',NULL,NULL,NULL,0,'ENABLED','200806','RINCONADA LLICUAR',NULL,'UG_DISTRITO',789),(2134,'2023-01-23 07:58:16',NULL,NULL,NULL,0,'ENABLED','210101','PUNO',NULL,'UG_DISTRITO',793),(2135,'2023-01-23 07:58:16',NULL,NULL,NULL,0,'ENABLED','210102','ACORA',NULL,'UG_DISTRITO',793),(2136,'2023-01-23 07:58:16',NULL,NULL,NULL,0,'ENABLED','210103','AMANTANI',NULL,'UG_DISTRITO',793),(2137,'2023-01-23 07:58:16',NULL,NULL,NULL,0,'ENABLED','210104','ATUNCOLLA',NULL,'UG_DISTRITO',793),(2138,'2023-01-23 07:58:16',NULL,NULL,NULL,0,'ENABLED','210105','CAPACHICA',NULL,'UG_DISTRITO',793),(2139,'2023-01-23 07:58:16',NULL,NULL,NULL,0,'ENABLED','210106','CHUCUITO',NULL,'UG_DISTRITO',793),(2140,'2023-01-23 07:58:16',NULL,NULL,NULL,0,'ENABLED','210107','COATA',NULL,'UG_DISTRITO',793),(2141,'2023-01-23 07:58:16',NULL,NULL,NULL,0,'ENABLED','210108','HUATA',NULL,'UG_DISTRITO',793),(2142,'2023-01-23 07:58:16',NULL,NULL,NULL,0,'ENABLED','210109','MAAZO',NULL,'UG_DISTRITO',793),(2143,'2023-01-23 07:58:16',NULL,NULL,NULL,0,'ENABLED','210110','PAUCARCOLLA',NULL,'UG_DISTRITO',793),(2144,'2023-01-23 07:58:16',NULL,NULL,NULL,0,'ENABLED','210111','PICHACANI',NULL,'UG_DISTRITO',793),(2145,'2023-01-23 07:58:16',NULL,NULL,NULL,0,'ENABLED','210112','PLATERIA',NULL,'UG_DISTRITO',793),(2146,'2023-01-23 07:58:16',NULL,NULL,NULL,0,'ENABLED','210113','SAN ANTONIO',NULL,'UG_DISTRITO',793),(2147,'2023-01-23 07:58:16',NULL,NULL,NULL,0,'ENABLED','210114','TIQUILLACA',NULL,'UG_DISTRITO',793),(2148,'2023-01-23 07:58:16',NULL,NULL,NULL,0,'ENABLED','210115','VILQUE',NULL,'UG_DISTRITO',793),(2149,'2023-01-23 07:58:16',NULL,NULL,NULL,0,'ENABLED','210201','AZANGARO',NULL,'UG_DISTRITO',801),(2150,'2023-01-23 07:58:16',NULL,NULL,NULL,0,'ENABLED','210202','ACHAYA',NULL,'UG_DISTRITO',801),(2151,'2023-01-23 07:58:16',NULL,NULL,NULL,0,'ENABLED','210203','ARAPA',NULL,'UG_DISTRITO',801),(2152,'2023-01-23 07:58:16',NULL,NULL,NULL,0,'ENABLED','210204','ASILLO',NULL,'UG_DISTRITO',801),(2153,'2023-01-23 07:58:16',NULL,NULL,NULL,0,'ENABLED','210205','CAMINACA',NULL,'UG_DISTRITO',801),(2154,'2023-01-23 07:58:16',NULL,NULL,NULL,0,'ENABLED','210206','CHUPA',NULL,'UG_DISTRITO',801),(2155,'2023-01-23 07:58:16',NULL,NULL,NULL,0,'ENABLED','210207','JOSE DOMINGO CHOQUEHUANCA',NULL,'UG_DISTRITO',801),(2156,'2023-01-23 07:58:16',NULL,NULL,NULL,0,'ENABLED','210208','MUANI',NULL,'UG_DISTRITO',801),(2157,'2023-01-23 07:58:16',NULL,NULL,NULL,0,'ENABLED','210209','POTONI',NULL,'UG_DISTRITO',801),(2158,'2023-01-23 07:58:16',NULL,NULL,NULL,0,'ENABLED','210210','SAMAN',NULL,'UG_DISTRITO',801),(2159,'2023-01-23 07:58:16',NULL,NULL,NULL,0,'ENABLED','210211','SAN ANTON',NULL,'UG_DISTRITO',801),(2160,'2023-01-23 07:58:16',NULL,NULL,NULL,0,'ENABLED','210212','SAN JOSE',NULL,'UG_DISTRITO',801),(2161,'2023-01-23 07:58:16',NULL,NULL,NULL,0,'ENABLED','210213','SAN JUAN DE SALINAS',NULL,'UG_DISTRITO',801),(2162,'2023-01-23 07:58:16',NULL,NULL,NULL,0,'ENABLED','210214','SANTIAGO DE PUPUJA',NULL,'UG_DISTRITO',801),(2163,'2023-01-23 07:58:16',NULL,NULL,NULL,0,'ENABLED','210215','TIRAPATA',NULL,'UG_DISTRITO',801),(2164,'2023-01-23 07:58:16',NULL,NULL,NULL,0,'ENABLED','210301','MACUSANI',NULL,'UG_DISTRITO',810),(2165,'2023-01-23 07:58:16',NULL,NULL,NULL,0,'ENABLED','210302','AJOYANI',NULL,'UG_DISTRITO',810),(2166,'2023-01-23 07:58:16',NULL,NULL,NULL,0,'ENABLED','210303','AYAPATA',NULL,'UG_DISTRITO',810),(2167,'2023-01-23 07:58:16',NULL,NULL,NULL,0,'ENABLED','210304','COASA',NULL,'UG_DISTRITO',810),(2168,'2023-01-23 07:58:16',NULL,NULL,NULL,0,'ENABLED','210305','CORANI',NULL,'UG_DISTRITO',810),(2169,'2023-01-23 07:58:16',NULL,NULL,NULL,0,'ENABLED','210306','CRUCERO',NULL,'UG_DISTRITO',810),(2170,'2023-01-23 07:58:16',NULL,NULL,NULL,0,'ENABLED','210307','ITUATA',NULL,'UG_DISTRITO',810),(2171,'2023-01-23 07:58:16',NULL,NULL,NULL,0,'ENABLED','210308','OLLACHEA',NULL,'UG_DISTRITO',810),(2172,'2023-01-23 07:58:16',NULL,NULL,NULL,0,'ENABLED','210309','SAN GABAN',NULL,'UG_DISTRITO',810),(2173,'2023-01-23 07:58:16',NULL,NULL,NULL,0,'ENABLED','210310','USICAYOS',NULL,'UG_DISTRITO',810),(2174,'2023-01-23 07:58:16',NULL,NULL,NULL,0,'ENABLED','210401','JULI',NULL,'UG_DISTRITO',816),(2175,'2023-01-23 07:58:16',NULL,NULL,NULL,0,'ENABLED','210402','DESAGUADERO',NULL,'UG_DISTRITO',816),(2176,'2023-01-23 07:58:16',NULL,NULL,NULL,0,'ENABLED','210403','HUACULLANI',NULL,'UG_DISTRITO',816),(2177,'2023-01-23 07:58:16',NULL,NULL,NULL,0,'ENABLED','210404','KELLUYO',NULL,'UG_DISTRITO',816),(2178,'2023-01-23 07:58:16',NULL,NULL,NULL,0,'ENABLED','210405','PISACOMA',NULL,'UG_DISTRITO',816),(2179,'2023-01-23 07:58:16',NULL,NULL,NULL,0,'ENABLED','210406','POMATA',NULL,'UG_DISTRITO',816),(2180,'2023-01-23 07:58:16',NULL,NULL,NULL,0,'ENABLED','210407','ZEPITA',NULL,'UG_DISTRITO',816),(2181,'2023-01-23 07:58:16',NULL,NULL,NULL,0,'ENABLED','210501','ILAVE',NULL,'UG_DISTRITO',821),(2182,'2023-01-23 07:58:16',NULL,NULL,NULL,0,'ENABLED','210502','CAPAZO',NULL,'UG_DISTRITO',821),(2183,'2023-01-23 07:58:16',NULL,NULL,NULL,0,'ENABLED','210503','PILCUYO',NULL,'UG_DISTRITO',821),(2184,'2023-01-23 07:58:16',NULL,NULL,NULL,0,'ENABLED','210504','SANTA ROSA',NULL,'UG_DISTRITO',821),(2185,'2023-01-23 07:58:16',NULL,NULL,NULL,0,'ENABLED','210505','CONDURIRI',NULL,'UG_DISTRITO',821),(2186,'2023-01-23 07:58:16',NULL,NULL,NULL,0,'ENABLED','210601','HUANCANE',NULL,'UG_DISTRITO',825),(2187,'2023-01-23 07:58:16',NULL,NULL,NULL,0,'ENABLED','210602','COJATA',NULL,'UG_DISTRITO',825),(2188,'2023-01-23 07:58:16',NULL,NULL,NULL,0,'ENABLED','210603','HUATASANI',NULL,'UG_DISTRITO',825),(2189,'2023-01-23 07:58:16',NULL,NULL,NULL,0,'ENABLED','210604','INCHUPALLA',NULL,'UG_DISTRITO',825),(2190,'2023-01-23 07:58:16',NULL,NULL,NULL,0,'ENABLED','210605','PUSI',NULL,'UG_DISTRITO',825),(2191,'2023-01-23 07:58:16',NULL,NULL,NULL,0,'ENABLED','210606','ROSASPATA',NULL,'UG_DISTRITO',825),(2192,'2023-01-23 07:58:16',NULL,NULL,NULL,0,'ENABLED','210607','TARACO',NULL,'UG_DISTRITO',825),(2193,'2023-01-23 07:58:16',NULL,NULL,NULL,0,'ENABLED','210608','VILQUE CHICO',NULL,'UG_DISTRITO',825),(2194,'2023-01-23 07:58:16',NULL,NULL,NULL,0,'ENABLED','210701','LAMPA',NULL,'UG_DISTRITO',831),(2195,'2023-01-23 07:58:16',NULL,NULL,NULL,0,'ENABLED','210702','CABANILLA',NULL,'UG_DISTRITO',831),(2196,'2023-01-23 07:58:16',NULL,NULL,NULL,0,'ENABLED','210703','CALAPUJA',NULL,'UG_DISTRITO',831),(2197,'2023-01-23 07:58:16',NULL,NULL,NULL,0,'ENABLED','210704','NICASIO',NULL,'UG_DISTRITO',831),(2198,'2023-01-23 07:58:16',NULL,NULL,NULL,0,'ENABLED','210705','OCUVIRI',NULL,'UG_DISTRITO',831),(2199,'2023-01-23 07:58:16',NULL,NULL,NULL,0,'ENABLED','210706','PALCA',NULL,'UG_DISTRITO',831),(2200,'2023-01-23 07:58:16',NULL,NULL,NULL,0,'ENABLED','210707','PARATIA',NULL,'UG_DISTRITO',831),(2201,'2023-01-23 07:58:16',NULL,NULL,NULL,0,'ENABLED','210708','PUCARA',NULL,'UG_DISTRITO',831),(2202,'2023-01-23 07:58:16',NULL,NULL,NULL,0,'ENABLED','210709','SANTA LUCIA',NULL,'UG_DISTRITO',831),(2203,'2023-01-23 07:58:16',NULL,NULL,NULL,0,'ENABLED','210710','VILAVILA',NULL,'UG_DISTRITO',831),(2204,'2023-01-23 07:58:16',NULL,NULL,NULL,0,'ENABLED','210801','AYAVIRI',NULL,'UG_DISTRITO',837),(2205,'2023-01-23 07:58:16',NULL,NULL,NULL,0,'ENABLED','210802','ANTAUTA',NULL,'UG_DISTRITO',837),(2206,'2023-01-23 07:58:16',NULL,NULL,NULL,0,'ENABLED','210803','CUPI',NULL,'UG_DISTRITO',837),(2207,'2023-01-23 07:58:16',NULL,NULL,NULL,0,'ENABLED','210804','LLALLI',NULL,'UG_DISTRITO',837),(2208,'2023-01-23 07:58:16',NULL,NULL,NULL,0,'ENABLED','210805','MACARI',NULL,'UG_DISTRITO',837),(2209,'2023-01-23 07:58:16',NULL,NULL,NULL,0,'ENABLED','210806','NUOA',NULL,'UG_DISTRITO',837),(2210,'2023-01-23 07:58:16',NULL,NULL,NULL,0,'ENABLED','210807','ORURILLO',NULL,'UG_DISTRITO',837),(2211,'2023-01-23 07:58:16',NULL,NULL,NULL,0,'ENABLED','210808','SANTA ROSA',NULL,'UG_DISTRITO',837),(2212,'2023-01-23 07:58:16',NULL,NULL,NULL,0,'ENABLED','210809','UMACHIRI',NULL,'UG_DISTRITO',837),(2213,'2023-01-23 07:58:16',NULL,NULL,NULL,0,'ENABLED','210901','MOHO',NULL,'UG_DISTRITO',843),(2214,'2023-01-23 07:58:16',NULL,NULL,NULL,0,'ENABLED','210902','CONIMA',NULL,'UG_DISTRITO',843),(2215,'2023-01-23 07:58:16',NULL,NULL,NULL,0,'ENABLED','210903','HUAYRAPATA',NULL,'UG_DISTRITO',843),(2216,'2023-01-23 07:58:16',NULL,NULL,NULL,0,'ENABLED','210904','TILALI',NULL,'UG_DISTRITO',843),(2217,'2023-01-23 07:58:16',NULL,NULL,NULL,0,'ENABLED','211001','PUTINA',NULL,'UG_DISTRITO',844),(2218,'2023-01-23 07:58:16',NULL,NULL,NULL,0,'ENABLED','211002','ANANEA',NULL,'UG_DISTRITO',844),(2219,'2023-01-23 07:58:16',NULL,NULL,NULL,0,'ENABLED','211003','PEDRO VILCA APAZA',NULL,'UG_DISTRITO',844),(2220,'2023-01-23 07:58:16',NULL,NULL,NULL,0,'ENABLED','211004','QUILCAPUNCU',NULL,'UG_DISTRITO',844),(2221,'2023-01-23 07:58:16',NULL,NULL,NULL,0,'ENABLED','211005','SINA',NULL,'UG_DISTRITO',844),(2222,'2023-01-23 07:58:16',NULL,NULL,NULL,0,'ENABLED','211101','JULIACA',NULL,'UG_DISTRITO',848),(2223,'2023-01-23 07:58:16',NULL,NULL,NULL,0,'ENABLED','211102','CABANA',NULL,'UG_DISTRITO',848),(2224,'2023-01-23 07:58:16',NULL,NULL,NULL,0,'ENABLED','211103','CABANILLAS',NULL,'UG_DISTRITO',848),(2225,'2023-01-23 07:58:16',NULL,NULL,NULL,0,'ENABLED','211104','CARACOTO',NULL,'UG_DISTRITO',848),(2226,'2023-01-23 07:58:16',NULL,NULL,NULL,0,'ENABLED','211105','SAN MIGUEL',NULL,'UG_DISTRITO',848),(2227,'2023-01-23 07:58:16',NULL,NULL,NULL,0,'ENABLED','211201','SANDIA',NULL,'UG_DISTRITO',852),(2228,'2023-01-23 07:58:16',NULL,NULL,NULL,0,'ENABLED','211202','CUYOCUYO',NULL,'UG_DISTRITO',852),(2229,'2023-01-23 07:58:16',NULL,NULL,NULL,0,'ENABLED','211203','LIMBANI',NULL,'UG_DISTRITO',852),(2230,'2023-01-23 07:58:16',NULL,NULL,NULL,0,'ENABLED','211204','PATAMBUCO',NULL,'UG_DISTRITO',852),(2231,'2023-01-23 07:58:16',NULL,NULL,NULL,0,'ENABLED','211205','PHARA',NULL,'UG_DISTRITO',852),(2232,'2023-01-23 07:58:16',NULL,NULL,NULL,0,'ENABLED','211206','QUIACA',NULL,'UG_DISTRITO',852),(2233,'2023-01-23 07:58:16',NULL,NULL,NULL,0,'ENABLED','211207','SAN JUAN DEL ORO',NULL,'UG_DISTRITO',852),(2234,'2023-01-23 07:58:16',NULL,NULL,NULL,0,'ENABLED','211208','YANAHUAYA',NULL,'UG_DISTRITO',852),(2235,'2023-01-23 07:58:16',NULL,NULL,NULL,0,'ENABLED','211209','ALTO INAMBARI',NULL,'UG_DISTRITO',852),(2236,'2023-01-23 07:58:16',NULL,NULL,NULL,0,'ENABLED','211210','SAN PEDRO DE PUTINA PUNCO',NULL,'UG_DISTRITO',852),(2237,'2023-01-23 07:58:16',NULL,NULL,NULL,0,'ENABLED','211301','YUNGUYO',NULL,'UG_DISTRITO',859),(2238,'2023-01-23 07:58:16',NULL,NULL,NULL,0,'ENABLED','211302','ANAPIA',NULL,'UG_DISTRITO',859),(2239,'2023-01-23 07:58:16',NULL,NULL,NULL,0,'ENABLED','211303','COPANI',NULL,'UG_DISTRITO',859),(2240,'2023-01-23 07:58:16',NULL,NULL,NULL,0,'ENABLED','211304','CUTURAPI',NULL,'UG_DISTRITO',859),(2241,'2023-01-23 07:58:16',NULL,NULL,NULL,0,'ENABLED','211305','OLLARAYA',NULL,'UG_DISTRITO',859),(2242,'2023-01-23 07:58:16',NULL,NULL,NULL,0,'ENABLED','211306','TINICACHI',NULL,'UG_DISTRITO',859),(2243,'2023-01-23 07:58:16',NULL,NULL,NULL,0,'ENABLED','211307','UNICACHI',NULL,'UG_DISTRITO',859),(2244,'2023-01-23 07:58:16',NULL,NULL,NULL,0,'ENABLED','220101','MOYOBAMBA',NULL,'UG_DISTRITO',863),(2245,'2023-01-23 07:58:16',NULL,NULL,NULL,0,'ENABLED','220102','CALZADA',NULL,'UG_DISTRITO',863),(2246,'2023-01-23 07:58:16',NULL,NULL,NULL,0,'ENABLED','220103','HABANA',NULL,'UG_DISTRITO',863),(2247,'2023-01-23 07:58:16',NULL,NULL,NULL,0,'ENABLED','220104','JEPELACIO',NULL,'UG_DISTRITO',863),(2248,'2023-01-23 07:58:16',NULL,NULL,NULL,0,'ENABLED','220105','SORITOR',NULL,'UG_DISTRITO',863),(2249,'2023-01-23 07:58:16',NULL,NULL,NULL,0,'ENABLED','220106','YANTALO',NULL,'UG_DISTRITO',863),(2250,'2023-01-23 07:58:16',NULL,NULL,NULL,0,'ENABLED','220201','BELLAVISTA',NULL,'UG_DISTRITO',867),(2251,'2023-01-23 07:58:16',NULL,NULL,NULL,0,'ENABLED','220202','ALTO BIAVO',NULL,'UG_DISTRITO',867),(2252,'2023-01-23 07:58:16',NULL,NULL,NULL,0,'ENABLED','220203','BAJO BIAVO',NULL,'UG_DISTRITO',867),(2253,'2023-01-23 07:58:16',NULL,NULL,NULL,0,'ENABLED','220204','HUALLAGA',NULL,'UG_DISTRITO',867),(2254,'2023-01-23 07:58:16',NULL,NULL,NULL,0,'ENABLED','220205','SAN PABLO',NULL,'UG_DISTRITO',867),(2255,'2023-01-23 07:58:16',NULL,NULL,NULL,0,'ENABLED','220206','SAN RAFAEL',NULL,'UG_DISTRITO',867),(2256,'2023-01-23 07:58:16',NULL,NULL,NULL,0,'ENABLED','220301','SAN JOSE DE SISA',NULL,'UG_DISTRITO',872),(2257,'2023-01-23 07:58:16',NULL,NULL,NULL,0,'ENABLED','220302','AGUA BLANCA',NULL,'UG_DISTRITO',872),(2258,'2023-01-23 07:58:16',NULL,NULL,NULL,0,'ENABLED','220303','SAN MARTIN',NULL,'UG_DISTRITO',872),(2259,'2023-01-23 07:58:16',NULL,NULL,NULL,0,'ENABLED','220304','SANTA ROSA',NULL,'UG_DISTRITO',872),(2260,'2023-01-23 07:58:16',NULL,NULL,NULL,0,'ENABLED','220305','SHATOJA',NULL,'UG_DISTRITO',872),(2261,'2023-01-23 07:58:16',NULL,NULL,NULL,0,'ENABLED','220401','SAPOSOA',NULL,'UG_DISTRITO',876),(2262,'2023-01-23 07:58:16',NULL,NULL,NULL,0,'ENABLED','220402','ALTO SAPOSOA',NULL,'UG_DISTRITO',876),(2263,'2023-01-23 07:58:16',NULL,NULL,NULL,0,'ENABLED','220403','EL ESLABON',NULL,'UG_DISTRITO',876),(2264,'2023-01-23 07:58:16',NULL,NULL,NULL,0,'ENABLED','220404','PISCOYACU',NULL,'UG_DISTRITO',876),(2265,'2023-01-23 07:58:16',NULL,NULL,NULL,0,'ENABLED','220405','SACANCHE',NULL,'UG_DISTRITO',876),(2266,'2023-01-23 07:58:16',NULL,NULL,NULL,0,'ENABLED','220406','TINGO DE SAPOSOA',NULL,'UG_DISTRITO',876),(2267,'2023-01-23 07:58:16',NULL,NULL,NULL,0,'ENABLED','220501','LAMAS',NULL,'UG_DISTRITO',881),(2268,'2023-01-23 07:58:16',NULL,NULL,NULL,0,'ENABLED','220502','ALONSO DE ALVARADO',NULL,'UG_DISTRITO',881),(2269,'2023-01-23 07:58:16',NULL,NULL,NULL,0,'ENABLED','220503','BARRANQUITA',NULL,'UG_DISTRITO',881),(2270,'2023-01-23 07:58:16',NULL,NULL,NULL,0,'ENABLED','220504','CAYNARACHI',NULL,'UG_DISTRITO',881),(2271,'2023-01-23 07:58:16',NULL,NULL,NULL,0,'ENABLED','220505','CUUMBUQUI',NULL,'UG_DISTRITO',881),(2272,'2023-01-23 07:58:16',NULL,NULL,NULL,0,'ENABLED','220506','PINTO RECODO',NULL,'UG_DISTRITO',881),(2273,'2023-01-23 07:58:16',NULL,NULL,NULL,0,'ENABLED','220507','RUMISAPA',NULL,'UG_DISTRITO',881),(2274,'2023-01-23 07:58:16',NULL,NULL,NULL,0,'ENABLED','220508','SAN ROQUE DE CUMBAZA',NULL,'UG_DISTRITO',881),(2275,'2023-01-23 07:58:16',NULL,NULL,NULL,0,'ENABLED','220509','SHANAO',NULL,'UG_DISTRITO',881),(2276,'2023-01-23 07:58:16',NULL,NULL,NULL,0,'ENABLED','220510','TABALOSOS',NULL,'UG_DISTRITO',881),(2277,'2023-01-23 07:58:16',NULL,NULL,NULL,0,'ENABLED','220511','ZAPATERO',NULL,'UG_DISTRITO',881),(2278,'2023-01-23 07:58:16',NULL,NULL,NULL,0,'ENABLED','220601','JUANJUI',NULL,'UG_DISTRITO',888),(2279,'2023-01-23 07:58:16',NULL,NULL,NULL,0,'ENABLED','220602','CAMPANILLA',NULL,'UG_DISTRITO',888),(2280,'2023-01-23 07:58:16',NULL,NULL,NULL,0,'ENABLED','220603','HUICUNGO',NULL,'UG_DISTRITO',888),(2281,'2023-01-23 07:58:16',NULL,NULL,NULL,0,'ENABLED','220604','PACHIZA',NULL,'UG_DISTRITO',888),(2282,'2023-01-23 07:58:16',NULL,NULL,NULL,0,'ENABLED','220605','PAJARILLO',NULL,'UG_DISTRITO',888),(2283,'2023-01-23 07:58:16',NULL,NULL,NULL,0,'ENABLED','220701','PICOTA',NULL,'UG_DISTRITO',893),(2284,'2023-01-23 07:58:16',NULL,NULL,NULL,0,'ENABLED','220702','BUENOS AIRES',NULL,'UG_DISTRITO',893),(2285,'2023-01-23 07:58:16',NULL,NULL,NULL,0,'ENABLED','220703','CASPISAPA',NULL,'UG_DISTRITO',893),(2286,'2023-01-23 07:58:16',NULL,NULL,NULL,0,'ENABLED','220704','PILLUANA',NULL,'UG_DISTRITO',893),(2287,'2023-01-23 07:58:16',NULL,NULL,NULL,0,'ENABLED','220705','PUCACACA',NULL,'UG_DISTRITO',893),(2288,'2023-01-23 07:58:16',NULL,NULL,NULL,0,'ENABLED','220706','SAN CRISTOBAL',NULL,'UG_DISTRITO',893),(2289,'2023-01-23 07:58:16',NULL,NULL,NULL,0,'ENABLED','220707','SAN HILARION',NULL,'UG_DISTRITO',893),(2290,'2023-01-23 07:58:16',NULL,NULL,NULL,0,'ENABLED','220708','SHAMBOYACU',NULL,'UG_DISTRITO',893),(2291,'2023-01-23 07:58:16',NULL,NULL,NULL,0,'ENABLED','220709','TINGO DE PONASA',NULL,'UG_DISTRITO',893),(2292,'2023-01-23 07:58:16',NULL,NULL,NULL,0,'ENABLED','220710','TRES UNIDOS',NULL,'UG_DISTRITO',893),(2293,'2023-01-23 07:58:16',NULL,NULL,NULL,0,'ENABLED','220801','RIOJA',NULL,'UG_DISTRITO',899),(2294,'2023-01-23 07:58:16',NULL,NULL,NULL,0,'ENABLED','220802','AWAJUN',NULL,'UG_DISTRITO',899),(2295,'2023-01-23 07:58:16',NULL,NULL,NULL,0,'ENABLED','220803','ELIAS SOPLIN VARGAS',NULL,'UG_DISTRITO',899),(2296,'2023-01-23 07:58:16',NULL,NULL,NULL,0,'ENABLED','220804','NUEVA CAJAMARCA',NULL,'UG_DISTRITO',899),(2297,'2023-01-23 07:58:16',NULL,NULL,NULL,0,'ENABLED','220805','PARDO MIGUEL',NULL,'UG_DISTRITO',899),(2298,'2023-01-23 07:58:16',NULL,NULL,NULL,0,'ENABLED','220806','POSIC',NULL,'UG_DISTRITO',899),(2299,'2023-01-23 07:58:16',NULL,NULL,NULL,0,'ENABLED','220807','SAN FERNANDO',NULL,'UG_DISTRITO',899),(2300,'2023-01-23 07:58:16',NULL,NULL,NULL,0,'ENABLED','220808','YORONGOS',NULL,'UG_DISTRITO',899),(2301,'2023-01-23 07:58:16',NULL,NULL,NULL,0,'ENABLED','220809','YURACYACU',NULL,'UG_DISTRITO',899),(2302,'2023-01-23 07:58:16',NULL,NULL,NULL,0,'ENABLED','220901','TARAPOTO',NULL,'UG_DISTRITO',906),(2303,'2023-01-23 07:58:16',NULL,NULL,NULL,0,'ENABLED','220902','ALBERTO LEVEAU',NULL,'UG_DISTRITO',906),(2304,'2023-01-23 07:58:16',NULL,NULL,NULL,0,'ENABLED','220903','CACATACHI',NULL,'UG_DISTRITO',906),(2305,'2023-01-23 07:58:16',NULL,NULL,NULL,0,'ENABLED','220904','CHAZUTA',NULL,'UG_DISTRITO',906),(2306,'2023-01-23 07:58:16',NULL,NULL,NULL,0,'ENABLED','220905','CHIPURANA',NULL,'UG_DISTRITO',906),(2307,'2023-01-23 07:58:16',NULL,NULL,NULL,0,'ENABLED','220906','EL PORVENIR',NULL,'UG_DISTRITO',906),(2308,'2023-01-23 07:58:16',NULL,NULL,NULL,0,'ENABLED','220907','HUIMBAYOC',NULL,'UG_DISTRITO',906),(2309,'2023-01-23 07:58:16',NULL,NULL,NULL,0,'ENABLED','220908','JUAN GUERRA',NULL,'UG_DISTRITO',906),(2310,'2023-01-23 07:58:16',NULL,NULL,NULL,0,'ENABLED','220909','LA BANDA DE SHILCAYO',NULL,'UG_DISTRITO',906),(2311,'2023-01-23 07:58:16',NULL,NULL,NULL,0,'ENABLED','220910','MORALES',NULL,'UG_DISTRITO',906),(2312,'2023-01-23 07:58:16',NULL,NULL,NULL,0,'ENABLED','220911','PAPAPLAYA',NULL,'UG_DISTRITO',906),(2313,'2023-01-23 07:58:16',NULL,NULL,NULL,0,'ENABLED','220912','SAN ANTONIO',NULL,'UG_DISTRITO',906),(2314,'2023-01-23 07:58:16',NULL,NULL,NULL,0,'ENABLED','220913','SAUCE',NULL,'UG_DISTRITO',906),(2315,'2023-01-23 07:58:16',NULL,NULL,NULL,0,'ENABLED','220914','SHAPAJA',NULL,'UG_DISTRITO',906),(2316,'2023-01-23 07:58:16',NULL,NULL,NULL,0,'ENABLED','221001','TOCACHE',NULL,'UG_DISTRITO',682),(2317,'2023-01-23 07:58:16',NULL,NULL,NULL,0,'ENABLED','221002','NUEVO PROGRESO',NULL,'UG_DISTRITO',682),(2318,'2023-01-23 07:58:16',NULL,NULL,NULL,0,'ENABLED','221003','POLVORA',NULL,'UG_DISTRITO',682),(2319,'2023-01-23 07:58:16',NULL,NULL,NULL,0,'ENABLED','221004','SHUNTE',NULL,'UG_DISTRITO',682),(2320,'2023-01-23 07:58:16',NULL,NULL,NULL,0,'ENABLED','221005','UCHIZA',NULL,'UG_DISTRITO',682),(2321,'2023-01-23 07:58:16',NULL,NULL,NULL,0,'ENABLED','230101','TACNA',NULL,'UG_DISTRITO',918),(2322,'2023-01-23 07:58:16',NULL,NULL,NULL,0,'ENABLED','230102','ALTO DE LA ALIANZA',NULL,'UG_DISTRITO',918),(2323,'2023-01-23 07:58:16',NULL,NULL,NULL,0,'ENABLED','230103','CALANA',NULL,'UG_DISTRITO',918),(2324,'2023-01-23 07:58:16',NULL,NULL,NULL,0,'ENABLED','230104','CIUDAD NUEVA',NULL,'UG_DISTRITO',918),(2325,'2023-01-23 07:58:16',NULL,NULL,NULL,0,'ENABLED','230105','INCLAN',NULL,'UG_DISTRITO',918),(2326,'2023-01-23 07:58:16',NULL,NULL,NULL,0,'ENABLED','230106','PACHIA',NULL,'UG_DISTRITO',918),(2327,'2023-01-23 07:58:16',NULL,NULL,NULL,0,'ENABLED','230107','PALCA',NULL,'UG_DISTRITO',918),(2328,'2023-01-23 07:58:16',NULL,NULL,NULL,0,'ENABLED','230108','POCOLLAY',NULL,'UG_DISTRITO',918),(2329,'2023-01-23 07:58:16',NULL,NULL,NULL,0,'ENABLED','230109','SAMA',NULL,'UG_DISTRITO',918),(2330,'2023-01-23 07:58:16',NULL,NULL,NULL,0,'ENABLED','230110','CORONEL GREGORIO ALBARRACIN LANCHIP',NULL,'UG_DISTRITO',918),(2331,'2023-01-23 07:58:16',NULL,NULL,NULL,0,'ENABLED','230111','LA YARADA LOS PALOS',NULL,'UG_DISTRITO',918),(2332,'2023-01-23 07:58:16',NULL,NULL,NULL,0,'ENABLED','230201','CANDARAVE',NULL,'UG_DISTRITO',925),(2333,'2023-01-23 07:58:16',NULL,NULL,NULL,0,'ENABLED','230202','CAIRANI',NULL,'UG_DISTRITO',925),(2334,'2023-01-23 07:58:16',NULL,NULL,NULL,0,'ENABLED','230203','CAMILACA',NULL,'UG_DISTRITO',925),(2335,'2023-01-23 07:58:16',NULL,NULL,NULL,0,'ENABLED','230204','CURIBAYA',NULL,'UG_DISTRITO',925),(2336,'2023-01-23 07:58:16',NULL,NULL,NULL,0,'ENABLED','230205','HUANUARA',NULL,'UG_DISTRITO',925),(2337,'2023-01-23 07:58:16',NULL,NULL,NULL,0,'ENABLED','230206','QUILAHUANI',NULL,'UG_DISTRITO',925),(2338,'2023-01-23 07:58:16',NULL,NULL,NULL,0,'ENABLED','230301','LOCUMBA',NULL,'UG_DISTRITO',929),(2339,'2023-01-23 07:58:16',NULL,NULL,NULL,0,'ENABLED','230302','ILABAYA',NULL,'UG_DISTRITO',929),(2340,'2023-01-23 07:58:16',NULL,NULL,NULL,0,'ENABLED','230303','ITE',NULL,'UG_DISTRITO',929),(2341,'2023-01-23 07:58:16',NULL,NULL,NULL,0,'ENABLED','230401','TARATA',NULL,'UG_DISTRITO',932),(2342,'2023-01-23 07:58:16',NULL,NULL,NULL,0,'ENABLED','230402','CHUCATAMANI',NULL,'UG_DISTRITO',932),(2343,'2023-01-23 07:58:16',NULL,NULL,NULL,0,'ENABLED','230403','ESTIQUE',NULL,'UG_DISTRITO',932),(2344,'2023-01-23 07:58:16',NULL,NULL,NULL,0,'ENABLED','230404','ESTIQUE-PAMPA',NULL,'UG_DISTRITO',932),(2345,'2023-01-23 07:58:16',NULL,NULL,NULL,0,'ENABLED','230405','SITAJARA',NULL,'UG_DISTRITO',932),(2346,'2023-01-23 07:58:16',NULL,NULL,NULL,0,'ENABLED','230406','SUSAPAYA',NULL,'UG_DISTRITO',932),(2347,'2023-01-23 07:58:16',NULL,NULL,NULL,0,'ENABLED','230407','TARUCACHI',NULL,'UG_DISTRITO',932),(2348,'2023-01-23 07:58:16',NULL,NULL,NULL,0,'ENABLED','230408','TICACO',NULL,'UG_DISTRITO',932),(2349,'2023-01-23 07:58:16',NULL,NULL,NULL,0,'ENABLED','240101','TUMBES',NULL,'UG_DISTRITO',938),(2350,'2023-01-23 07:58:16',NULL,NULL,NULL,0,'ENABLED','240102','CORRALES',NULL,'UG_DISTRITO',938),(2351,'2023-01-23 07:58:16',NULL,NULL,NULL,0,'ENABLED','240103','LA CRUZ',NULL,'UG_DISTRITO',938),(2352,'2023-01-23 07:58:16',NULL,NULL,NULL,0,'ENABLED','240104','PAMPAS DE HOSPITAL',NULL,'UG_DISTRITO',938),(2353,'2023-01-23 07:58:16',NULL,NULL,NULL,0,'ENABLED','240105','SAN JACINTO',NULL,'UG_DISTRITO',938),(2354,'2023-01-23 07:58:16',NULL,NULL,NULL,0,'ENABLED','240106','SAN JUAN DE LA VIRGEN',NULL,'UG_DISTRITO',938);
/*!40000 ALTER TABLE `ubigeo` ENABLE KEYS */;
UNLOCK TABLES;
/*!40103 SET TIME_ZONE=@OLD_TIME_ZONE */;

/*!40101 SET SQL_MODE=@OLD_SQL_MODE */;
/*!40014 SET FOREIGN_KEY_CHECKS=@OLD_FOREIGN_KEY_CHECKS */;
/*!40014 SET UNIQUE_CHECKS=@OLD_UNIQUE_CHECKS */;
/*!40101 SET CHARACTER_SET_CLIENT=@OLD_CHARACTER_SET_CLIENT */;
/*!40101 SET CHARACTER_SET_RESULTS=@OLD_CHARACTER_SET_RESULTS */;
/*!40101 SET COLLATION_CONNECTION=@OLD_COLLATION_CONNECTION */;
/*!40111 SET SQL_NOTES=@OLD_SQL_NOTES */;

-- Dump completed on 2024-05-09 22:06:02
