-- MySQL dump 10.13  Distrib 8.0.34, for Win64 (x86_64)
--
-- Host: localhost    Database: security
-- ------------------------------------------------------
-- Server version	8.1.0

/*!40101 SET @OLD_CHARACTER_SET_CLIENT=@@CHARACTER_SET_CLIENT */;
/*!40101 SET @OLD_CHARACTER_SET_RESULTS=@@CHARACTER_SET_RESULTS */;
/*!40101 SET @OLD_COLLATION_CONNECTION=@@COLLATION_CONNECTION */;
/*!50503 SET NAMES utf8 */;
/*!40103 SET @OLD_TIME_ZONE=@@TIME_ZONE */;
/*!40103 SET TIME_ZONE='+00:00' */;
/*!40014 SET @OLD_UNIQUE_CHECKS=@@UNIQUE_CHECKS, UNIQUE_CHECKS=0 */;
/*!40014 SET @OLD_FOREIGN_KEY_CHECKS=@@FOREIGN_KEY_CHECKS, FOREIGN_KEY_CHECKS=0 */;
/*!40101 SET @OLD_SQL_MODE=@@SQL_MODE, SQL_MODE='NO_AUTO_VALUE_ON_ZERO' */;
/*!40111 SET @OLD_SQL_NOTES=@@SQL_NOTES, SQL_NOTES=0 */;

--
-- Table structure for table `module`
--

DROP TABLE IF EXISTS `module`;
/*!40101 SET @saved_cs_client     = @@character_set_client */;
/*!50503 SET character_set_client = utf8mb4 */;
CREATE TABLE `module` (
  `id` int NOT NULL AUTO_INCREMENT,
  `name` varchar(45) DEFAULT NULL,
  `description` varchar(100) DEFAULT NULL,
  `enabled` varchar(3) DEFAULT NULL,
  `dateCreated` datetime DEFAULT NULL,
  `dateUpdated` datetime DEFAULT NULL,
  `createdBy` varchar(45) DEFAULT NULL,
  `updatedBy` varchar(45) DEFAULT NULL,
  `version` int DEFAULT NULL,
  `author` varchar(255) DEFAULT NULL,
  `moduleVersion` varchar(20) DEFAULT NULL,
  PRIMARY KEY (`id`)
) ENGINE=InnoDB AUTO_INCREMENT=35 DEFAULT CHARSET=utf8mb3;
/*!40101 SET character_set_client = @saved_cs_client */;

--
-- Dumping data for table `module`
--

LOCK TABLES `module` WRITE;
/*!40000 ALTER TABLE `module` DISABLE KEYS */;
INSERT INTO `module` VALUES (1,'SECURITY','Security Application','Y',NULL,'2017-09-29 11:55:26',NULL,NULL,82,'Ecallac','1.0.0.0'),(34,'INTERNAL','Sistema interno','Y','2017-09-29 12:43:52','2021-10-19 21:05:56',NULL,'ecalla',20,'Efrain','1.0.0.0');
/*!40000 ALTER TABLE `module` ENABLE KEYS */;
UNLOCK TABLES;

--
-- Table structure for table `permission`
--

DROP TABLE IF EXISTS `permission`;
/*!40101 SET @saved_cs_client     = @@character_set_client */;
/*!50503 SET character_set_client = utf8mb4 */;
CREATE TABLE `permission` (
  `id` int NOT NULL AUTO_INCREMENT,
  `module_id` int NOT NULL,
  `name` varchar(100) DEFAULT NULL,
  `description` varchar(255) DEFAULT NULL,
  `path` varchar(100) DEFAULT NULL,
  `enabled` varchar(3) DEFAULT NULL,
  `dateCreated` datetime DEFAULT NULL,
  `dateUpdated` datetime DEFAULT NULL,
  `createdBy` varchar(45) DEFAULT NULL,
  `updatedBy` varchar(45) DEFAULT NULL,
  `version` int DEFAULT NULL,
  `parent_permission_id` int DEFAULT NULL,
  `type` varchar(45) DEFAULT NULL,
  PRIMARY KEY (`id`),
  KEY `fk_permission_module_idx` (`module_id`),
  KEY `fk_permission_permission1_idx` (`parent_permission_id`),
  CONSTRAINT `fk_permission_module` FOREIGN KEY (`module_id`) REFERENCES `module` (`id`),
  CONSTRAINT `fk_permission_permission1` FOREIGN KEY (`parent_permission_id`) REFERENCES `permission` (`id`)
) ENGINE=InnoDB AUTO_INCREMENT=27 DEFAULT CHARSET=utf8mb3;
/*!40101 SET character_set_client = @saved_cs_client */;

--
-- Dumping data for table `permission`
--

LOCK TABLES `permission` WRITE;
/*!40000 ALTER TABLE `permission` DISABLE KEYS */;
INSERT INTO `permission` VALUES (1,1,'root','Root','/','Y','2017-05-14 22:51:47','2018-05-17 11:08:39',NULL,NULL,4,NULL,'P_COMPONENT'),(2,1,'home','Home','/home','Y','2017-05-14 22:51:52','2021-10-25 10:19:34',NULL,'ecalla',8,1,'P_COMPONENT'),(3,1,'module','Module Management','/module','Y','2017-05-14 22:51:52','2021-10-25 10:19:45',NULL,'ecalla',7,1,'P_COMPONENT'),(4,1,'permission','Permission Management','/permission','Y','2017-05-14 22:51:52','2021-10-25 10:19:51',NULL,'ecalla',7,1,'P_COMPONENT'),(5,34,'ajustes','Ajustes','/ajustes','Y','2017-05-14 22:51:52','2021-10-26 02:41:01',NULL,'ecalla',17,9,'P_COMPONENT'),(6,1,'role','Role Management','/role','Y','2017-05-14 22:51:53','2021-10-25 10:20:20',NULL,'ecalla',7,1,'P_COMPONENT'),(7,1,'user','User Management','/user','Y','2017-05-14 22:51:53','2021-10-25 10:20:09',NULL,'ecalla',7,1,'P_COMPONENT'),(8,34,'compras','Compras','/compras','Y','2017-05-14 22:51:53','2021-10-26 02:41:12',NULL,'ecalla',20,9,'P_COMPONENT'),(9,34,'root','Root','/','Y','2018-07-10 10:53:28','2018-07-10 10:53:28','ecalla',NULL,0,NULL,'P_COMPONENT'),(10,34,'tablero','Tablero','/home','Y','2018-07-10 10:54:02','2021-11-09 09:36:21','ecalla','ecalla',3,9,'P_COMPONENT'),(11,34,'recursoshumanos','Recursos Humanos','/recursosHuamnos','Y','2018-07-10 10:55:22','2023-07-26 23:50:35','ecalla','ecalla',4,9,'P_COMPONENT'),(12,34,'ventas','Ventas','/ventas','Y','2021-10-26 02:37:46','2021-10-26 02:43:48','ecalla','ecalla',2,9,'P_COMPONENT'),(13,34,'puntodeventa','Punto de venta','/puntoDeVenta','Y','2021-10-26 02:42:24','2023-07-26 23:51:24','ecalla','ecalla',2,9,'P_COMPONENT'),(14,34,'contable','Contable','/contable','Y','2021-10-26 02:42:55','2021-10-26 02:43:49','ecalla','ecalla',1,9,'P_COMPONENT'),(15,34,'Mi Perfil','Perfil de Usuario','/profile','Y','2021-11-09 11:31:22',NULL,'ecalla',NULL,0,NULL,'P_COMPONENT'),(16,34,'tipobase','Tipo Base','/tipoBase','Y','2023-07-26 23:23:33','2023-07-26 23:41:09','ecalla','ecalla',1,5,'P_COMPONENT'),(17,34,'area','Area','/area','Y','2023-07-26 23:34:31','2023-07-26 23:37:50','ecalla','ecalla',1,11,'P_COMPONENT'),(18,34,'componente','Componente','/componente','Y','2023-07-26 23:35:39',NULL,'ecalla',NULL,0,12,'P_COMPONENT'),(19,34,'cargo','Cargo','/cargo','Y','2023-07-26 23:38:29',NULL,'ecalla',NULL,0,11,'P_COMPONENT'),(20,34,'marca','Marca','/marca','Y','2023-07-26 23:40:42',NULL,'ecalla',NULL,0,12,'P_COMPONENT'),(21,34,'regla','Regla','/regla','Y','2023-07-26 23:43:27',NULL,'ecalla',NULL,0,5,'P_COMPONENT'),(22,34,'sucursal','Sucursal','/sucursal','Y','2023-07-26 23:45:27',NULL,'ecalla',NULL,0,11,'P_COMPONENT'),(23,34,'persona','Persona','/persona','Y','2023-10-03 22:13:48',NULL,'ecalla',NULL,0,11,'P_COMPONENT'),(24,34,'organizacion','Organizacion','/organizacion','Y','2023-10-03 22:14:48',NULL,'ecalla',NULL,0,11,'P_COMPONENT'),(25,34,'categoria','Categoria','/categoria','Y','2023-11-09 04:25:25',NULL,'ecalla',NULL,0,12,'P_COMPONENT'),(26,34,'empleado','Empleado','/empleado','Y','2023-11-09 04:45:33',NULL,'ecalla',NULL,0,11,'P_COMPONENT');
/*!40000 ALTER TABLE `permission` ENABLE KEYS */;
UNLOCK TABLES;

--
-- Table structure for table `role`
--

DROP TABLE IF EXISTS `role`;
/*!40101 SET @saved_cs_client     = @@character_set_client */;
/*!50503 SET character_set_client = utf8mb4 */;
CREATE TABLE `role` (
  `id` int NOT NULL AUTO_INCREMENT,
  `name` varchar(100) DEFAULT NULL,
  `description` varchar(255) DEFAULT NULL,
  `enabled` varchar(3) DEFAULT NULL,
  `dateCreated` datetime DEFAULT NULL,
  `dateUpdated` datetime DEFAULT NULL,
  `createdBy` varchar(45) DEFAULT NULL,
  `updatedBy` varchar(45) DEFAULT NULL,
  `version` int DEFAULT NULL,
  PRIMARY KEY (`id`)
) ENGINE=InnoDB AUTO_INCREMENT=2 DEFAULT CHARSET=utf8mb3;
/*!40101 SET character_set_client = @saved_cs_client */;

--
-- Dumping data for table `role`
--

LOCK TABLES `role` WRITE;
/*!40000 ALTER TABLE `role` DISABLE KEYS */;
INSERT INTO `role` VALUES (1,'ADMIN','Administrador','Y','2017-05-14 22:38:07','2021-10-19 21:13:59',NULL,'ecalla',16);
/*!40000 ALTER TABLE `role` ENABLE KEYS */;
UNLOCK TABLES;

--
-- Table structure for table `rolepermission`
--

DROP TABLE IF EXISTS `rolepermission`;
/*!40101 SET @saved_cs_client     = @@character_set_client */;
/*!50503 SET character_set_client = utf8mb4 */;
CREATE TABLE `rolepermission` (
  `role_id` int NOT NULL,
  `permission_id` int NOT NULL,
  PRIMARY KEY (`role_id`,`permission_id`),
  KEY `fk_role_has_permission_permission1_idx` (`permission_id`),
  KEY `fk_role_has_permission_role1_idx` (`role_id`),
  CONSTRAINT `fk_role_has_permission_permission1` FOREIGN KEY (`permission_id`) REFERENCES `permission` (`id`),
  CONSTRAINT `fk_role_has_permission_role1` FOREIGN KEY (`role_id`) REFERENCES `role` (`id`)
) ENGINE=InnoDB DEFAULT CHARSET=utf8mb3;
/*!40101 SET character_set_client = @saved_cs_client */;

--
-- Dumping data for table `rolepermission`
--

LOCK TABLES `rolepermission` WRITE;
/*!40000 ALTER TABLE `rolepermission` DISABLE KEYS */;
INSERT INTO `rolepermission` VALUES (1,5),(1,8),(1,9),(1,10),(1,11),(1,12),(1,13),(1,14),(1,15),(1,16),(1,17),(1,18),(1,19),(1,20),(1,21),(1,22),(1,23),(1,24),(1,25),(1,26);
/*!40000 ALTER TABLE `rolepermission` ENABLE KEYS */;
UNLOCK TABLES;

--
-- Temporary view structure for view `rolepermissionview`
--

DROP TABLE IF EXISTS `rolepermissionview`;
/*!50001 DROP VIEW IF EXISTS `rolepermissionview`*/;
SET @saved_cs_client     = @@character_set_client;
/*!50503 SET character_set_client = utf8mb4 */;
/*!50001 CREATE VIEW `rolepermissionview` AS SELECT 
 1 AS `module_id`,
 1 AS `permission_name`,
 1 AS `permission_description`,
 1 AS `path`,
 1 AS `permission_enabled`,
 1 AS `parent_permission_id`,
 1 AS `permission_id`,
 1 AS `role_id`,
 1 AS `role_name`,
 1 AS `role_description`,
 1 AS `role_enabled`*/;
SET character_set_client = @saved_cs_client;

--
-- Table structure for table `roleuser`
--

DROP TABLE IF EXISTS `roleuser`;
/*!40101 SET @saved_cs_client     = @@character_set_client */;
/*!50503 SET character_set_client = utf8mb4 */;
CREATE TABLE `roleuser` (
  `role_id` int NOT NULL,
  `user_id` int NOT NULL,
  PRIMARY KEY (`role_id`,`user_id`),
  KEY `fk_role_has_user_user1_idx` (`user_id`),
  KEY `fk_role_has_user_role1_idx` (`role_id`),
  CONSTRAINT `fk_role_has_user_role1` FOREIGN KEY (`role_id`) REFERENCES `role` (`id`),
  CONSTRAINT `fk_role_has_user_user1` FOREIGN KEY (`user_id`) REFERENCES `user` (`id`)
) ENGINE=InnoDB DEFAULT CHARSET=utf8mb3;
/*!40101 SET character_set_client = @saved_cs_client */;

--
-- Dumping data for table `roleuser`
--

LOCK TABLES `roleuser` WRITE;
/*!40000 ALTER TABLE `roleuser` DISABLE KEYS */;
INSERT INTO `roleuser` VALUES (1,1);
/*!40000 ALTER TABLE `roleuser` ENABLE KEYS */;
UNLOCK TABLES;

--
-- Temporary view structure for view `roleuserview`
--

DROP TABLE IF EXISTS `roleuserview`;
/*!50001 DROP VIEW IF EXISTS `roleuserview`*/;
SET @saved_cs_client     = @@character_set_client;
/*!50503 SET character_set_client = utf8mb4 */;
/*!50001 CREATE VIEW `roleuserview` AS SELECT 
 1 AS `name`,
 1 AS `description`,
 1 AS `role_enabled`,
 1 AS `role_id`,
 1 AS `user_id`,
 1 AS `username`,
 1 AS `password`,
 1 AS `user_status`,
 1 AS `entidadrole_id`,
 1 AS `question`,
 1 AS `answer`,
 1 AS `activationdate`,
 1 AS `inactivationdate`*/;
SET character_set_client = @saved_cs_client;

--
-- Table structure for table `session`
--

DROP TABLE IF EXISTS `session`;
/*!40101 SET @saved_cs_client     = @@character_set_client */;
/*!50503 SET character_set_client = utf8mb4 */;
CREATE TABLE `session` (
  `id` int NOT NULL AUTO_INCREMENT,
  `user_id` int NOT NULL,
  `loginDate` datetime DEFAULT NULL,
  `logoutDate` datetime DEFAULT NULL,
  `sessionKey` varchar(255) DEFAULT NULL,
  `hostAddress` varchar(45) DEFAULT NULL,
  `module_id` int DEFAULT NULL,
  PRIMARY KEY (`id`),
  KEY `fk_session_user1_idx` (`user_id`),
  CONSTRAINT `fk_session_user1` FOREIGN KEY (`user_id`) REFERENCES `user` (`id`)
) ENGINE=InnoDB AUTO_INCREMENT=356 DEFAULT CHARSET=utf8mb3;
/*!40101 SET character_set_client = @saved_cs_client */;

--
-- Dumping data for table `session`
--

LOCK TABLES `session` WRITE;
/*!40000 ALTER TABLE `session` DISABLE KEYS */;
INSERT INTO `session` VALUES (1,1,'2021-10-25 16:04:59',NULL,'C4EB890F90C57D22B1C437F22333B06F','181.65.35.194',1),(2,1,'2021-10-26 01:59:03',NULL,'D7ED0E7659CBD68D5EC704FF520AF543','181.65.35.194',34),(3,1,'2021-10-26 02:02:16',NULL,'C94F07B6A87AB3DE714C19933D30E820','181.65.35.194',1),(4,1,'2021-10-26 02:02:26',NULL,'A9AE6A7230C83B29228471A2E85BEA62','181.65.35.194',34),(5,1,'2021-10-26 02:59:26',NULL,'7D0D0169A36F73C182E79980024B1939','181.65.35.194',1),(6,1,'2021-10-26 02:59:44',NULL,'C7668365171983D78DB209193D71032A','181.65.35.194',34),(7,1,'2021-10-26 03:01:10',NULL,'51C9A3C841C561DCB0924C68B5C9129A','181.65.35.194',34),(8,1,'2021-10-27 23:48:37',NULL,'B1A7084D033D2AD2F90BD4538EE806A3','181.65.35.194',1),(9,1,'2021-10-28 00:52:03',NULL,'53185CCAA1C78C564CF223C4A50B228A','181.65.35.194',1),(10,1,'2021-10-28 13:20:28',NULL,'F5CB1718A7A3ACDF03DEE0FC69A6DEA5','181.65.35.194',1),(11,1,'2021-10-28 13:22:59',NULL,'F0312871FB9D0934D8B2BCBF66D501D4','181.65.35.194',1),(12,1,'2021-11-03 02:55:45',NULL,'0814CF883772722BFF3F7E5C1C5D6F68','181.65.35.194',1),(13,1,'2021-11-03 03:31:37',NULL,'3CC142275BCE3DE51E5A19C23EF749A7','181.65.35.194',1),(14,1,'2021-11-03 03:41:15',NULL,'280621CF9221C957B057ED7473EC654C','181.65.35.194',1),(15,1,'2021-11-03 05:40:00',NULL,'4BEB7EF4B9323880EBC8AC9553FC9396','181.65.35.194',1),(16,1,'2021-11-04 20:25:07',NULL,'9BA8EB0BC2133F9EEEECAC291AFDCB6D','181.65.35.194',34),(17,1,'2021-11-04 20:59:29',NULL,'03156D601A3D7C89DED12BF2B0945492','181.65.35.194',34),(18,1,'2021-11-04 21:06:42',NULL,'05CDB3FFC18BEAB8A017EE3A990E7EBF','181.65.35.194',34),(19,1,'2021-11-04 21:29:02',NULL,'2A9C5AD49C3CE0FB5B19D16B929E0AEE','181.65.35.194',34),(20,1,'2021-11-04 21:34:39',NULL,'9EFC6144C5DA4D64F0496B2B282CA9FE','181.65.35.194',34),(21,1,'2021-11-04 21:35:08',NULL,'8D446749F767AA3A75CC82837884F685','181.65.35.194',34),(22,1,'2021-11-08 09:57:44',NULL,'B0111F3B6D7167A03E8857C183F467CD','181.65.35.194',34),(23,1,'2021-11-08 10:01:00',NULL,'29C50040CC7DAF12E54A78C0545F30A2','181.65.35.194',34),(24,1,'2021-11-08 10:27:49',NULL,'A0D52A87A98C64D4788FCE79FA4FA9CA','181.65.35.194',34),(25,1,'2021-11-08 11:05:19',NULL,'502D8E7DECC3618F42F9C17257FD80A8','181.65.35.194',34),(26,1,'2021-11-08 11:51:34',NULL,'7A068D02011B91BACC42CE171364F1C7','181.65.35.194',34),(27,1,'2021-11-08 11:52:47',NULL,'2799A4B53A294E305BE34834255C4262','181.65.35.194',34),(28,1,'2021-11-08 12:13:35',NULL,'20710CB75CB41054FFE54DAE143415CB','181.65.35.194',34),(29,1,'2021-11-08 12:22:16',NULL,'0ED7F4648DC16FE0EA3AF262F7A415A1','181.65.35.194',34),(30,1,'2021-11-08 12:22:27',NULL,'B719DA7FA9EEFD691CD96641FDB24991','181.65.35.194',34),(31,1,'2021-11-08 12:26:26',NULL,'AEB7672D3032DC0B2CF8F2282F17A96A','181.65.35.194',34),(32,1,'2021-11-08 12:37:51',NULL,'30E135008CBA5ACA099C90F6EEC2C46F','181.65.35.194',34),(33,1,'2021-11-08 12:39:52',NULL,'5810126CABFF8B8940AAA7E2D3D3E406','181.65.35.194',34),(34,1,'2021-11-08 12:49:34',NULL,'7F9402F9004EA413BCF6EE08E16C4CC0','181.65.35.194',34),(35,1,'2021-11-08 13:13:10',NULL,'BACFEBF73579B22BBAF52DA4EA5F3E1E','181.65.35.194',34),(36,1,'2021-11-08 13:15:41',NULL,'5581DBE609396FB03796C17A8DE37CDF','181.65.35.194',34),(37,1,'2021-11-08 13:26:57',NULL,'85BA66F8E9C4B91D3F91E0E029A805F1','181.65.35.194',34),(38,1,'2021-11-08 13:39:42',NULL,'049C2179DB8A259A4311E0F5EA024AA5','181.65.35.194',34),(39,1,'2021-11-08 13:41:52',NULL,'D23C91D3AFC24CC4BF556D751EFF0921','181.65.35.194',34),(40,1,'2021-11-08 13:52:24',NULL,'B3D194D7E48A1050BA6E3C3EC6C4702F','181.65.35.194',34),(41,1,'2021-11-08 13:54:59',NULL,'9C94AFAAFEE1DD089646C812ADFCFF7C','181.65.35.194',34),(42,1,'2021-11-08 14:44:03',NULL,'576C31A6D592B9B672D3ED1DB8D821EF','181.65.35.194',34),(43,1,'2021-11-08 14:52:05',NULL,'F1C25D5A1129E74158932213FCFBA1B2','181.65.35.194',34),(44,1,'2021-11-08 15:01:38',NULL,'BDD31064C2A8D1D2C33C5313033213FA','181.65.35.194',34),(45,1,'2021-11-08 16:11:06',NULL,'9081CF6D93C0C4AA5DAA37E103507C50','181.65.35.194',34),(46,1,'2021-11-08 17:37:39',NULL,'B41A46C99DFFE0362C8F4DE93D95BC23','181.65.35.194',34),(47,1,'2021-11-08 18:48:16',NULL,'BB84FC3948B8CE02212112F41BDA2D9B','181.65.35.194',34),(48,1,'2021-11-08 19:08:12',NULL,'82D95DD665FE1996BC91CDEDAA11F55C','181.65.35.194',34),(49,1,'2021-11-08 19:15:03',NULL,'63E5D4C3B44EBA765D065D44DD1DFB23','181.65.35.194',34),(50,1,'2021-11-08 19:32:29',NULL,'C0BAD8FF2115696799ECDAEF5330B42C','181.65.35.194',34),(51,1,'2021-11-08 20:00:30',NULL,'998CB827E530E9F24813E2E6F7CC7011','181.65.35.194',34),(52,1,'2021-11-08 20:16:09',NULL,'18CCB544B6239392AFB61FEEA0B5F62E','181.65.35.194',34),(53,1,'2021-11-08 20:40:03',NULL,'97EF5AC2C7E4395B0E056ED7FE4B9984','181.65.35.194',34),(54,1,'2021-11-08 20:48:29',NULL,'86C07972CAC988C0292974EB0A9476CB','181.65.35.194',34),(55,1,'2021-11-09 09:27:01',NULL,'89BED63C6F4F616DC6665E7B26D3932C','181.65.35.194',34),(56,1,'2021-11-09 09:29:28',NULL,'6B78CBD5597E018BEE7537614E475354','181.65.35.194',1),(57,1,'2021-11-09 09:36:42',NULL,'DE4467735109FD01F5CEE9ACC3638842','181.65.35.194',34),(58,1,'2021-11-09 11:05:47',NULL,'349C3A929DBE186EEED9A8C5872C2AF0','181.65.35.194',34),(59,1,'2021-11-09 11:28:33',NULL,'DE07FE79B597DF347AD8962F2DA9FABD','181.65.35.194',1),(60,1,'2021-11-09 11:33:24',NULL,'6C8957D06DE3572146D77F8FAC0A5968','181.65.35.194',34),(61,1,'2021-11-09 11:39:47',NULL,'A461F4E0EB0CBC248E207C33C5858AB6','181.65.35.194',1),(62,1,'2021-11-09 12:02:38',NULL,'9D85F69D6FD3A7B688CE8FCB97519C0A','181.65.35.194',34),(63,1,'2021-11-09 12:05:37',NULL,'60847C1201790688F6E3841C60EB7396','181.65.35.194',34),(64,1,'2021-11-09 12:09:53',NULL,'168002AC3D6B1650C64851E2FC5CCF89','181.65.35.194',34),(65,1,'2021-11-09 12:40:09',NULL,'370DC0E37F4BE69B51F19E7489F8676B','181.65.35.194',34),(66,1,'2021-11-09 14:09:38',NULL,'DDE1F6766F2D3F1B829436043B3D05C0','181.65.35.194',34),(67,1,'2021-11-09 15:06:30',NULL,'66661DEDF60B5E140550BAFDDDEFF49E','181.65.35.194',34),(68,1,'2021-11-09 16:39:02',NULL,'B3BAA31B0BCDC386B49E3BF157DF4732','181.65.35.194',34),(69,1,'2021-11-09 16:49:38',NULL,'6464AEE1BC56E29643F49F431E38190C','181.65.35.194',34),(70,1,'2021-11-09 18:55:17',NULL,'CEADFB572C3F12866C5E7E63B8D4D672','181.65.35.194',34),(71,1,'2021-11-09 19:50:58',NULL,'655A43AC9BB5D2D85322DDA886343738','181.65.35.194',1),(72,1,'2021-11-09 20:28:22',NULL,'BC28B72B9F81FB11E53C3F5ECD89FDF2','181.65.35.194',34),(73,1,'2021-11-09 20:50:47',NULL,'2D81FF8C1657E327430F1DBA438472DF','181.65.35.194',34),(74,1,'2021-11-09 21:11:03',NULL,'7562A55E3B34D0373B8A731699236A1C','181.65.35.194',34),(75,1,'2021-11-09 21:13:57',NULL,'AC17F451E978486AC5E2F58E0D0B7A27','181.65.35.194',34),(76,1,'2021-11-09 22:06:09',NULL,'AF5D5EA1ECC056D978118C0D3631D2DE','181.65.35.194',34),(77,1,'2021-11-09 23:20:58',NULL,'2F22B58DC335FD59B0FF9E4FA5E11638','181.65.35.194',34),(78,1,'2021-11-09 23:46:41',NULL,'13297D8AC9DF467428F274EAA68CFDA5','181.65.35.194',34),(79,1,'2021-11-10 00:41:49',NULL,'B484949BC5D3BE521392634D4F92EFC2','181.65.35.194',34),(80,1,'2021-11-10 01:05:15',NULL,'EE2F65CDECA31372E4A65408498C5CB2','181.65.35.194',34),(81,1,'2021-11-10 01:29:31',NULL,'C67F3E3CF433DA5CD079E4CD645EF7A6','181.65.35.194',34),(82,1,'2021-11-10 01:31:09',NULL,'59E98E43FE792B6FFAF5FB45F2096BF9','181.65.35.194',34),(83,1,'2021-11-10 19:18:33',NULL,'EDF80281074854D534AE1573A01E7634','181.65.35.194',34),(84,1,'2021-11-10 19:22:13',NULL,'A8107DA6977BEC727BBBB7E777DA5E75','181.65.35.194',1),(85,1,'2021-11-10 19:56:39',NULL,'950DB63776C6F2237E3B5F945DD3B3A0','181.65.35.194',34),(86,1,'2021-11-11 10:02:58',NULL,'CD0CB73113B616FE0BC77B81583407F9','181.65.35.194',34),(87,1,'2021-11-11 11:01:05',NULL,'5BE1799AD28CA380555F0F46D3882527','181.65.35.194',34),(88,1,'2021-11-11 11:08:30',NULL,'9BFF7AFBCD9D83011929D64941CEB6AC','181.65.35.194',34),(89,1,'2021-11-11 11:24:57',NULL,'E9E8AD16295AEE259E5511818FE28D6A','181.65.35.194',34),(90,1,'2021-11-11 12:48:09',NULL,'64AE1C578A3D9FB10CE65EE6635EAC90','181.65.35.194',34),(91,1,'2021-11-11 13:29:57',NULL,'72B4FB907C7D04C2F1CBE15E7F728BF4','181.65.35.194',34),(92,1,'2021-11-11 15:18:26',NULL,'F2F4E0C026F6E6E1E602EFE22B45A8AB','181.65.35.194',34),(93,1,'2021-11-11 15:24:28',NULL,'51DFAFE026C95BAAC1A569407C2BB48C','181.65.35.194',34),(94,1,'2021-11-11 23:05:00',NULL,'B20626506D9E041EFE76F0EF010F7BAE','181.65.35.194',34),(95,1,'2021-11-11 23:10:50',NULL,'15E7600C347073A7E7BB9A01B6642FF6','181.65.35.194',34),(96,1,'2021-11-11 23:21:54',NULL,'5A61AF4669FA7C908D739DEB3BC6297C','181.65.35.194',34),(97,1,'2021-11-11 23:48:32',NULL,'E51DC6AD3C759E8069C388D549CAE32E','181.65.35.194',34),(98,1,'2021-11-12 00:50:29',NULL,'DFD219A37B860710F294B99F4A244638','181.65.35.194',34),(99,1,'2021-11-12 00:59:12',NULL,'EAB757227FBF522B105821731B3AAF6D','181.65.35.194',34),(100,1,'2021-11-12 01:03:47',NULL,'BCD1C2B3486CFA8C3751608AAF830566','181.65.35.194',34),(101,1,'2021-11-12 01:13:30',NULL,'07AD7BF450C00B1AEB57C6465007A3A3','181.65.35.194',34),(102,1,'2021-12-16 20:28:57',NULL,'79041E201713E486FEFFF78609A51C88','181.66.176.196',34),(103,1,'2022-05-26 09:32:33',NULL,'8816BE955CD9DC2737F31FF1CF89260E','181.66.150.132',1),(104,1,'2022-05-26 09:45:44',NULL,'467145999BB36983BE9B699E4FEC1C91','181.66.150.132',34),(105,1,'2022-05-26 09:46:14',NULL,'81BE744273EBC58822C9C3C920CB5DA3','181.66.150.132',1),(106,1,'2022-05-26 09:52:59',NULL,'5B92641619ADBC4CD51FB5659E5E0910','181.66.150.132',34),(107,1,'2022-05-26 20:09:04',NULL,'A0A24268853629C60FD524CE04B2B518','181.66.150.132',1),(108,1,'2022-05-26 20:24:13',NULL,'F9DC25F598A1302151DC1DABF168D966','181.66.150.132',34),(109,1,'2022-05-26 20:31:05',NULL,'9CA0D1EF70D90BB9664554CBF219F9A6','181.66.150.132',1),(110,1,'2022-05-26 21:18:12',NULL,'5E587211E20BC63597EA4F81C782C380','181.66.150.132',1),(111,1,'2022-05-26 21:36:02',NULL,'50B2EB7526581DA9A6A359676B0AF420','181.66.150.132',1),(112,1,'2022-05-26 21:58:22',NULL,'0A82D35132DCA79F0B4A56F08FE2C3C9','181.66.150.132',34),(113,1,'2022-05-26 23:05:19',NULL,'DCE3F1633A9933CB0152D0C4DECBB299','181.66.150.132',1),(114,1,'2022-05-27 00:52:15',NULL,'CA7F2FA33359398F9980D75EDE186F24','181.66.150.132',1),(115,1,'2022-05-27 01:04:31',NULL,'D943CF632227618B0B9EE5D9702D62EA','181.66.150.132',1),(116,1,'2022-05-27 03:02:10',NULL,'1BD18200617017795ADA2CE006A6AE63','181.66.150.132',1),(117,1,'2022-06-08 21:01:00',NULL,'513F296F4ECBA95C632632D8ACA491A5','181.66.150.132',1),(118,1,'2022-06-08 21:18:17',NULL,'EF47AEB80DC823F4B4F22816FF43306E','181.66.150.132',1),(119,1,'2022-06-08 21:21:40',NULL,'88369D03CB704E1BDCE20DBF012DA115','181.66.150.132',1),(120,1,'2022-06-08 21:24:54',NULL,'7D39E4DA1CEF667C7EABD2D163BD1E2C','181.66.150.132',1),(121,1,'2022-06-13 19:36:24',NULL,'E349C5047D5D8F4B5FDB21ABAF5FF1C3','181.66.150.132',1),(122,1,'2022-06-13 20:08:04',NULL,'FBA6398AA4B084E6F86694278536FF8C','181.66.150.132',1),(123,1,'2022-06-14 15:27:37',NULL,'26EC2A71A75FD3BDC111B797BC7D11C3','181.66.150.132',1),(124,1,'2022-06-14 15:33:51',NULL,'E86FF3191F51F13B4DEA9BC37B22425B','181.66.150.132',1),(125,1,'2022-06-14 16:41:48',NULL,'456422C914FECB701A83E89603391C4B','181.66.150.132',1),(126,1,'2022-08-31 08:25:15',NULL,'BA8EAD797A85246B2840EF4DC1B74735','181.66.150.132',1),(127,1,'2022-08-31 08:29:20',NULL,'4DDF94FBA80BB6F44A64E5DF916DA30D','181.66.150.132',34),(128,1,'2022-08-31 19:07:43',NULL,'5F125F39CF44BDE173E8989AA45F7031','181.66.150.132',34),(129,1,'2022-08-31 20:05:22',NULL,'B95E831F188E0893E64250841CA3C19B','181.66.150.132',34),(130,1,'2022-09-01 09:19:04',NULL,'3E9B941C4D1FB758813FF1E2F197AD1D','181.66.150.132',34),(131,1,'2023-01-22 22:04:49',NULL,'27F5809EC47A96EC31CC00FA6F999C6B','181.66.151.51',1),(132,1,'2023-01-22 22:12:45',NULL,'04B912C4C4C290C6D1ED976876B2000F','181.66.151.51',34),(133,1,'2023-07-26 23:15:14',NULL,'9091EBC371B544BEB03BEDA87BE123F0','181.66.150.51',34),(134,1,'2023-07-26 23:19:13',NULL,'7DD3A66FF3882D33F1FB1D83EBC57055','181.66.150.51',1),(135,1,'2023-07-26 23:22:32',NULL,'9639F3B2731FD2377850458CB5DD2135','181.66.150.51',34),(136,1,'2023-07-26 23:45:38',NULL,'53EB85E80192342ED5F5AF3C17B1888D','181.66.150.51',34),(137,1,'2023-07-26 23:47:56',NULL,'C9270DCADA973356E0C4FE7AE6A5FE31','181.66.150.51',34),(138,1,'2023-07-26 23:51:37',NULL,'51B0301C147829C7C6526ADB12B2FB92','181.66.150.51',34),(139,1,'2023-07-27 01:08:36',NULL,'2CB4618D046D88943961B1FBA417114A','181.66.150.51',34),(140,1,'2023-07-27 01:30:50',NULL,'512DC371D1ADF2789BA4B74CA70E4115','181.66.150.51',34),(141,1,'2023-07-27 02:02:51',NULL,'1A6B79FF08CFA67499193B7988C8360D','181.66.150.51',34),(142,1,'2023-07-27 02:04:28',NULL,'CC4670B724814F00BD19D61DD21666B1','181.66.150.51',1),(143,1,'2023-07-27 02:06:38',NULL,'8F3C76ED7F3D45A7485A04465DC09317','181.66.150.51',34),(144,1,'2023-07-27 02:07:49',NULL,'3A8E2A164C5CE13A9B476B3289E90B6D','181.66.150.51',1),(145,1,'2023-07-27 02:12:00',NULL,'066F394DF0D6CC4E49C30E635401C1BC','181.66.150.51',34),(146,1,'2023-07-27 03:08:44',NULL,'92E8D4AB57013F2A7F3486BF411A7D93','181.66.150.51',34),(147,1,'2023-07-27 03:28:08',NULL,'29A15FF434338EF4C7ED716DA3A0BA96','181.66.150.51',34),(148,1,'2023-07-27 03:39:58',NULL,'BB14E14D8635E67E921340F5FA71C015','181.66.150.51',34),(149,1,'2023-07-27 03:46:45',NULL,'0A751258E53C75604CC34A7E563C56B3','181.66.150.51',34),(150,1,'2023-07-28 11:03:59',NULL,'E9DE0C6CA87E03D982CB220C71BE2D07','181.66.150.51',34),(151,1,'2023-07-28 11:10:09',NULL,'EFDC508F191A92F0BC4C90E60B4D4D61','181.66.150.51',34),(152,1,'2023-07-28 11:16:56',NULL,'D9FEDCEB786E5EFBA09D2BFE8CA5E58F','181.66.150.51',34),(153,1,'2023-07-28 11:19:09',NULL,'1E18F414F320C26628DCC4782E4A07D0','181.66.150.51',34),(154,1,'2023-07-28 11:22:37',NULL,'BA9F84228905E8477FB768EF7D4D7ABE','181.66.150.51',34),(155,1,'2023-07-28 11:25:24',NULL,'7A3346C73861B909B9794361111CD5B7','181.66.150.51',34),(156,1,'2023-07-28 11:28:30',NULL,'DC0315260322C0C33FC2B84A43C7BB65','181.66.150.51',34),(157,1,'2023-07-28 11:35:49',NULL,'63CB72AC39B0882D717119EA7AC8F0FD','181.66.150.51',34),(158,1,'2023-07-28 11:51:33',NULL,'299C001C2E242F5C1D0FD3E9957EF4C5','181.66.150.51',34),(159,1,'2023-07-28 11:54:22',NULL,'DE6B2FC8701A7ADF87EFC54C7BB74496','181.66.150.51',34),(160,1,'2023-07-28 11:55:36',NULL,'B44BAA046E2B737410DAEF24DA531EEA','181.66.150.51',34),(161,1,'2023-07-28 11:59:29',NULL,'0036B30BE7F8F2F373CFC43CEF657A51','181.66.150.51',34),(162,1,'2023-07-28 11:59:58',NULL,'58A88C60BC064B00BC595EBE206D1842','181.66.150.51',34),(163,1,'2023-07-28 12:08:14',NULL,'9E08C67782DA7C8C422138BFC41FE451','181.66.150.51',34),(164,1,'2023-07-28 15:36:40',NULL,'5FD07A07080CA4B05C9F22B811ECB67E','181.66.150.51',34),(165,1,'2023-07-28 15:46:46',NULL,'AFFC711C69343AB70039F5B0BB4F84DE','181.66.150.51',34),(166,1,'2023-07-28 16:03:00',NULL,'B74657DA8486080A0ED06181D1676286','181.66.150.51',34),(167,1,'2023-07-28 16:16:30',NULL,'416BBF5118B3BA25E92E9A11CC6C9D4B','181.66.150.51',34),(168,1,'2023-07-29 21:22:43',NULL,'7B2686EA957C4724B3C7B8677C9933AD','181.66.150.51',34),(169,1,'2023-08-01 11:53:22',NULL,'0FD9B2942D39E84ECF1AA3CFA3ED5DE9','181.66.150.51',34),(170,1,'2023-08-01 22:10:05',NULL,'4C4CD51ED3D49445B3CCC09CE8534C7F','181.66.150.51',34),(171,1,'2023-08-01 22:14:36',NULL,'E5ACEA82ED9B6D647073BF0A0652B929','181.66.150.51',34),(172,1,'2023-08-01 22:39:22',NULL,'2508DFEF27DB2AEC55B86291CD43CED2','181.66.150.51',34),(173,1,'2023-08-01 23:48:01',NULL,'87ACE2190BBB4C6B926111F89D8C65BD','181.66.150.51',34),(174,1,'2023-08-11 15:57:53',NULL,'3C888F7D0C37FC26D1A824D5DF6DA90B','181.66.150.51',34),(175,1,'2023-08-16 02:44:22',NULL,'69C40DBD843E824E9BCF509F19C4FBBA','181.66.150.51',34),(176,1,'2023-08-16 02:59:42',NULL,'09995130E38F485C10FEE49EB945FA02','181.66.150.51',34),(177,1,'2023-08-16 03:03:38',NULL,'A9804A3E1C0B909A661EBEA4D4E5ED8D','181.66.150.51',34),(178,1,'2023-08-16 03:10:50',NULL,'1775DC0E6EF933ABD1BC389B57151814','181.66.150.51',34),(179,1,'2023-08-16 03:16:31',NULL,'E325E373C2786868B2C965725D917C7E','181.66.150.51',34),(180,1,'2023-08-16 03:46:03',NULL,'92FF1FFA2ED6BDACD1A381E5EB0B0618','181.66.150.51',34),(181,1,'2023-08-16 03:58:12',NULL,'EF4F8EC8878DB7D575AF1090882A1C68','181.66.150.51',34),(182,1,'2023-08-16 04:05:23',NULL,'88A07AAA9B9F2EF16BD573462C7FC690','181.66.150.51',34),(183,1,'2023-08-16 04:31:54',NULL,'810BE8DB730509E595219E0C9816B33C','181.66.150.51',34),(184,1,'2023-08-16 04:45:00',NULL,'CD8F3800854416481089F8F8398E9ED6','181.66.150.51',34),(185,1,'2023-08-16 04:58:52',NULL,'86F4DC48AF14AF6F06CC863CE0F5D372','181.66.150.51',34),(186,1,'2023-08-18 11:09:26',NULL,'495F9BD772A6D481DF7155B0F34FB34F','181.66.150.51',34),(187,1,'2023-08-18 11:12:32',NULL,'7B8C649EA9D62879D999C19DD1D7EF25','181.66.150.51',34),(188,1,'2023-08-18 11:14:58',NULL,'46F4CD3A16AA8D001D52F71D195B5B1E','181.66.150.51',34),(189,1,'2023-08-18 11:30:32',NULL,'A292FE5159BAFFD628B00E806919B389','181.66.150.51',34),(190,1,'2023-08-18 12:22:01',NULL,'D4716BA19767356C82BC6C9BDE7F39E1','181.66.150.51',34),(191,1,'2023-08-18 12:25:23',NULL,'CDB12A0DFCF26663DA991C6F84545403','181.66.150.51',34),(192,1,'2023-08-18 12:34:36',NULL,'5C48E67C4AC926BD1B6D56FDE4C2BFA7','181.66.150.51',34),(193,1,'2023-08-18 12:48:21',NULL,'F31CEA85CCE97A188558085407B3B8A3','181.66.150.51',34),(194,1,'2023-08-18 12:52:39',NULL,'6F39E95DED3962A6979D8704A3CE8FD3','181.66.150.51',34),(195,1,'2023-08-29 10:48:03',NULL,'F79FE6D655B8BE1C414D558506974CD6','181.66.150.51',34),(196,1,'2023-08-29 14:40:53',NULL,'0F627576E52CED1130AB4BADC6F5C3F4','181.66.150.51',34),(197,1,'2023-08-29 15:04:20',NULL,'8FA6DA475540C74031E916229D194B9B','181.66.150.51',34),(198,1,'2023-08-29 15:39:45',NULL,'A7D51F0604581BF01FD67A976623DD9E','181.66.150.51',34),(199,1,'2023-08-29 15:42:13',NULL,'8E08776743D9BE35E42289B974931DE3','181.66.150.51',34),(200,1,'2023-08-29 15:51:14',NULL,'D8C473EA3505B2D90DABE63AFA5F2EBF','181.66.150.51',34),(201,1,'2023-08-29 16:24:20',NULL,'C34B3E0B609E16703B7DAC2CC0222FCE','181.66.150.51',34),(202,1,'2023-08-29 16:29:47',NULL,'4027E50E1E85C8EC058507D92E504D8D','181.66.150.51',34),(203,1,'2023-08-29 16:36:01',NULL,'B517BDF575A338824A2C9B38528E3BA1','181.66.150.51',34),(204,1,'2023-08-29 16:54:13',NULL,'82AE03FCA2F2A491A41CFCAE2E1EEFB2','181.66.150.51',34),(205,1,'2023-08-29 17:35:29',NULL,'37823095F8B11DF102CB7D351AD59FFA','181.66.150.51',34),(206,1,'2023-08-29 17:37:30',NULL,'2B29D109E9BE7A55924A080ED194AEBE','181.66.150.51',34),(207,1,'2023-08-29 17:40:45',NULL,'DEF3DFBDAB139C095D7DA0173792AC14','181.66.150.51',34),(208,1,'2023-08-29 17:49:10',NULL,'9B4B1C93D6081F775D58ECE605670D32','181.66.150.51',34),(209,1,'2023-08-29 18:56:12',NULL,'71DFE35B73C3232008F9798A95ABFC61','181.66.150.51',34),(210,1,'2023-08-29 21:43:30',NULL,'20ED2847851A4302EA3969DA83DDEF4E','181.66.150.51',34),(211,1,'2023-08-29 22:49:56',NULL,'15CDA527A91AAD8D66DF6133AFB70435','181.66.150.51',34),(212,1,'2023-08-29 23:01:49',NULL,'77A22C7D89752616C0A1025923AF0524','181.66.150.51',34),(213,1,'2023-08-29 23:23:57',NULL,'E8E0054A0CAC4120D908AD2D95248CFC','181.66.150.51',34),(214,1,'2023-08-30 01:37:02',NULL,'9573C0A0D4495EA3A8EECB494DF948FC','181.66.150.51',34),(215,1,'2023-08-30 01:41:47',NULL,'0B73263B5F71EB16372477DBD28EF0BE','181.66.150.51',34),(216,1,'2023-08-30 01:58:59',NULL,'7E469A91559261B0DEF90D1348A2C9CC','181.66.150.51',34),(217,1,'2023-08-30 02:36:23',NULL,'5D25C753646FD4FBAFA2AD063D0DBD63','181.66.150.51',34),(218,1,'2023-08-30 22:16:12',NULL,'752342542E936A1203016C073E461F0E','181.66.150.51',34),(219,1,'2023-08-30 22:22:00',NULL,'3A65E3500CDC1EA4A710297153CDAED3','181.66.150.51',34),(220,1,'2023-08-30 22:28:45',NULL,'B890A17168F0BEA4901FC93EE5E4BEBC','181.66.150.51',34),(221,1,'2023-08-30 22:46:38',NULL,'2C3A296011BF4E0409590C759EC4FFF3','181.66.150.51',34),(222,1,'2023-08-31 09:42:06',NULL,'11739F76507F73B4356310D1CC0EB099','181.66.150.51',34),(223,1,'2023-08-31 10:01:04',NULL,'B5AA8D1426BD531CB28B95408428B48E','181.66.150.51',34),(224,1,'2023-08-31 10:14:12',NULL,'397A64F3D88D3CC43C7E3A6458FD07C5','181.66.150.51',34),(225,1,'2023-08-31 11:31:54',NULL,'04B2A005F321B9B0B612D5A19EAFD1A5','181.66.150.51',34),(226,1,'2023-08-31 11:37:40',NULL,'05A0D68A7349EAC5E375FE00739B6838','181.66.150.51',34),(227,1,'2023-08-31 11:50:38',NULL,'A3118E79F130952731042FAD2E229CEB','181.66.150.51',34),(228,1,'2023-08-31 11:56:35',NULL,'7D2E1F48D45B15DD53EFDB9D17A479E1','181.66.150.51',34),(229,1,'2023-08-31 14:11:27',NULL,'F8901E4A254BD6A971E1C9AC92FED03C','181.66.139.68',34),(230,1,'2023-09-01 11:08:59',NULL,'3ADCFA1DB89C2A62FDAEBB7CC4542DAF','181.66.150.51',34),(231,1,'2023-09-01 11:12:06',NULL,'1F7598D55A0F29DEB11E1CB3EB3ADEB9','181.66.150.51',34),(232,1,'2023-09-01 11:28:54',NULL,'A34BFAC735D2BF13170BB204DB45E0B4','181.66.150.51',34),(233,1,'2023-09-01 11:39:34',NULL,'D4EF58538803D2C1CBC269DA360D5610','181.66.150.51',34),(234,1,'2023-09-01 11:42:58',NULL,'98FBA0E0DC7CAB2CC3C37ECAF721D9EB','181.66.150.51',34),(235,1,'2023-09-01 11:44:55',NULL,'DA97E46FB8A51B8217B3B067A419C104','181.66.150.51',34),(236,1,'2023-09-01 11:53:30',NULL,'A5FF8F25C96A1B7A65459FD9EE8B33EC','181.66.150.51',34),(237,1,'2023-09-01 11:59:51',NULL,'B078A6F3232249568B2967B9415E29E4','181.66.150.51',34),(238,1,'2023-09-01 12:13:55',NULL,'731F3A7E2C41A5D89432B06595A1F7B0','181.66.150.51',34),(239,1,'2023-09-01 12:18:54',NULL,'E57ABF0E24BFED0ABE2F636D850EF082','181.66.150.51',34),(240,1,'2023-09-01 14:41:16',NULL,'DE072C9B4C497CE1B681F36EDC0FFDA7','181.66.150.51',34),(241,1,'2023-09-08 01:03:45',NULL,'F77155CFAD12F18E3EFF4299609D787C','181.66.150.51',34),(242,1,'2023-09-08 01:06:00',NULL,'7175B7D53C04B89442DDEB4F6224FBF5','181.66.150.51',34),(243,1,'2023-09-08 01:08:28',NULL,'08D93E1F5E8F403F6485B2C97E82CF5C','181.66.150.51',34),(244,1,'2023-09-08 01:15:38',NULL,'068DDB320410CFEF473CF2F0E0FE22D1','181.66.150.51',34),(245,1,'2023-09-08 01:25:05',NULL,'9B8A44D237EA519C6A9A053C20B79812','181.66.150.51',34),(246,1,'2023-09-08 01:28:25',NULL,'82BB54726A413F330E41366C79459B68','181.66.150.51',34),(247,1,'2023-09-08 01:33:54',NULL,'E588D1A446BC580E580CDB7B5E125457','181.66.150.51',34),(248,1,'2023-09-08 01:36:30',NULL,'A0BA370E7665B46821FD9A2BF8B4D6D3','181.66.150.51',34),(249,1,'2023-09-08 01:49:06',NULL,'81591AEEAD2BD1CC1AE65B257C8F6797','181.66.150.51',34),(250,1,'2023-09-08 01:51:05',NULL,'2AD24CFC6E760B41288D18EB95DFE047','181.66.150.51',34),(251,1,'2023-09-08 02:20:19',NULL,'5FF424B3DB44DBF29F77DFB4BFCE59A6','181.66.150.51',34),(252,1,'2023-09-08 09:11:32',NULL,'66C29CF79AEDE16B6A2D34D4016675C9','181.66.150.51',34),(253,1,'2023-09-08 09:13:07',NULL,'322FA67EB36F9D0FF673341EA5B73CA2','181.66.150.51',34),(254,1,'2023-09-28 22:20:01',NULL,'07821B1D83DCA5F60EAED6963E94A3E2','181.66.150.51',34),(255,1,'2023-10-03 20:09:04',NULL,'A2B6D2A17716C92B648610A7F1538DAA','181.66.150.51',1),(256,1,'2023-10-03 20:11:36',NULL,'186F716EE34CF75CF44A7D8C7383715C','181.66.150.51',34),(257,1,'2023-10-03 21:31:47',NULL,'6DED5D7C70FC7C512B01A6206DFB4304','181.66.150.51',1),(258,1,'2023-10-03 21:48:16',NULL,'7A706994747AEA6415B76C79E3A312CD','181.66.150.51',1),(259,1,'2023-10-03 22:15:36',NULL,'F6FA8EFEBC06911F7C4D4FD5E1A88B7B','181.66.150.51',34),(260,1,'2023-10-03 22:53:36',NULL,'83A621D6D0F749AD1CF8AED1E02C250A','181.66.150.51',34),(261,1,'2023-10-04 18:03:04',NULL,'E7DEB8AB2EBEB8056045FFF4DB4C8A26','181.66.138.238',34),(262,1,'2023-10-04 18:42:25',NULL,'845FA000E02EDD1C5A8FC445FFD08AEB','181.66.138.238',34),(263,1,'2023-10-04 18:49:27',NULL,'FF23B55627305498EC655DF522A79FEA','181.66.138.238',34),(264,1,'2023-10-11 22:10:01',NULL,'605642BDF603534897713253F9BC4D05','181.66.150.51',34),(265,1,'2023-10-11 23:11:47',NULL,'1F37FBB373E84F613F51D0E1548BCCE9','181.66.150.51',34),(266,1,'2023-10-11 23:44:02',NULL,'91FDF06DD46CD021071F6344C9B18196','181.66.150.51',34),(267,1,'2023-10-12 00:08:18',NULL,'D93C1CCE396BCB340C00957F314B80C4','181.66.150.51',34),(268,1,'2023-10-12 00:21:54',NULL,'04258C5259E96BCAF42882D047D0EF7D','181.66.150.51',34),(269,1,'2023-10-15 18:09:30',NULL,'03239C061F592C2112B3B079326B04C4','181.66.150.51',34),(270,1,'2023-10-19 22:15:25',NULL,'931B5760A84745975F3530E9D05C2F23','181.66.150.51',34),(271,1,'2023-10-19 22:23:26',NULL,'2628EF1C9C9CAA03A3EF8E672AD33F34','181.66.150.51',34),(272,1,'2023-10-19 23:01:40',NULL,'2E9B3189325412875C34F443689FEEBD','181.66.150.51',34),(273,1,'2023-10-19 23:03:09',NULL,'2E6126BB29FBE212AA34F656A71063BE','181.66.150.51',34),(274,1,'2023-10-19 23:06:20',NULL,'333EDA40BB5A8D6DF056DF5C9A5D2B1E','181.66.150.51',34),(275,1,'2023-10-20 00:34:24',NULL,'1389FF68507A5E9952CC647EE42FD63A','181.66.150.51',34),(276,1,'2023-10-20 00:42:22',NULL,'FDA9E3697DD5F524B47AD5BAEA3741DA','181.66.150.51',34),(277,1,'2023-10-20 01:15:31',NULL,'67D63E38E04C8364019C59FE8C5C2F98','181.66.150.51',34),(278,1,'2023-10-20 01:18:30',NULL,'6475BD27E32761189701F021110AF44D','181.66.150.51',34),(279,1,'2023-10-20 01:24:01',NULL,'50229B97E57C288504B86B1142E6D4EB','181.66.150.51',34),(280,1,'2023-10-20 01:29:31',NULL,'8E86CA6BA90AC60B2645BF1A41B60809','181.66.150.51',34),(281,1,'2023-10-20 01:37:07',NULL,'60F6E242CD367F3DEED35CF313844D6E','181.66.150.51',34),(282,1,'2023-11-07 22:02:02',NULL,'54413BDCE5754A5B705A31FA5E8F60CC','181.66.150.51',34),(283,1,'2023-11-09 04:19:47',NULL,'5E0D737CC137B2BBCB1FEFAC010DAE25','181.66.150.51',34),(284,1,'2023-11-09 04:20:22',NULL,'9F47426CE58F2896188F3A7E5EAF962F','181.66.150.51',1),(285,1,'2023-11-09 04:23:26',NULL,'F8BAFB8161DC970CA0FDE5360F9E3864','181.66.150.51',1),(286,1,'2023-11-09 04:26:12',NULL,'76DD82D58D7FBAE55732436643AA1E52','181.66.150.51',34),(287,1,'2023-11-09 04:29:02',NULL,'E08C60314B0DB4F940297949A9D14881','181.66.150.51',34),(288,1,'2023-11-09 04:43:45',NULL,'5FE3F21BB650D6C5C240A50B0335F769','181.66.150.51',34),(289,1,'2023-11-09 04:44:51',NULL,'A56D987DB78E999EF12489BED650DEBB','181.66.150.51',1),(290,1,'2023-11-09 04:45:44',NULL,'3E2D71CF730E91515B5D71FFE870BBA9','181.66.150.51',34),(291,1,'2023-11-15 00:46:51',NULL,'FDD28FD29071810EBD4EC1F7D7C163AF','181.66.150.51',34),(292,1,'2023-11-15 00:55:48',NULL,'6A7B9A05CA51444BD8ABF9DE3F505AB7','181.66.150.51',34),(293,1,'2023-11-15 01:09:35',NULL,'39407706B6C6E91097FA574C83A0F92B','181.66.150.51',34),(294,1,'2023-11-15 01:15:10',NULL,'A4B2D493772A98C93E3B3BA79CEF8963','181.66.150.51',34),(295,1,'2023-11-15 02:24:48',NULL,'44B9CEA5DA6808F0174B5C39D0DD2AB1','181.66.150.51',34),(296,1,'2023-11-15 03:33:05',NULL,'45B6185E17BB2D9F7BDE45F113286C16','181.66.150.51',34),(297,1,'2023-11-15 03:34:58',NULL,'D224AD11440EDF5151921357DF32E243','181.66.150.51',34),(298,1,'2023-11-15 03:39:42',NULL,'D4866CB09FF7A91BFDD07A833CFF678F','181.66.150.51',34),(299,1,'2023-11-15 03:48:12',NULL,'80F3D448951546E7FF0228D7ED59D408','181.66.150.51',34),(300,1,'2023-11-15 03:51:45',NULL,'26EF9DA19212998716B5A202673C1B76','181.66.150.51',34),(301,1,'2023-11-15 03:53:13',NULL,'9FCE96C5B51F824CB72D3A8E9CFC31A6','181.66.150.51',34),(302,1,'2023-11-15 04:05:59',NULL,'4A29A1CBEAE17A7FFD3C4425582474E4','181.66.150.51',34),(303,1,'2023-11-17 01:45:28',NULL,'082CC823D4E24E4629FBABA286A03768','181.66.150.51',34),(304,1,'2023-11-17 02:59:29',NULL,'84FCEA90D1AF4E5529278FE22D37D673','181.66.150.51',34),(305,1,'2023-11-23 17:31:08',NULL,'49B2A95B0ED2F1303BEA4E494B159109','181.66.150.51',34),(306,1,'2023-11-23 17:48:22',NULL,'BABFB0838FA9E9376C9C4F8872836C8F','181.66.150.51',34),(307,1,'2023-11-23 17:57:10',NULL,'C945766B26BFD04E739A00253B1F2503','181.66.150.51',34),(308,1,'2023-11-23 18:08:50',NULL,'88FAE6DF050966DD9DB532ACBC668C7E','181.66.150.51',34),(309,1,'2023-11-23 18:16:05',NULL,'8FC1A55C27CEE3275EB15F6F0D72B79C','181.66.150.51',34),(310,1,'2023-11-23 18:20:15',NULL,'392A57BB7ACDA4A3FFE511DF73208910','181.66.150.51',34),(311,1,'2023-11-23 18:30:24',NULL,'737396C2133996E678939D5455914DC4','181.66.150.51',34),(312,1,'2023-11-23 18:34:01',NULL,'1BF2BEAB91679B886E39CFEAE6ED8637','181.66.150.51',34),(313,1,'2023-11-24 01:43:39',NULL,'49A56DD30C6AA044D6B3E49D8A3C129A','181.66.150.51',34),(314,1,'2023-11-24 01:45:03',NULL,'227307E9140AB79CDEECB7341A3EDCC9','181.66.150.51',34),(315,1,'2023-11-24 02:02:38',NULL,'01B8B0C04687B3CB8C18F8180A53BDF8','181.66.150.51',34),(316,1,'2023-11-24 05:38:30',NULL,'4C2C7CEFFB69AA42A16F791DF99A359F','181.66.150.51',34),(317,1,'2023-11-24 05:43:21',NULL,'D35FD8C125D05359E5B85D4C40EBEBCA','181.66.150.51',34),(318,1,'2023-11-24 05:55:14',NULL,'B1B371C9217890C7D2AACC86AF843054','181.66.150.51',34),(319,1,'2023-11-24 06:33:50',NULL,'C949FF9903C2C915E54B0ED415EC8BDB','181.66.150.51',34),(320,1,'2023-11-24 06:54:14',NULL,'663871A323052D13F828B16824AA5235','181.66.150.51',34),(321,1,'2023-11-24 13:10:58',NULL,'46D3FBD967C9AED9B6DCB3B8E5920E26','181.66.150.51',34),(322,1,'2023-11-24 13:57:23',NULL,'BEA1B8EDF93919C773C0B1243B1CD5E7','181.66.150.51',34),(323,1,'2023-11-24 15:54:04',NULL,'81274B1FB91ABA0FF08B72F0BF441012','181.66.150.51',34),(324,1,'2023-11-24 15:59:17',NULL,'2967AC34FEB7CA9508C097798D69FE9E','181.66.150.51',34),(325,1,'2023-11-24 16:33:55',NULL,'CE70A003DDA2DF651399BF932E209EC5','181.66.150.51',34),(326,1,'2023-12-13 23:53:44',NULL,'028A2FC054212217D405009013E2DD91','181.66.176.179',34),(327,1,'2023-12-21 21:34:07',NULL,'0DCD5FCBA11FCC6433ADFCAECDF3AAA5','181.66.150.51',34),(328,1,'2023-12-21 21:59:28',NULL,'4E03A25C5EA5AB80D5A61DFDABC6D709','181.66.150.51',34),(329,1,'2023-12-22 00:58:47',NULL,'705166C1BB371CB55AD080734FC7AA87','181.66.150.51',34),(330,1,'2023-12-22 12:02:16',NULL,'E2BB7E945225FC5061BD6F76D492BEA3','181.66.150.51',34),(331,1,'2023-12-22 12:03:41',NULL,'7698243ACB596703057E438BDA5F2131','181.66.150.51',34),(332,1,'2023-12-22 15:26:19',NULL,'1ADA0F76CF00A684A92666B6DD96F41B','181.66.150.51',34),(333,1,'2023-12-22 16:14:01',NULL,'2803AA856C19CE29FE13AD2AA5585585','181.66.150.51',34),(334,1,'2023-12-22 16:15:09',NULL,'2A4D6084CEB174B9C59E52713D215E68','181.66.150.51',34),(335,1,'2023-12-22 16:20:47',NULL,'2F05E9C8C66CD784906D58E5B305D727','181.66.150.51',34),(336,1,'2023-12-22 16:22:24',NULL,'4C9CEAFA877C9FF2C32F11565993A805','181.66.150.51',34),(337,1,'2023-12-22 16:27:05',NULL,'186E526286FDCAA1E8421CE7005725FE','181.66.150.51',34),(338,1,'2023-12-22 16:49:37',NULL,'9E0E5DDAF664DDD4773BB108A4B34585','181.66.150.51',34),(339,1,'2023-12-22 16:51:59',NULL,'1BA8565D27E50A1DBC413DD8803E3416','181.66.150.51',34),(340,1,'2023-12-22 16:55:01',NULL,'CC6AC146B2EA3BFC6572AB1039F3763C','181.66.150.51',34),(341,1,'2023-12-22 16:57:11',NULL,'2E5719A770E76CE66AFFE657DDC9D91C','181.66.150.51',34),(342,1,'2023-12-22 17:01:06',NULL,'5D5F204F4C002EF1E6FC8BEB049BDB7C','181.66.150.51',34),(343,1,'2023-12-22 18:13:53',NULL,'F2DC9550ABBFA37CE13A7BAB453EF4EE','181.66.150.51',34),(344,1,'2024-01-24 16:18:46',NULL,'3E30A7FFB2F8267747499FD4C7739416','190.42.16.225',34),(345,1,'2024-01-24 17:12:34',NULL,'76519B0CD17ABA31461E9ACB2BE527AB','190.42.16.225',34),(346,1,'2024-01-24 23:00:51',NULL,'1A26181A6980AE44E95BE2E7827037EC','181.66.150.51',34),(347,1,'2024-01-24 23:14:40',NULL,'A32045AEEB54F39C8CD33B4A94EE13F4','181.66.150.51',34),(348,1,'2024-01-24 23:17:47',NULL,'D0E29D3881AAB07F8E3434D1A214B090','181.66.150.51',34),(349,1,'2024-03-05 18:12:07',NULL,'BB37A756016A0855759E461E3EEEBB58','181.66.177.115',34),(350,1,'2025-09-02 09:16:46',NULL,'10A64F2572CDCA576C506D44CC573104','181.66.151.193',34),(351,1,'2025-09-02 09:39:49',NULL,'EB38456B0452DF3878D84B82871BC097','181.66.151.193',34),(352,1,'2025-09-02 09:41:00',NULL,'88993104EC4AE149D9CCA66BDE204229','181.66.151.193',1),(353,1,'2025-09-02 09:41:42',NULL,'24ACFFB59E67D964FA9B4676241A29C8','181.66.151.193',34),(354,1,'2025-09-02 09:42:08',NULL,'357F307B7947B3C2DD30A755B2B10164','181.66.151.193',1),(355,1,'2025-09-02 09:43:24',NULL,'82B1823797F46B5D07810E3AB246EE76','181.66.151.193',34);
/*!40000 ALTER TABLE `session` ENABLE KEYS */;
UNLOCK TABLES;

--
-- Table structure for table `user`
--

DROP TABLE IF EXISTS `user`;
/*!40101 SET @saved_cs_client     = @@character_set_client */;
/*!50503 SET character_set_client = utf8mb4 */;
CREATE TABLE `user` (
  `id` int NOT NULL AUTO_INCREMENT,
  `username` varchar(50) DEFAULT NULL,
  `password` varchar(255) DEFAULT NULL,
  `status` varchar(20) DEFAULT NULL,
  `entidadrole_id` int DEFAULT NULL,
  `question` varchar(255) DEFAULT NULL,
  `answer` varchar(255) DEFAULT NULL,
  `dateCreated` datetime DEFAULT NULL,
  `dateUpdated` datetime DEFAULT NULL,
  `createdBy` varchar(45) DEFAULT NULL,
  `updatedBy` varchar(45) DEFAULT NULL,
  `version` int DEFAULT NULL,
  `activationDate` datetime DEFAULT NULL,
  `inactivationDate` datetime DEFAULT NULL,
  PRIMARY KEY (`id`)
) ENGINE=InnoDB AUTO_INCREMENT=8 DEFAULT CHARSET=utf8mb3;
/*!40101 SET character_set_client = @saved_cs_client */;

--
-- Dumping data for table `user`
--

LOCK TABLES `user` WRITE;
/*!40000 ALTER TABLE `user` DISABLE KEYS */;
INSERT INTO `user` VALUES (1,'ecalla','$2a$10$kHYeZT1mALmgExCEwhK63OdoePUSKSKQDLkin8CmegrLwCe4gPiSu','S_ACTIVE',1,'animal favorito','perro','2017-05-14 22:34:13','2021-11-12 01:15:20',NULL,'ecalla',9,'2017-05-14 22:34:13',NULL),(6,'asdasd','$2a$10$7DbUuKmnH7FfOX/TZFKnTu6hQ5WKVP4Cd4e.uIlHo687pIOrlKAFK','S_NEW',1,'asdasd','asdasd','2018-05-28 10:29:27','2021-10-21 10:06:36','ecalla','ecalla',6,NULL,NULL),(7,'dummy','$2a$10$U1gCYcLmhjtCTsThp35IAei9mp8KuCfWxv3JW35Byv3VMqGTGuG5C','S_NEW',6,'dummy','dummy','2021-10-22 01:23:05',NULL,'ecalla',NULL,0,NULL,NULL);
/*!40000 ALTER TABLE `user` ENABLE KEYS */;
UNLOCK TABLES;

--
-- Final view structure for view `rolepermissionview`
--

/*!50001 DROP VIEW IF EXISTS `rolepermissionview`*/;
/*!50001 SET @saved_cs_client          = @@character_set_client */;
/*!50001 SET @saved_cs_results         = @@character_set_results */;
/*!50001 SET @saved_col_connection     = @@collation_connection */;
/*!50001 SET character_set_client      = utf8mb3 */;
/*!50001 SET character_set_results     = utf8mb3 */;
/*!50001 SET collation_connection      = utf8mb3_general_ci */;
/*!50001 CREATE ALGORITHM=UNDEFINED */
/*!50013 DEFINER=`root`@`localhost` SQL SECURITY DEFINER */
/*!50001 VIEW `rolepermissionview` AS select `p`.`module_id` AS `module_id`,`p`.`name` AS `permission_name`,`p`.`description` AS `permission_description`,`p`.`path` AS `path`,`p`.`enabled` AS `permission_enabled`,`p`.`parent_permission_id` AS `parent_permission_id`,`rp`.`permission_id` AS `permission_id`,`rp`.`role_id` AS `role_id`,`r`.`name` AS `role_name`,`r`.`description` AS `role_description`,`r`.`enabled` AS `role_enabled` from ((`role` `r` join `rolepermission` `rp` on((`r`.`id` = `rp`.`role_id`))) join `permission` `p` on((`rp`.`permission_id` = `p`.`id`))) */;
/*!50001 SET character_set_client      = @saved_cs_client */;
/*!50001 SET character_set_results     = @saved_cs_results */;
/*!50001 SET collation_connection      = @saved_col_connection */;

--
-- Final view structure for view `roleuserview`
--

/*!50001 DROP VIEW IF EXISTS `roleuserview`*/;
/*!50001 SET @saved_cs_client          = @@character_set_client */;
/*!50001 SET @saved_cs_results         = @@character_set_results */;
/*!50001 SET @saved_col_connection     = @@collation_connection */;
/*!50001 SET character_set_client      = utf8mb3 */;
/*!50001 SET character_set_results     = utf8mb3 */;
/*!50001 SET collation_connection      = utf8mb3_general_ci */;
/*!50001 CREATE ALGORITHM=UNDEFINED */
/*!50013 DEFINER=`root`@`localhost` SQL SECURITY DEFINER */
/*!50001 VIEW `roleuserview` AS select `r`.`name` AS `name`,`r`.`description` AS `description`,`r`.`enabled` AS `role_enabled`,`ru`.`role_id` AS `role_id`,`ru`.`user_id` AS `user_id`,`u`.`username` AS `username`,`u`.`password` AS `password`,`u`.`status` AS `user_status`,`u`.`entidadrole_id` AS `entidadrole_id`,`u`.`question` AS `question`,`u`.`answer` AS `answer`,`u`.`activationDate` AS `activationdate`,`u`.`inactivationDate` AS `inactivationdate` from ((`role` `r` join `roleuser` `ru` on((`r`.`id` = `ru`.`role_id`))) join `user` `u` on((`ru`.`user_id` = `u`.`id`))) */;
/*!50001 SET character_set_client      = @saved_cs_client */;
/*!50001 SET character_set_results     = @saved_cs_results */;
/*!50001 SET collation_connection      = @saved_col_connection */;
/*!40103 SET TIME_ZONE=@OLD_TIME_ZONE */;

/*!40101 SET SQL_MODE=@OLD_SQL_MODE */;
/*!40014 SET FOREIGN_KEY_CHECKS=@OLD_FOREIGN_KEY_CHECKS */;
/*!40014 SET UNIQUE_CHECKS=@OLD_UNIQUE_CHECKS */;
/*!40101 SET CHARACTER_SET_CLIENT=@OLD_CHARACTER_SET_CLIENT */;
/*!40101 SET CHARACTER_SET_RESULTS=@OLD_CHARACTER_SET_RESULTS */;
/*!40101 SET COLLATION_CONNECTION=@OLD_COLLATION_CONNECTION */;
/*!40111 SET SQL_NOTES=@OLD_SQL_NOTES */;

-- Dump completed on 2026-01-23  0:18:09
